RowNumber,CustomerId,Surname,CreditScore,Geography,Gender,Age,Tenure,Balance,NumOfProducts,HasCrCard,IsActiveMember,EstimatedSalary,Exited
1,8303189417,Rathore,623,Jaipur Gramin,Female,42,2,0,1,1,1,8614654.8,1
2,8337334548,Gupta,610,Jaipur City,Female,41,1,7123668.1,1,0,1,9566119.3,0
3,8611032290,Khandelwal,482,Jaipur Gramin,Female,42,8,13571168,3,1,0,9684183.45,1
4,8354644712,Maheshwari,719,Jaipur Gramin,Female,39,1,0,2,0,0,7975263.55,0
5,8848478759,Singh,900,Jaipur City,Female,43,2,10668419.7,1,1,1,6722148.5,0
6,8663661890,Jat,654,Jaipur City,Male,44,8,9669241.3,2,1,0,12729320.35,1
7,8987849880,Khandelwal,866,Jaipur Gramin,Male,50,7,0,2,1,1,855338,0
8,8814166654,Saini,331,Jaipur  Urban,Female,29,4,9778972.9,4,1,0,10144484.8,1
9,8462803180,Rathore,481,Jaipur Gramin,Male,44,4,12074340.95,2,0,1,6369942.5,0
10,8044925925,Agarwal,701,Jaipur Gramin,Male,27,2,11441329.8,1,1,1,6096687.05,0
11,8274452460,Meena,514,Jaipur Gramin,Male,31,6,8671421.2,2,0,0,6815395.2,0
12,8037763126,Rathore,476,Jaipur City,Male,24,3,0,2,1,0,6493150.85,0
13,8319264723,Singh,451,Jaipur Gramin,Female,34,10,0,2,1,0,2232183.3,0
14,8285431219,Singh,539,Jaipur Gramin,Female,25,5,0,2,0,0,16222912.15,0
15,8495479467,Jat,642,Jaipur City,Female,35,7,0,2,1,1,5605890.25,0
16,8373520492,Saini,619,Jaipur  Urban,Male,45,3,12165999.85,2,0,1,5467817.1,0
17,8514027361,Gupta,664,Jaipur  Urban,Male,58,1,11271244.8,1,1,0,433301.95,1
18,8228577236,Jat,539,Jaipur City,Female,24,9,0,2,1,1,1224544.85,0
19,8954455223,Jat,584,Jaipur City,Male,45,6,0,1,0,0,13488208.85,0
20,8930111414,Meena,751,Jaipur Gramin,Female,24,6,0,2,1,1,4651542.55,0
21,8914322799,Choudhary,758,Jaipur Gramin,Male,41,8,0,2,1,1,14525324.45,0
22,8836261846,Saini,643,Jaipur City,Female,32,8,0,2,1,0,11777214.1,0
23,8613790917,Verma,492,Jaipur City,Female,38,4,0,1,1,0,10107650.05,1
24,8364549490,Jat,683,Jaipur Gramin,Male,46,3,0,2,0,1,721458.75,0
25,8037413236,Jain,895,Jaipur Gramin,Female,38,5,0,1,1,1,15947373.6,0
26,8304315340,Paliwal,572,Jaipur Gramin,Male,25,3,0,2,0,1,10583204.65,0
27,8417437168,Choudhary,787,Jaipur  Urban,Male,36,2,11629329.4,1,1,1,14453565.75,0
28,8685456982,Verma,565,Jaipur Gramin,Male,44,9,0,2,0,0,3266834.75,0
29,8189761736,Jain,569,Jaipur  Urban,Female,43,3,12014701.55,1,1,1,8515931.55,0
30,8026559312,Saini,373,Jaipur Gramin,Male,29,0,5074259.45,2,1,1,4546072.85,0
31,8537799164,Sharma,589,Jaipur City,Female,39,3,0,3,1,0,11939897.3,1
32,8260633921,Jain,520,Jaipur Gramin,Male,36,7,7251494.5,1,0,1,13322212.35,0
33,8805906706,Agarwal,544,Jaipur  Urban,Male,41,9,9359565.9,2,0,0,6961398.85,0
34,8851990738,Choudhary,504,Jaipur City,Female,42,6,0,2,1,1,2924896.75,0
35,8771826167,Khandelwal,746,Jaipur City,Female,29,9,0,2,1,1,12072810.95,0
36,8392241030,Jain,450,Jaipur Gramin,Female,45,0,11412443.4,1,1,0,2364954.15,1
37,8301427829,Aggarwal,468,Jaipur City,Male,31,3,12347119.55,1,0,1,9695675.45,0
38,8693412542,Sharma,845,Jaipur City,Male,33,7,6506631,1,0,1,8368543.25,0
39,8473288233,Singh,900,Jaipur Gramin,Male,36,7,0,1,1,1,3469096.5,0
40,8905148457,Singh,578,Jaipur  Urban,Male,41,6,5979705.8,2,0,1,15136293.4,0
41,8826229050,Maheshwari,446,Jaipur City,Male,40,4,0,1,1,0,5963108.7,0
42,8161233683,Agarwal,438,Jaipur Gramin,Female,51,8,10414397.2,1,0,0,15410300.25,1
43,8164071752,Jain,547,Jaipur Gramin,Female,61,2,9980644.75,1,1,1,8003075.55,0
44,8060974096,Jain,881,Jaipur Gramin,Female,49,2,11168537.6,1,0,0,16521089.6,1
45,8103256346,Maheshwari,672,Jaipur City,Female,61,5,13254144.35,1,1,1,13458763.15,0
46,8032779182,Paliwal,811,Jaipur  Urban,Female,32,4,9300796.05,2,1,1,10753984.1,0
47,8146628865,Paliwal,875,Jaipur  Urban,Female,27,9,9523881.95,1,1,1,10175197.85,1
48,8858751550,Maheshwari,644,Jaipur  Urban,Female,39,9,11716723,1,1,1,9997938,1
49,8808907325,Paliwal,540,Jaipur  Urban,Male,38,2,8788267.3,1,0,1,7724641.05,0
50,8828537443,Meena,811,Jaipur  Urban,Female,37,2,8820383.7,2,1,0,16498425.2,0
51,8915438404,Jain,718,Jaipur  Urban,Male,44,10,9890886.45,2,1,0,16835028.6,0
52,8503272913,Rathore,582,Jaipur  Urban,Male,36,5,12414332.45,2,0,0,7346088.45,0
53,8161109364,Gupta,826,Jaipur Gramin,Female,33,5,0,2,0,0,9943146.15,0
54,8884089589,Aggarwal,666,Jaipur  Urban,Male,41,8,10672767.45,1,0,0,13943479.9,1
55,8164154106,Meena,601,Jaipur  Urban,Male,42,1,8372136.2,1,1,0,3401254.6,1
56,8143123536,Saini,623,Jaipur Gramin,Male,43,1,10643013.2,1,1,1,9639891.65,0
57,8569579046,Meena,667,Jaipur Gramin,Male,45,5,10868474,1,1,0,7404143.45,0
58,8668491299,Rathore,750,Jaipur  Urban,Male,19,0,6450497,1,0,0,3877168.75,0
59,8416520615,Saini,493,Jaipur City,Female,66,4,0,1,1,0,139664.35,1
60,8726544812,Aggarwal,617,Jaipur Gramin,Male,51,4,3458303.2,1,1,1,3975898.8,0
61,8239259011,Rathore,770,Jaipur  Urban,Male,35,5,11632845,1,0,0,7183313.45,0
62,8976918501,Verma,704,Jaipur  Urban,Female,27,9,12947954.8,2,0,0,10752059.7,0
63,8555011992,Gupta,546,Jaipur City,Male,33,1,4767198.65,2,0,0,15197841.05,0
64,8443743940,Aggarwal,701,Jaipur City,Male,56,8,6690108.6,1,1,1,8448860.6,0
65,8247996061,Jain,604,Jaipur  Urban,Male,26,4,9279141.45,1,1,1,7891456.95,0
66,8408074435,Paliwal,781,Jaipur  Urban,Female,36,6,14435674.1,2,1,1,2359460.6,0
67,8443435735,Verma,577,Jaipur  Urban,Female,34,1,8638808.4,1,1,0,9386678.35,0
68,8253618460,Agarwal,762,Jaipur  Urban,Male,43,10,10470300.85,2,1,1,16717228.8,0
69,8976078792,Aggarwal,673,Jaipur  Urban,Female,35,5,12811670.05,2,0,1,9660832.25,0
70,8093046979,Agarwal,690,Jaipur Gramin,Female,21,8,8361727.1,1,1,0,1547255,0
71,8188064050,Saini,766,Jaipur  Urban,Male,58,2,11368362.4,4,1,0,2411778.1,1
72,8445630103,Verma,856,Jaipur Gramin,Male,29,6,0,1,1,0,2886078.95,0
73,8837390349,Gupta,668,Jaipur City,Female,37,0,13906610.3,1,0,1,3757301.75,0
74,8195086148,Jain,605,Jaipur  Urban,Female,25,5,13411371.4,2,1,1,4966278.85,0
75,8065141905,Maheshwari,503,Jaipur Gramin,Male,36,9,0,2,0,1,12372804,0
76,8388949929,Jain,762,Jaipur Gramin,Female,21,1,15191046.15,2,1,0,1902980,0
77,8721568466,Rathore,677,Jaipur Gramin,Male,55,8,0,2,1,1,11828739.4,0
78,8478208779,Jain,694,Jaipur Gramin,Female,32,9,0,1,1,1,12597904.4,0
79,8572634321,Khandelwal,788,Jaipur City,Male,33,5,6566523.7,1,0,1,16510368.55,0
80,8519578128,Jat,379,Jaipur  Urban,Female,41,10,10386121.1,2,1,0,8355636.85,0
81,8437424925,Maheshwari,678,Jaipur Gramin,Female,34,1,8214870.9,2,0,0,14570161.1,0
82,8095142231,Meena,812,Jaipur Gramin,Female,32,2,0,1,1,0,11598946.15,1
83,8288583370,Paliwal,532,Jaipur Gramin,Female,36,3,0,2,0,0,2211665.15,0
84,8732130914,Sharma,487,Jaipur Gramin,Female,34,4,7676147.7,1,1,1,13534999.65,0
85,8058676502,Gupta,472,Jaipur Gramin,Female,46,4,0,2,1,0,162151.1,0
86,8577741008,Verma,662,Jaipur City,Female,75,10,0,2,1,1,9747438.75,0
87,8625889920,Jat,780,Jaipur City,Male,22,3,10342954.7,1,1,0,10934684.75,1
88,8416435534,Gupta,755,Jaipur Gramin,Male,30,9,0,2,1,0,12908894.75,0
89,8124314911,Verma,655,Jaipur Gramin,Female,46,4,0,3,1,0,7926370.7,1
90,8780855547,Paliwal,642,Jaipur  Urban,Female,28,3,6938011.95,2,1,1,13327265.6,0
91,8136493326,Choudhary,656,Jaipur City,Female,44,5,0,3,1,1,14807443.7,1
92,8139110299,Choudhary,850,Jaipur Gramin,Male,45,7,10083256.75,2,1,0,12506259.1,0
93,8368694971,Agarwal,509,Jaipur Gramin,Female,36,10,0,2,1,0,9317238.45,0
94,8189040636,Gupta,803,Jaipur Gramin,Male,29,8,0,2,1,1,14644701.85,0
95,8059556258,Choudhary,756,Jaipur City,Male,42,4,0,2,0,1,7308509.95,0
96,8328517333,Khandelwal,498,Jaipur City,Male,35,10,14983285.75,1,0,1,10308611.3,0
97,8200338202,Maheshwari,808,Jaipur City,Male,41,9,8740332.4,1,0,1,5490596.25,0
98,8395435218,Verma,857,Jaipur  Urban,Male,29,8,8252344,2,1,1,16768471.05,0
99,8377877868,Agarwal,732,Jaipur City,Male,22,8,0,2,0,0,8469828.4,0
100,8257606731,Jain,376,Jaipur Gramin,Male,34,9,0,2,0,0,555405.3,0
101,8882572947,Verma,678,Jaipur Gramin,Female,40,6,0,1,1,1,13757082.55,0
102,8805325524,Agarwal,628,Jaipur Gramin,Female,44,6,0,2,0,0,14208806.55,0
103,8963717552,Paliwal,766,Jaipur Gramin,Male,31,9,7027302.75,1,1,0,3567511.2,0
104,8002570348,Gupta,514,Jaipur City,Male,36,7,0,2,1,0,5145607.6,0
105,8019339904,Paliwal,684,Jaipur City,Female,65,1,0,1,1,1,15100732.8,1
106,8046597166,Maheshwari,626,Jaipur City,Female,46,4,9101227.95,2,1,1,2633690.15,1
107,8616520058,Maheshwari,578,Jaipur  Urban,Male,32,1,7559782.7,1,1,1,854635.05,0
108,8039028538,Jat,822,Jaipur  Urban,Female,36,2,8483582.25,1,0,1,3143004.2,0
109,8796324959,Paliwal,606,Jaipur City,Male,33,5,12757888,1,0,0,6108337.15,0
110,8636933053,Rathore,455,Jaipur  Urban,Male,35,9,7890880.65,1,1,0,8453238.1,1
111,8781955174,Jain,702,Jaipur  Urban,Male,30,3,7695628.85,1,0,1,5362044.8,0
112,8047647611,Aggarwal,526,Jaipur  Urban,Male,39,7,9184683.5,2,1,0,2314657.1,0
113,8055245653,Paliwal,554,Jaipur Gramin,Male,42,2,8520259.75,1,0,0,7377779.85,0
114,8839742609,Jat,690,Jaipur City,Male,36,9,9026196.75,1,0,1,1954517.2,0
115,8407152495,Saini,745,Jaipur  Urban,Male,28,9,13130420.9,2,0,1,8610579.9,1
116,8931872685,Khandelwal,634,Jaipur  Urban,Female,30,9,11249859.65,2,1,1,6304376.05,0
117,8341901215,Verma,682,Jaipur  Urban,Female,37,6,14268474,1,1,0,9829254.65,0
118,8305798170,Maheshwari,487,Jaipur Gramin,Female,41,1,0,2,1,0,2700135.5,0
119,8888870619,Saini,509,Jaipur  Urban,Female,31,8,9164583.55,1,1,0,16976658.15,1
120,8487184913,Jat,719,Jaipur  Urban,Male,34,4,15739773.85,2,1,0,10270930.8,0
121,8662913018,Agarwal,874,Jaipur Gramin,Male,34,8,11001833.9,2,0,0,3241200.45,0
122,8598934182,Aggarwal,689,Jaipur City,Male,39,6,10216440.7,1,0,0,8511130.75,0
123,8526219184,Jain,667,Jaipur Gramin,Female,39,6,0,2,1,0,11990939.8,0
124,8297239516,Jain,701,Jaipur  Urban,Female,48,10,10742675.7,1,1,1,16840995.6,0
125,8506718635,Jain,630,Jaipur Gramin,Female,28,3,0,1,0,0,15609944.85,0
126,8859465287,Khandelwal,398,Jaipur Gramin,Male,42,9,12971293.25,1,1,0,9372545.4,1
127,8356936501,Aggarwal,539,Jaipur Gramin,Female,52,1,0,1,0,1,734064.25,1
128,8755172830,Khandelwal,630,Jaipur  Urban,Male,56,0,12623115.4,1,1,0,3980046.8,1
129,8936363773,Maheshwari,874,Jaipur Gramin,Female,41,7,0,2,1,0,14567195.45,0
130,8687166625,Khandelwal,804,Jaipur Gramin,Male,24,9,8655300.95,1,1,0,14216789.75,0
131,8524173126,Sharma,790,Jaipur Gramin,Female,34,3,0,2,1,1,10559223.6,0
132,8596005795,Aggarwal,834,Jaipur  Urban,Female,33,9,11123306.55,1,1,1,9769492.85,0
133,8397067665,Rathore,704,Jaipur Gramin,Male,38,9,10418523.95,1,1,1,3026754.8,0
134,8564411899,Aggarwal,703,Jaipur Gramin,Male,25,1,0,2,0,1,1399046.45,0
135,8892924965,Jat,827,Jaipur  Urban,Male,39,7,10610419.1,2,1,1,10574941.8,0
136,8053622714,Sharma,587,Jaipur  Urban,Female,50,5,12316079.25,2,1,1,2970004.55,0
137,8620534270,Jain,433,Jaipur  Urban,Female,34,5,5411434.05,1,0,1,14261663.8,0
138,8348817800,Jat,644,Jaipur Gramin,Male,40,2,11344363.5,1,0,1,7919053.9,0
139,8502769658,Jat,581,Jaipur City,Female,48,2,18117427,1,1,0,6388706.25,1
140,8937024200,Maheshwari,575,Jaipur City,Female,35,1,11006680.6,2,0,1,730220.55,1
141,8534387911,Singh,787,Jaipur  Urban,Male,44,10,11683427.65,1,1,0,16111231.5,0
142,8930866430,Meena,676,Jaipur Gramin,Male,34,7,0,2,1,1,15336315.4,0
143,8427766962,Sharma,698,Jaipur Gramin,Female,43,5,10697414.05,1,1,1,16432058.05,0
144,8893946402,Jat,832,Jaipur City,Male,52,2,0,1,1,0,13525524.7,1
145,8216257105,Meena,709,Jaipur Gramin,Female,31,5,3477821.75,1,1,0,10728176.4,1
146,8059938189,Meena,462,Jaipur City,Female,21,5,9618363.7,1,1,1,4602027.5,0
147,8421129947,Sharma,642,Jaipur City,Female,29,8,11755239.9,2,1,0,11991418.35,0
148,8816572573,Singh,660,Jaipur Gramin,Male,37,5,9092210.3,1,0,0,2082077.55,0
149,8625157123,Saini,762,Jaipur Gramin,Male,44,9,10257938.55,1,1,0,6361088.9,0
150,8375593126,Agarwal,379,Jaipur Gramin,Male,32,0,0,2,0,1,74703.95,0
151,8930385363,Rathore,785,Jaipur City,Female,32,7,0,2,1,0,7609263.75,0
152,8313488319,Agarwal,522,Jaipur Gramin,Female,48,9,0,1,1,0,12740887.15,1
153,8830814616,Aggarwal,739,Jaipur City,Male,42,8,0,2,1,0,15368035.7,0
154,8597052827,Jain,527,Jaipur Gramin,Male,37,2,10846815.15,1,1,0,8384928.7,0
155,8304929995,Rathore,617,Jaipur Gramin,Female,43,6,0,2,1,1,9268530.05,0
156,8689916097,Aggarwal,727,Jaipur City,Male,57,7,0,1,1,0,1524998.6,1
157,8112072938,Jat,790,Jaipur Gramin,Female,33,7,0,2,0,0,7054699.95,0
158,8743131853,Jain,583,Jaipur City,Female,28,2,0,2,1,1,7825724.75,0
159,8806462613,Verma,655,Jaipur Gramin,Female,73,6,8267036.25,1,0,1,8901171.1,0
160,8072035486,Sharma,637,Jaipur  Urban,Female,33,4,10475969.5,1,0,0,9578443.45,0
161,8100822294,Rathore,740,Jaipur City,Female,22,6,8590121.25,1,0,1,7199462.6,0
162,8513381167,Rathore,701,Jaipur Gramin,Male,30,2,0,2,1,0,7095274.7,0
163,8989213564,Paliwal,840,Jaipur Gramin,Female,49,7,9180625.6,1,0,0,4005634.35,0
164,8221866661,Jat,745,Jaipur City,Female,36,2,0,2,1,1,9093113,0
165,8457035062,Saini,700,Jaipur City,Male,29,0,11364745.65,1,1,0,4724515.9,1
166,8211718211,Meena,672,Jaipur  Urban,Male,31,9,10641128.75,2,1,1,11889326.55,0
167,8308174286,Jain,725,Jaipur  Urban,Female,24,7,9607908.7,1,1,0,13812795.8,1
168,8585351255,Jat,618,Jaipur City,Female,41,9,9266124.55,1,1,0,16702496.6,0
169,8596867288,Choudhary,680,Jaipur City,Female,39,2,0,2,1,0,3461305.4,1
170,8444413952,Singh,698,Jaipur  Urban,Male,24,9,4924033.85,2,0,0,4516415.5,0
171,8281892536,Meena,461,Jaipur Gramin,Female,29,4,11059723.15,1,1,0,13941520.65,0
172,8205788510,Sharma,634,Jaipur  Urban,Male,27,5,8145251.65,2,1,0,13259741.6,0
173,8852638313,Meena,456,Jaipur  Urban,Male,44,10,11016728.45,1,1,0,465179.5,1
174,8303798404,Saini,574,Jaipur Gramin,Male,30,4,14404277.65,1,1,0,9535904.35,0
175,8906925675,Maheshwari,494,Jaipur Gramin,Male,40,5,0,2,1,1,12448915.55,0
176,8825741489,Paliwal,461,Jaipur City,Female,35,7,11378797.85,1,1,1,2319318.5,0
177,8029190953,Meena,492,Jaipur Gramin,Female,30,0,0,2,1,1,11097044.95,0
178,8255419749,Sharma,607,Jaipur  Urban,Male,36,5,16190755.8,2,0,0,15244910.65,0
179,8059513211,Saini,596,Jaipur City,Female,40,8,8669415.2,1,0,1,8055800.2,0
180,8965956491,Agarwal,785,Jaipur  Urban,Female,55,3,13736748.85,1,1,0,686872.25,1
181,8060481382,Rathore,900,Jaipur City,Female,45,2,10396452.85,1,1,1,1656012.5,0
182,8691976849,Maheshwari,492,Jaipur Gramin,Male,65,2,0,2,1,1,4086086.85,0
183,8126122433,Paliwal,814,Jaipur  Urban,Female,45,1,13782785.7,2,1,0,14835157.95,0
184,8836285001,Rathore,643,Jaipur Gramin,Male,42,2,0,2,1,1,4715016.3,0
185,8096623054,Singh,845,Jaipur Gramin,Female,50,4,0,1,1,1,726483.95,1
186,8328758237,Aggarwal,497,Jaipur Gramin,Male,32,8,0,2,1,0,8147860.3,0
187,8605697131,Maheshwari,756,Jaipur Gramin,Female,39,1,8415906.95,1,1,0,16570393,0
188,8156043280,Maheshwari,510,Jaipur City,Female,37,0,0,1,0,1,11179346.2,0
189,8666184006,Agarwal,619,Jaipur City,Male,30,5,0,2,0,1,16669223.35,0
190,8778600765,Agarwal,704,Jaipur  Urban,Female,34,7,9467995.3,2,1,0,12628004.6,0
191,8011631400,Jain,738,Jaipur Gramin,Female,41,8,4778262.25,2,0,0,7903521.85,1
192,8927647198,Khandelwal,494,Jaipur Gramin,Female,36,3,7167860.45,2,1,0,1502405.6,0
193,8429266930,Meena,455,Jaipur Gramin,Male,40,1,0,2,0,0,9774696.55,0
194,8460954875,Maheshwari,601,Jaipur Gramin,Male,32,8,7906095.65,1,1,0,7391380.7,0
195,8562169850,Rathore,576,Jaipur City,Male,29,9,5245387.4,2,1,0,10886613,0
196,8380441078,Sharma,848,Jaipur Gramin,Male,35,3,14857162.75,1,1,1,51030.6,0
197,8759660662,Gupta,619,Jaipur City,Female,32,6,0,2,1,1,3655124.1,0
198,8033357473,Khandelwal,745,Jaipur  Urban,Male,37,3,9156254.4,1,1,1,13480245.2,0
199,8275284677,Gupta,481,Jaipur Gramin,Male,57,10,0,2,1,1,4067011.15,0
200,8412929509,Paliwal,505,Jaipur Gramin,Male,35,6,8196026.4,1,1,0,891517.4,0
201,8121408690,Saini,900,Jaipur City,Male,30,2,11988400.85,1,1,1,508147,0
202,8906108797,Rathore,791,Jaipur Gramin,Male,42,4,8960715.3,1,0,1,10319770.1,0
203,8624566689,Rathore,499,Jaipur City,Male,50,5,0,1,0,1,12422404.05,1
204,8393513515,Khandelwal,733,Jaipur Gramin,Female,38,2,10966875.1,2,1,1,1221863.1,1
205,8803974926,Maheshwari,494,Jaipur City,Male,33,3,15016662.7,1,1,0,8047015.45,0
206,8130368589,Singh,540,Jaipur Gramin,Male,37,3,0,1,1,1,15271976.35,0
207,8278286661,Khandelwal,610,Jaipur City,Female,41,3,7629926.4,1,0,0,16940902.9,1
208,8402923185,Gupta,622,Jaipur Gramin,Male,34,5,11471135.05,1,1,1,12916123.15,0
209,8718941540,Khandelwal,652,Jaipur Gramin,Male,45,5,0,1,1,0,12113647.5,1
210,8903356401,Rathore,685,Jaipur Gramin,Male,45,2,9042032.25,1,0,1,13452492.7,0
211,8256275871,Singh,707,Jaipur  Urban,Male,33,2,13754244.4,2,1,0,14397461.5,0
212,8934533058,Meena,604,Jaipur Gramin,Male,31,8,0,2,1,1,14442776.7,0
213,8806705666,Choudhary,624,Jaipur Gramin,Female,41,9,0,2,0,0,7552459.95,0
214,8574572757,Jain,691,Jaipur Gramin,Female,34,1,5363075.85,1,1,1,3454893.85,0
215,8760831829,Verma,566,Jaipur  Urban,Male,26,4,10054395.85,2,0,0,5136320.5,0
216,8873197641,Agarwal,682,Jaipur  Urban,Male,47,7,9082607.85,1,0,1,13426516.7,1
217,8511192626,Khandelwal,714,Jaipur Gramin,Male,46,7,4208566.75,1,1,0,11305623.9,0
218,8312096322,Paliwal,756,Jaipur City,Female,33,9,0,2,0,0,15009012.7,0
219,8296043004,Aggarwal,848,Jaipur Gramin,Male,43,1,8992942.2,2,1,0,2965483.4,1
220,8855099723,Saini,590,Jaipur Gramin,Male,54,8,0,1,1,1,2442705.35,1
221,8420143791,Choudhary,751,Jaipur Gramin,Female,31,9,9751374.25,2,1,1,8345178.45,0
222,8945279632,Jain,497,Jaipur City,Male,30,7,0,1,0,1,10625870.4,0
223,8516404742,Jain,560,Jaipur Gramin,Male,42,2,0,2,1,1,14278691.85,0
224,8017114380,Jain,900,Jaipur Gramin,Male,33,10,0,1,1,0,413246.2,1
225,8192419191,Jain,685,Jaipur  Urban,Male,45,6,8462958.7,1,1,1,9254158.25,1
226,8548433729,Gupta,684,Jaipur Gramin,Male,37,4,14497422.35,2,1,0,16851494.8,0
227,8539634691,Paliwal,713,Jaipur Gramin,Female,30,9,0,2,1,1,2291626.35,0
228,8384683145,Paliwal,536,Jaipur  Urban,Female,39,6,6340672.75,3,1,1,7288454.2,1
229,8170630374,Singh,781,Jaipur  Urban,Male,50,2,8235513.15,1,1,0,6562531.25,1
230,8924981847,Agarwal,593,Jaipur  Urban,Female,29,3,11120568.7,1,1,0,5189125.05,0
231,8090805299,Rathore,688,Jaipur Gramin,Male,72,1,0,2,0,1,9518401.15,0
232,8917159557,Jain,612,Jaipur Gramin,Male,40,0,0,2,1,0,5289771,0
233,8044359378,Aggarwal,494,Jaipur Gramin,Female,37,1,0,2,0,1,13268927.55,0
234,8692109636,Rathore,800,Jaipur  Urban,Male,20,3,10175711.25,2,0,1,12761507.3,0
235,8955249631,Paliwal,582,Jaipur Gramin,Female,67,5,9688212.45,2,0,1,7917419.35,0
236,8876308425,Sharma,796,Jaipur  Urban,Male,42,6,8513663.75,1,1,0,2844349.9,1
237,8031747976,Sharma,734,Jaipur Gramin,Female,29,2,0,1,1,1,12271875,0
238,8933953242,Aggarwal,527,Jaipur  Urban,Female,43,3,9878742.5,3,1,0,4743336.6,1
239,8039236300,Singh,682,Jaipur Gramin,Female,46,2,0,3,1,0,7569119.1,1
240,8501131986,Paliwal,724,Jaipur Gramin,Male,28,2,6899775.55,2,0,1,13839033.6,0
241,8598372628,Aggarwal,674,Jaipur City,Male,38,4,0,2,1,0,11582070.25,0
242,8605235735,Gupta,750,Jaipur  Urban,Female,39,5,9928323,1,1,0,10544502.45,0
243,8499191269,Khandelwal,724,Jaipur Gramin,Male,37,8,9006742.8,2,0,1,6303498,0
244,8972623363,Aggarwal,671,Jaipur  Urban,Male,67,6,9979986,1,1,1,3831042.65,1
245,8522207383,Meena,508,Jaipur City,Male,34,7,0,2,1,0,5272555.1,0
246,8879035322,Rathore,642,Jaipur Gramin,Female,40,10,10497294.3,1,1,0,11216024.55,1
247,8723039714,Choudhary,806,Jaipur  Urban,Male,26,7,12954043.35,2,1,0,6750190,0
248,8215339266,Jat,534,Jaipur Gramin,Female,26,1,0,2,1,1,16969277.6,0
249,8834922819,Singh,641,Jaipur  Urban,Male,24,8,8763317.25,1,1,1,13394069.65,0
250,8228848484,Aggarwal,767,Jaipur  Urban,Male,54,8,10745541.9,1,1,0,11425763.75,1
251,8292218023,Paliwal,805,Jaipur  Urban,Female,36,5,6616986.5,1,0,0,8483509.15,0
252,8930316975,Saini,584,Jaipur City,Female,34,1,0,2,1,1,8324277.8,0
253,8287351093,Sharma,697,Jaipur Gramin,Female,79,0,0,2,0,1,14532364.15,0
254,8466696994,Meena,533,Jaipur  Urban,Male,37,2,6777212.35,1,1,1,4892510.75,0
255,8072132062,Agarwal,715,Jaipur City,Male,28,8,0,1,0,0,15020644.95,0
256,8076418103,Jain,799,Jaipur City,Male,41,0,0,2,0,1,2914074.55,0
257,8025451115,Jat,752,Jaipur Gramin,Male,34,10,0,2,1,1,16884173.9,0
258,8782676440,Maheshwari,685,Jaipur  Urban,Female,34,6,3167666.95,2,0,0,13337955.2,0
259,8119090471,Singh,712,Jaipur Gramin,Female,30,6,10879341.25,1,1,1,4288862,0
260,8392935884,Choudhary,900,Jaipur  Urban,Male,38,3,4666585.85,1,1,1,11906421.75,0
261,8465243459,Jat,758,Jaipur  Urban,Male,42,9,9243586.8,2,1,1,5552464.35,0
262,8407438157,Aggarwal,751,Jaipur City,Female,48,6,8492026.15,1,1,0,5467475.4,0
263,8054101132,Gupta,548,Jaipur Gramin,Female,32,6,15698344.85,2,1,0,1271297.4,0
264,8471052954,Sharma,698,Jaipur Gramin,Female,26,0,9405591.7,1,0,1,9509732.85,0
265,8620558597,Paliwal,766,Jaipur City,Male,31,9,6716683,1,1,1,1581529.55,0
266,8804165392,Sharma,517,Jaipur City,Female,36,9,8435443.35,1,1,0,10466645.85,0
267,8785397155,Agarwal,478,Jaipur Gramin,Male,34,2,0,2,1,1,12624900.4,0
268,8269870823,Gupta,661,Jaipur Gramin,Male,36,7,0,2,1,0,1181356.35,0
269,8998167792,Jain,539,Jaipur City,Female,39,7,0,1,0,0,6907036.25,1
270,8261587298,Paliwal,829,Jaipur  Urban,Female,35,7,4457077,1,1,0,13689398.75,0
271,8582534992,Rathore,660,Jaipur City,Male,41,9,0,2,0,1,16285971.95,0
272,8865716200,Verma,760,Jaipur  Urban,Male,34,3,8528726.6,3,1,0,4127531.15,1
273,8042209016,Meena,853,Jaipur  Urban,Female,34,1,12690261.15,2,1,1,15838877.9,0
274,8119045708,Sharma,728,Jaipur Gramin,Male,30,8,0,2,1,0,2818546.45,0
275,8683684019,Saini,734,Jaipur  Urban,Male,28,4,12376462.4,1,0,1,7980100.05,0
276,8969973825,Sharma,727,Jaipur City,Female,37,7,0,2,1,1,9426440.5,0
277,8340931379,Jat,787,Jaipur Gramin,Male,62,3,0,1,1,1,951918.4,1
278,8756020571,Sharma,812,Jaipur Gramin,Female,53,10,0,2,1,0,16149402.45,0
279,8830550186,Singh,655,Jaipur Gramin,Male,35,6,7142283.1,1,0,1,13961733.65,0
280,8499216378,Sharma,737,Jaipur Gramin,Male,46,1,0,1,1,0,12934262.15,1
281,8069773785,Verma,818,Jaipur Gramin,Male,39,8,0,2,1,1,2885721.95,0
282,8834013717,Verma,810,Jaipur City,Male,29,10,0,2,1,1,5792234.05,0
283,8232334702,Jain,455,Jaipur  Urban,Male,35,4,11791108.2,1,1,1,4016402.15,1
284,8588637290,Choudhary,848,Jaipur Gramin,Male,42,7,10053350.35,1,1,1,2200286.2,0
285,8264686006,Rathore,839,Jaipur Gramin,Female,22,8,14805808.3,2,0,1,16373877.25,0
286,8481944386,Saini,690,Jaipur Gramin,Male,40,7,9622753.1,2,1,0,2939075.6,0
287,8188621026,Sharma,602,Jaipur City,Male,29,5,8832118.8,1,1,0,13704536.4,0
288,8283864507,Sharma,450,Jaipur Gramin,Female,32,8,10116978.8,1,1,0,8569384.65,0
289,8843215289,Meena,773,Jaipur City,Female,26,5,14135320.65,1,1,1,15444027.4,0
290,8975037143,Paliwal,586,Jaipur City,Male,34,10,0,2,1,0,6721707.35,0
291,8686093892,Verma,724,Jaipur  Urban,Male,42,9,5374295,1,0,1,11671887.2,0
292,8828586067,Saini,776,Jaipur City,Female,41,5,8034299.45,2,1,0,16568783.1,0
293,8437186150,Jain,580,Jaipur Gramin,Male,27,7,0,2,1,0,4359266.65,0
294,8225805324,Agarwal,780,Jaipur City,Female,34,9,9589892.1,1,0,0,12784130.05,1
295,8967059240,Choudhary,697,Jaipur Gramin,Male,38,3,0,2,1,1,9561816.6,0
296,8448460600,Rathore,808,Jaipur Gramin,Male,25,2,11551783.05,1,1,0,6260792.3,0
297,8697150132,Gupta,737,Jaipur Gramin,Female,31,4,10639387.1,1,1,1,9064135.65,0
298,8296280556,Rathore,704,Jaipur City,Female,44,7,0,3,1,0,13247549.2,1
299,8471080203,Singh,493,Jaipur Gramin,Male,58,0,12674971.35,1,1,1,13820958.35,0
300,8135202316,Jat,632,Jaipur Gramin,Male,33,5,0,2,1,1,8817714.7,0
301,8709092471,Singh,713,Jaipur Gramin,Female,31,10,0,2,1,0,13684172.95,0
302,8893195209,Sharma,619,Jaipur City,Female,36,6,11246495.35,1,0,0,1314341.4,0
303,8671570272,Maheshwari,704,Jaipur Gramin,Male,35,8,0,2,1,0,878394.25,0
304,8630455352,Choudhary,734,Jaipur Gramin,Female,33,6,0,2,1,1,16208323.6,0
305,8007723047,Jat,544,Jaipur Gramin,Male,33,4,10037045.65,1,0,0,8027438.25,0
306,8778293109,Saini,680,Jaipur Gramin,Male,31,1,10137668.65,1,1,1,2401898.55,0
307,8293211471,Gupta,757,Jaipur Gramin,Male,43,2,0,1,1,1,14452970.75,1
308,8297632383,Verma,635,Jaipur  Urban,Male,35,7,13332019.65,2,1,0,2705064.65,0
309,8105939116,Choudhary,617,Jaipur Gramin,Male,50,4,11653879.95,1,1,0,10809151.65,1
310,8008918562,Choudhary,406,Jaipur  Urban,Male,31,8,6663888.65,1,1,0,3819645.85,0
311,8963940610,Singh,662,Jaipur Gramin,Female,80,4,0,2,1,1,16031260.95,0
312,8045993847,Maheshwari,755,Jaipur  Urban,Male,30,6,5411900.7,1,1,0,12334466.45,0
313,8359817732,Sharma,650,Jaipur Gramin,Male,38,3,0,2,0,0,14574425.55,0
314,8078510809,Aggarwal,847,Jaipur  Urban,Female,59,0,11500188.05,1,1,0,15539912.5,0
315,8340648458,Jain,773,Jaipur City,Male,36,2,13073377.4,1,1,1,7413133.05,0
316,8954410877,Singh,449,Jaipur City,Male,37,3,0,2,0,0,4859902.2,0
317,8597003078,Choudhary,551,Jaipur Gramin,Male,49,2,12500931.3,1,1,0,10245970.55,1
318,8747997300,Khandelwal,727,Jaipur City,Male,42,9,0,2,1,1,2440718.9,0
319,8297662647,Meena,634,Jaipur City,Female,22,3,0,1,1,0,7261233.8,0
320,8201353097,Gupta,395,Jaipur Gramin,Male,24,4,8138048.75,1,1,0,3924513.75,0
321,8565743465,Jain,510,Jaipur City,Female,57,2,12407053.05,1,1,1,5478110.6,0
322,8921097331,Singh,696,Jaipur Gramin,Female,30,8,12022548.75,1,1,1,1383712.45,0
323,8080521377,Gupta,779,Jaipur Gramin,Male,40,1,11839684.85,1,1,0,15542710.7,1
324,8835919426,Meena,796,Jaipur Gramin,Female,31,4,0,2,0,0,4284401.2,0
325,8219754183,Agarwal,761,Jaipur Gramin,Male,30,3,0,2,1,0,9149421.25,0
326,8116312606,Meena,739,Jaipur Gramin,Male,35,4,12276453.95,1,1,0,11401275.25,0
327,8855850220,Maheshwari,593,Jaipur Gramin,Male,35,2,0,2,1,0,8795858.65,0
328,8199479276,Meena,653,Jaipur Gramin,Female,46,9,8112507.95,1,1,0,9244689.25,1
329,8258708545,Gupta,685,Jaipur  Urban,Male,35,1,12312142.9,1,1,1,15216045.5,0
330,8771589189,Rathore,677,Jaipur  Urban,Male,26,7,9880751.9,2,1,1,8087336.9,0
331,8780668712,Gupta,667,Jaipur Gramin,Male,50,7,0,2,0,1,6132192.4,0
332,8535210430,Aggarwal,680,Jaipur City,Female,40,1,12452675.95,1,1,0,1628845.65,0
333,8017750431,Sharma,676,Jaipur  Urban,Male,44,2,9947431,2,0,1,12297815.3,0
334,8654879251,Jat,581,Jaipur  Urban,Female,30,8,9521173.85,1,1,0,15110622.55,1
335,8312715704,Rathore,631,Jaipur City,Female,37,6,9202896.45,1,1,0,475824.9,0
336,8226429665,Verma,462,Jaipur Gramin,Male,29,7,15480522.15,1,1,0,9930423.35,1
337,8034822065,Jat,671,Jaipur  Urban,Female,32,3,12828517.9,2,0,1,14845463.35,0
338,8842545615,Sharma,659,Jaipur Gramin,Male,33,2,0,2,1,0,170933.3,0
339,8919060376,Singh,846,Jaipur City,Female,39,5,14048131.05,1,1,0,1199337.25,1
340,8231840139,Jain,739,Jaipur  Urban,Female,39,10,9800611.35,1,1,0,3699829,1
341,8572451526,Aggarwal,650,Jaipur  Urban,Female,40,6,11007711.65,2,0,1,7318434.55,1
342,8205964838,Aggarwal,671,Jaipur Gramin,Male,31,4,10059092.1,1,0,0,13733806.15,0
343,8763412112,Verma,534,Jaipur City,Female,47,5,0,2,1,1,3312461.9,0
344,8880793132,Rathore,532,Jaipur Gramin,Male,22,8,0,2,0,0,10844913.7,0
345,8505526666,Maheshwari,742,Jaipur Gramin,Female,25,7,0,2,1,0,2582310.2,0
346,8702458181,Paliwal,888,Jaipur Gramin,Female,43,7,0,2,1,0,7727260.75,0
347,8891723644,Agarwal,636,Jaipur  Urban,Female,34,9,9089649.25,2,1,0,11753375.85,0
348,8232460182,Meena,652,Jaipur  Urban,Male,59,3,14478166.45,1,1,1,2734602.15,0
349,8456184922,Rathore,665,Jaipur  Urban,Female,32,1,9733422.25,1,1,1,10722174.55,0
350,8520147693,Jain,578,Jaipur Gramin,Male,39,5,0,2,1,1,11040899.05,0
351,8111141957,Agarwal,671,Jaipur City,Male,32,3,9145499.35,2,1,1,8705431.4,0
352,8222479525,Aggarwal,794,Jaipur City,Male,39,2,6908216.05,1,1,1,1591171.95,0
353,8248924801,Gupta,562,Jaipur City,Female,32,7,14398966,1,1,0,5264578.7,0
354,8643141631,Jain,684,Jaipur City,Male,25,6,0,2,1,1,6660509.9,0
355,8076298453,Sharma,616,Jaipur Gramin,Female,45,1,15966569.15,2,1,1,12514062.95,0
356,8551503699,Verma,527,Jaipur Gramin,Male,30,0,0,2,1,0,13683271.1,0
357,8489479768,Sharma,900,Jaipur City,Female,57,8,10775985.5,2,1,1,11245371.65,0
358,8810241358,Paliwal,506,Jaipur City,Male,34,9,10747084.65,1,1,0,14811124.2,1
359,8618079995,Jain,764,Jaipur Gramin,Male,41,1,8666662.9,1,1,1,10501518.8,0
360,8166459760,Saini,504,Jaipur Gramin,Male,58,3,0,2,0,1,2787151.7,0
361,8362172252,Saini,727,Jaipur City,Male,28,3,0,2,0,1,15431211.95,0
362,8332230308,Singh,652,Jaipur  Urban,Female,45,2,12821649.05,1,0,1,197196.6,1
363,8063463472,Rathore,658,Jaipur Gramin,Female,50,9,8715523.45,1,1,1,16111171.15,0
364,8628814899,Aggarwal,412,Jaipur  Urban,Female,29,9,8417346.85,2,1,0,929934,0
365,8066819360,Aggarwal,648,Jaipur Gramin,Male,68,9,0,2,1,1,16956937.3,0
366,8894914325,Meena,634,Jaipur City,Female,33,3,0,1,1,1,15996426.25,0
367,8243840625,Meena,528,Jaipur  Urban,Female,42,9,7418069.85,2,1,0,14668674.4,0
368,8123297006,Meena,432,Jaipur  Urban,Female,35,8,8733147.35,2,1,1,16093866,0
369,8007760004,Gupta,643,Jaipur  Urban,Male,34,2,3408968.35,2,0,1,4548533.6,0
370,8147647462,Jat,592,Jaipur Gramin,Female,29,2,12942561.55,1,1,0,2890377.4,0
371,8316738321,Choudhary,841,Jaipur City,Male,42,4,12065551.95,1,1,1,900854.65,0
372,8596841637,Jat,648,Jaipur  Urban,Female,75,1,9036172.35,2,0,1,9641445.45,0
373,8366224757,Sharma,613,Jaipur  Urban,Male,31,0,9170208.85,2,1,1,15596478.3,0
374,8349813108,Jat,842,Jaipur  Urban,Male,31,1,10626166.2,1,1,1,15950937.65,0
375,8499005220,Gupta,740,Jaipur  Urban,Male,35,7,4969896.45,2,1,1,14659048.15,0
376,8794631645,Singh,803,Jaipur Gramin,Female,39,8,0,1,0,1,1786360,0
377,8183202270,Sharma,774,Jaipur  Urban,Male,45,10,9964688.55,3,1,1,10402386.7,1
378,8199877439,Jat,566,Jaipur City,Male,35,4,12953172.1,1,1,0,10890511.1,0
379,8195111561,Gupta,635,Jaipur City,Female,30,2,2891158.55,1,1,0,1663503.55,0
380,8064910926,Choudhary,704,Jaipur City,Female,39,2,0,3,0,0,15992801,1
381,8573018793,Jat,460,Jaipur Gramin,Female,50,9,0,2,1,1,9436720.4,0
382,8781729402,Gupta,708,Jaipur Gramin,Male,36,7,8634564.35,2,1,0,10520887.75,0
383,8823102127,Paliwal,470,Jaipur  Urban,Female,30,10,6559353.95,2,0,1,12469518.7,0
384,8193323089,Meena,731,Jaipur  Urban,Male,28,8,10599136.2,2,1,0,12346364.75,0
385,8946298966,Paliwal,726,Jaipur  Urban,Male,44,3,9004471.6,1,1,0,7009413.65,0
386,8701602016,Aggarwal,552,Jaipur Gramin,Female,66,9,0,1,1,1,1353921.65,0
387,8443312143,Meena,613,Jaipur City,Male,46,6,0,2,1,0,3900338.05,0
388,8448021301,Aggarwal,756,Jaipur City,Male,62,2,0,2,1,1,15851645.75,0
389,8365223269,Khandelwal,731,Jaipur City,Female,45,2,0,2,0,1,13848425.25,0
390,8624984226,Verma,533,Jaipur Gramin,Female,21,10,13729706.6,2,1,0,787335.45,0
391,8546008731,Paliwal,734,Jaipur  Urban,Female,29,7,12511920.95,1,1,1,7219254,0
392,8103922177,Verma,782,Jaipur  Urban,Male,38,3,15563694.65,1,1,1,6082355.2,0
393,8121071965,Verma,658,Jaipur City,Male,46,9,10812765,2,1,0,6579505.75,1
394,8716982156,Choudhary,547,Jaipur City,Male,38,8,0,2,0,0,35479.85,1
395,8933128872,Meena,593,Jaipur City,Female,24,0,8277175.9,1,1,1,6069439.45,0
396,8073633231,Khandelwal,654,Jaipur  Urban,Female,37,2,11638632.65,2,0,1,13039020.4,0
397,8458323770,Aggarwal,548,Jaipur Gramin,Male,33,3,4632801.75,1,1,1,31539.25,0
398,8690050884,Gupta,536,Jaipur  Urban,Male,32,8,13236782.25,1,1,0,5762149.15,0
399,8642338166,Sharma,721,Jaipur Gramin,Female,39,9,0,2,0,1,12401066.5,0
400,8797455451,Gupta,619,Jaipur Gramin,Female,66,1,11546604.85,1,1,0,15626443.35,1
401,8506804404,Sharma,606,Jaipur Gramin,Male,52,1,5384728.75,1,1,0,9255432.4,0
402,8554420966,Paliwal,592,Jaipur  Urban,Female,38,4,11007450.7,1,1,1,13096057.95,0
403,8335805740,Saini,781,Jaipur City,Male,52,8,0,2,0,1,15239807.25,0
404,8541400855,Gupta,412,Jaipur City,Male,36,6,5987230.85,2,0,1,4839681.55,0
405,8614628540,Jat,702,Jaipur Gramin,Male,23,8,0,2,1,1,9540317.55,0
406,8323319642,Jat,742,Jaipur Gramin,Male,36,9,0,1,1,0,3902338.95,0
407,8282365789,Rathore,526,Jaipur City,Female,49,9,12021893.4,1,0,0,14771236.25,1
408,8482741561,Meena,613,Jaipur City,Female,37,4,0,2,1,0,10684182.1,0
409,8521918956,Sharma,682,Jaipur  Urban,Male,37,10,13001454.65,2,1,1,13564776.85,0
410,8211780506,Sharma,524,Jaipur  Urban,Female,41,3,11756038.9,1,1,0,9074724.95,0
411,8944299929,Jain,731,Jaipur City,Male,23,10,0,2,0,0,11015165.3,0
412,8032123007,Singh,900,Jaipur Gramin,Male,38,1,0,2,1,1,6800565.25,0
413,8836828678,Meena,774,Jaipur City,Female,31,3,10567951.4,1,1,1,11938379.2,0
414,8582661545,Choudhary,712,Jaipur  Urban,Female,41,9,15424225.8,3,1,1,15974001.55,1
415,8641721902,Rathore,834,Jaipur City,Male,35,8,0,2,1,0,14208205.6,0
416,8043156020,Choudhary,631,Jaipur City,Male,26,8,0,2,0,0,16270760.35,0
417,8573525178,Paliwal,464,Jaipur  Urban,Female,61,5,9381282.55,1,0,0,967678.25,1
418,8580069925,Paliwal,547,Jaipur Gramin,Female,39,9,7615009.75,1,1,1,8066338.5,0
419,8587106756,Choudhary,652,Jaipur Gramin,Female,46,6,0,2,0,0,9076435.15,0
420,8828854742,Choudhary,606,Jaipur Gramin,Female,28,6,0,2,0,0,13558224.2,0
421,8305554395,Khandelwal,787,Jaipur  Urban,Female,60,3,9853615.65,1,1,0,7949556.15,1
422,8474061537,Meena,583,Jaipur Gramin,Female,38,2,0,2,1,0,7409319.1,0
423,8942706228,Choudhary,522,Jaipur  Urban,Male,40,7,9499302.5,1,1,0,690907.2,1
424,8364959630,Jat,694,Jaipur Gramin,Female,35,4,0,1,1,0,10669057.2,0
425,8875856095,Singh,595,Jaipur Gramin,Male,39,9,0,1,1,0,4161905.15,0
426,8903452825,Singh,658,Jaipur Gramin,Male,26,9,13848527.25,1,1,0,8361300.4,0
427,8030063151,Verma,470,Jaipur  Urban,Male,39,10,10589015.25,2,1,0,12629691.85,0
428,8483197278,Saini,722,Jaipur Gramin,Male,45,0,6867454.3,1,1,1,2335358.85,0
429,8309976210,Paliwal,463,Jaipur  Urban,Female,40,9,6063907.65,1,1,0,6476337.85,0
430,8783179327,Sharma,562,Jaipur  Urban,Male,40,1,8439023.55,1,0,0,11441079.9,1
431,8107798876,Jain,623,Jaipur  Urban,Male,57,3,11725443.15,1,1,1,6159779.15,1
432,8464744629,Maheshwari,749,Jaipur  Urban,Male,41,2,10870868.45,2,0,1,16969863.25,0
433,8597463676,Sharma,538,Jaipur  Urban,Female,33,0,8592170.6,1,1,0,3633737.25,0
434,8732726265,Saini,534,Jaipur  Urban,Female,37,8,9754096.8,1,1,0,11564287.4,1
435,8390678706,Jain,700,Jaipur Gramin,Male,33,8,0,1,0,0,6252977.4,0
436,8802118694,Khandelwal,794,Jaipur Gramin,Female,51,3,8439393.3,1,0,1,7274183.55,0
437,8919124861,Meena,632,Jaipur  Urban,Female,30,4,6789036.7,2,1,0,11035285.65,0
438,8058203138,Gupta,499,Jaipur Gramin,Male,35,10,8847530.15,2,0,0,10171610,0
439,8167916535,Meena,840,Jaipur Gramin,Female,38,2,14296178.05,2,1,0,5784426.8,0
440,8125114431,Sharma,437,Jaipur  Urban,Female,42,3,7282736.25,1,1,1,13948902.9,0
441,8441921564,Sharma,631,Jaipur Gramin,Female,35,3,0,1,0,0,6816180.6,0
442,8775981427,Jain,828,Jaipur Gramin,Female,31,9,0,2,1,0,7150773.75,0
443,8662371850,Jain,521,Jaipur Gramin,Female,34,7,10331884.3,2,1,1,5965215,0
444,8105846880,Paliwal,774,Jaipur Gramin,Male,46,2,10388716.15,1,1,1,10032048.5,0
445,8844772793,Khandelwal,544,Jaipur City,Male,47,3,9904892.75,1,0,0,12384856.15,1
446,8321950922,Paliwal,778,Jaipur Gramin,Female,26,1,6611324.65,1,0,1,15559199.85,0
447,8967769498,Saini,746,Jaipur Gramin,Male,37,2,0,1,0,0,10277080.55,0
448,8957819872,Choudhary,481,Jaipur Gramin,Male,40,4,10695737,1,1,1,8536875.55,0
449,8370993172,Meena,690,Jaipur Gramin,Female,38,6,5785593,1,0,0,11796045,1
450,8678157862,Jain,814,Jaipur City,Female,47,6,10820443.9,2,1,0,10599074.15,0
451,8963959518,Aggarwal,473,Jaipur  Urban,Female,38,7,14869699.4,1,1,0,3407167.2,0
452,8419972197,Saini,900,Jaipur Gramin,Male,40,9,0,2,0,1,10134748.05,0
453,8968952877,Jat,590,Jaipur City,Male,31,7,9356043.5,1,0,0,3733315.6,0
454,8092966977,Khandelwal,588,Jaipur City,Female,44,3,11851751.45,1,1,0,5288938.85,0
455,8280361562,Sharma,790,Jaipur Gramin,Female,39,6,10825409.6,1,0,1,4809045,0
456,8394181795,Paliwal,487,Jaipur Gramin,Male,36,5,0,2,1,0,13961534.75,0
457,8308547530,Saini,760,Jaipur Gramin,Male,33,3,0,1,1,1,651672.05,0
458,8777188462,Maheshwari,733,Jaipur Gramin,Male,38,3,0,2,1,0,5821438.35,0
459,8628396369,Meena,497,Jaipur  Urban,Male,43,1,8122286.35,1,0,1,16938288.3,1
460,8555444346,Jain,644,Jaipur City,Male,37,8,0,1,1,1,15815300.6,0
461,8632829632,Sharma,442,Jaipur  Urban,Male,29,1,9492968.3,2,1,1,16635448.6,0
462,8061104574,Gupta,527,Jaipur Gramin,Male,39,3,0,2,1,0,3118834.45,0
463,8551258722,Maheshwari,491,Jaipur City,Female,25,3,9242790.35,2,1,0,9088248.45,0
464,8168324386,Khandelwal,674,Jaipur Gramin,Female,32,4,11385781.45,1,1,1,4141682.8,1
465,8645048990,Saini,862,Jaipur City,Male,26,4,0,2,1,1,14198139.9,0
466,8021876123,Rathore,610,Jaipur Gramin,Male,33,9,7647338.65,1,1,0,5846067.1,0
467,8998505062,Sharma,900,Jaipur City,Female,32,9,0,2,1,1,1608618.2,0
468,8076778368,Meena,859,Jaipur  Urban,Female,38,5,11124693.75,3,1,0,6111990.45,1
469,8695005464,Verma,523,Jaipur Gramin,Male,35,8,0,2,1,0,5510828.8,0
470,8007707690,Aggarwal,784,Jaipur Gramin,Male,35,3,0,2,1,1,15711720.45,0
471,8812309989,Agarwal,637,Jaipur City,Male,27,10,11404417.7,1,1,1,15022051.7,0
472,8379527763,Maheshwari,724,Jaipur Gramin,Male,37,1,12729776.8,1,1,0,1753499,1
473,8171575234,Choudhary,809,Jaipur Gramin,Male,26,2,7976798.65,1,1,0,2415305.6,0
474,8913386174,Agarwal,822,Jaipur Gramin,Male,28,8,0,2,1,0,6564657.95,0
475,8482296882,Meena,565,Jaipur Gramin,Female,33,1,0,2,1,0,8733809.5,0
476,8416690049,Jat,625,Jaipur  Urban,Male,46,6,11991661.45,1,0,0,2939368,1
477,8328093905,Paliwal,606,Jaipur  Urban,Female,31,1,10029370.15,1,1,1,15605895.45,0
478,8275902589,Jat,613,Jaipur Gramin,Female,40,8,8569048.05,2,1,0,12525452.95,0
479,8865432043,Verma,563,Jaipur Gramin,Male,38,7,0,1,1,1,9219882,0
480,8398126588,Maheshwari,670,Jaipur Gramin,Male,29,4,6822321,1,1,1,1752089.7,0
481,8899124159,Choudhary,826,Jaipur City,Male,34,6,13300682.7,1,0,1,15401724.6,0
482,8322274249,Rathore,510,Jaipur Gramin,Female,23,5,0,2,1,0,13621173.5,0
483,8236659268,Verma,838,Jaipur Gramin,Male,37,8,0,3,0,0,9416578.8,0
484,8465275656,Maheshwari,463,Jaipur  Urban,Male,37,9,9793529.15,2,1,0,12324603.05,0
485,8759757057,Singh,618,Jaipur City,Male,61,9,0,2,1,0,12769367.25,1
486,8917499809,Agarwal,756,Jaipur Gramin,Female,35,0,13214996.75,1,1,1,4566053.8,0
487,8940704955,Verma,649,Jaipur Gramin,Male,37,7,0,2,1,0,6396105.5,0
488,8147194085,Agarwal,530,Jaipur Gramin,Male,39,3,11483225.45,1,1,1,1220041.55,1
489,8766890172,Sharma,710,Jaipur Gramin,Male,30,2,0,2,0,1,11091358.45,0
490,8845594014,Jat,737,Jaipur  Urban,Female,55,9,15306393.7,1,1,1,8510855.35,0
491,8605960201,Sharma,589,Jaipur City,Male,29,1,8291005.4,1,1,1,16690274.45,0
492,8108104817,Aggarwal,732,Jaipur Gramin,Female,41,2,13265699.25,1,1,1,848629.8,0
493,8264797259,Singh,647,Jaipur Gramin,Female,38,4,6931829.9,2,0,1,10112855.45,0
494,8635484835,Choudhary,517,Jaipur Gramin,Female,47,6,0,1,0,0,16574858.9,1
495,8108741109,Rathore,688,Jaipur Gramin,Female,38,2,14455263.2,2,0,0,11466613.9,1
496,8779446356,Khandelwal,798,Jaipur  Urban,Male,36,8,7846395.9,2,1,1,6198587.6,0
497,8283705392,Agarwal,626,Jaipur Gramin,Female,32,6,14372597.3,2,1,0,8589925.75,0
498,8378949102,Rathore,847,Jaipur Gramin,Male,40,5,6852184.05,1,1,1,12141284.4,0
499,8955923269,Agarwal,788,Jaipur  Urban,Male,26,8,10334432.6,2,1,1,10800018.4,0
500,8703843311,Meena,564,Jaipur Gramin,Female,58,8,0,1,0,1,9902833.2,1
501,8472703664,Verma,546,Jaipur City,Male,32,4,0,2,1,1,4624492.15,0
502,8992330114,Aggarwal,710,Jaipur Gramin,Male,54,5,0,2,1,1,7541356.4,0
503,8978682825,Jat,809,Jaipur Gramin,Male,60,5,7300781.75,1,1,0,6301515.8,1
504,8694971780,Khandelwal,646,Jaipur City,Male,44,9,6599174.75,2,1,1,9464428.7,0
505,8452191213,Jain,532,Jaipur City,Female,41,4,0,1,0,0,16566683.6,0
506,8287291609,Agarwal,581,Jaipur Gramin,Male,31,5,0,2,1,0,2675312.95,0
507,8783881916,Rathore,709,Jaipur  Urban,Male,30,7,9938870.65,1,1,0,1801863.15,0
508,8696781804,Aggarwal,701,Jaipur  Urban,Female,40,6,11672765.25,1,1,0,15893011,0
509,8856993113,Gupta,760,Jaipur Gramin,Male,22,5,0,2,1,1,9962186.15,0
510,8924802277,Khandelwal,599,Jaipur City,Female,37,2,0,2,1,1,12217839.65,0
511,8244517118,Gupta,509,Jaipur  Urban,Female,31,10,5715313.3,2,1,1,13753954.55,0
512,8077924587,Sharma,638,Jaipur  Urban,Female,38,6,7358429.6,2,1,0,8337727.35,0
513,8245218329,Jat,762,Jaipur City,Male,34,5,0,2,0,0,6043109.85,0
514,8282043975,Paliwal,761,Jaipur Gramin,Male,34,6,11355864,1,1,1,1114115.4,0
515,8399654148,Paliwal,606,Jaipur Gramin,Female,51,3,11576046.3,1,1,1,5704400.15,1
516,8537949949,Jain,832,Jaipur City,Male,38,9,0,2,1,0,7499126.7,0
517,8716984590,Meena,442,Jaipur Gramin,Female,56,10,0,3,0,1,5291833.95,1
518,8667910266,Rathore,815,Jaipur  Urban,Male,37,7,10207864.2,2,1,0,11553686.2,0
519,8440359567,Maheshwari,718,Jaipur Gramin,Male,48,4,8605250.4,2,0,1,15114348.95,1
520,8170927360,Jain,728,Jaipur Gramin,Male,58,6,7623303.2,1,0,1,10750046.05,0
521,8051187343,Verma,900,Jaipur Gramin,Female,35,1,18000816.35,1,1,0,16028800.2,1
522,8419542436,Verma,900,Jaipur Gramin,Male,56,7,11161985.8,1,1,1,10129913.25,0
523,8599974146,Rathore,512,Jaipur City,Male,37,5,7966432.05,2,1,1,11822967.05,0
524,8514089907,Maheshwari,715,Jaipur  Urban,Male,32,8,8598684.15,1,1,1,9852906.75,0
525,8926578734,Choudhary,673,Jaipur Gramin,Male,48,3,10227245.9,1,0,0,8199376.25,0
526,8604869470,Meena,811,Jaipur Gramin,Female,31,2,0,2,1,1,9549708.35,0
527,8956891660,Aggarwal,721,Jaipur Gramin,Male,43,2,0,2,1,1,14050822.15,0
528,8854860663,Agarwal,612,Jaipur Gramin,Male,26,8,0,2,1,0,14112641.8,0
529,8898952502,Maheshwari,566,Jaipur  Urban,Female,48,3,12990379.15,1,1,0,3265002.15,1
530,8330580116,Paliwal,688,Jaipur Gramin,Male,30,1,5448308.75,1,1,1,6611584.75,0
531,8512614209,Khandelwal,503,Jaipur City,Female,57,2,10118004.75,2,1,1,2539102.15,0
532,8733430197,Choudhary,722,Jaipur City,Female,26,4,11493663.45,1,0,1,5078548.55,0
533,8306056869,Agarwal,755,Jaipur Gramin,Male,32,6,7964025.7,1,1,1,6793126.05,0
534,8004467801,Agarwal,532,Jaipur City,Male,35,10,5049733.55,1,1,0,6525750.05,0
535,8312504125,Choudhary,540,Jaipur Gramin,Female,40,7,9720170.75,1,1,0,4591609.05,0
536,8735731706,Sharma,610,Jaipur Gramin,Male,59,1,0,1,1,0,6005219.4,1
537,8589386085,Gupta,647,Jaipur  Urban,Male,35,10,10894781.5,2,1,0,5022938.15,0
538,8381562029,Agarwal,703,Jaipur City,Male,34,9,0,2,1,0,10843433,0
539,8805999832,Choudhary,557,Jaipur  Urban,Female,62,5,9769164.75,3,0,1,1552183.3,1
540,8545978250,Maheshwari,774,Jaipur  Urban,Female,28,1,9441065.6,1,1,0,6228456.6,1
541,8437785031,Choudhary,880,Jaipur Gramin,Male,37,8,12854225.3,2,1,1,11571006.65,0
542,8842454624,Singh,626,Jaipur Gramin,Male,26,9,0,2,1,1,13025195.15,0
543,8217199220,Jain,596,Jaipur Gramin,Female,42,4,5502910.2,1,1,1,9081495.2,0
544,8737275078,Saini,745,Jaipur City,Male,51,0,14391531.05,1,1,0,9271659.75,1
545,8826751807,Sharma,485,Jaipur Gramin,Female,49,7,0,3,0,1,7464881.9,1
546,8360358373,Jat,890,Jaipur City,Female,44,2,9575426.8,2,1,0,10764823.3,0
547,8437565972,Saini,584,Jaipur Gramin,Male,38,0,0,2,1,0,4030202.75,0
548,8018292935,Jain,455,Jaipur  Urban,Female,30,7,12236970.6,2,1,0,3559799.15,0
549,8692007282,Jain,490,Jaipur Gramin,Male,49,7,10408374.1,2,1,1,6443688.5,0
550,8562852853,Jain,779,Jaipur Gramin,Male,24,1,0,3,1,1,4072437.55,0
551,8302827454,Saini,745,Jaipur  Urban,Female,36,3,5546510.95,2,1,0,2442711.3,0
552,8107305812,Rathore,689,Jaipur  Urban,Male,47,6,9086664.9,1,1,1,176732,1
553,8043099583,Gupta,702,Jaipur City,Female,25,10,10923318.55,1,1,0,10332798.05,0
554,8948007159,Choudhary,380,Jaipur Gramin,Male,34,7,0,2,1,0,4675322.15,0
555,8209449747,Khandelwal,569,Jaipur  Urban,Male,33,3,11035946.95,1,1,0,16416170.7,0
556,8060229895,Gupta,588,Jaipur City,Female,51,3,13171854.15,3,0,1,16314242.95,1
557,8402562105,Paliwal,584,Jaipur  Urban,Male,40,5,11750561.5,2,1,0,13550538.5,0
558,8454208813,Maheshwari,598,Jaipur  Urban,Male,41,3,7780639.05,1,1,0,16274846.3,1
559,8807643166,Meena,769,Jaipur City,Male,53,3,0,2,1,1,3307662.8,0
560,8566420977,Rathore,900,Jaipur City,Female,70,5,0,1,1,1,59940.3,0
561,8396834040,Jat,581,Jaipur  Urban,Female,29,7,8942340.85,1,0,1,11771652.55,0
562,8116179548,Gupta,660,Jaipur City,Male,61,1,13002342.05,1,0,1,7052508.65,0
563,8199614447,Khandelwal,608,Jaipur City,Male,36,8,13452242.8,1,1,1,6523301.2,0
564,8354479880,Verma,491,Jaipur Gramin,Female,46,1,0,1,1,0,6055790.15,1
565,8392359182,Jain,707,Jaipur City,Female,38,6,10286789.25,1,1,1,1035482.75,0
566,8789364317,Agarwal,532,Jaipur Gramin,Male,36,4,0,2,1,1,12002892.5,0
567,8028546713,Paliwal,406,Jaipur City,Female,54,2,0,1,0,0,16299860.95,1
568,8013395337,Meena,704,Jaipur City,Female,63,1,11705831.1,1,1,1,3224792.9,0
569,8354055964,Sharma,764,Jaipur  Urban,Male,31,5,10301338.7,2,1,1,6365699.3,0
570,8976900597,Jat,793,Jaipur Gramin,Male,31,7,0,3,1,1,14169345.3,0
571,8801398351,Maheshwari,601,Jaipur Gramin,Male,44,1,8541325.3,2,1,1,5327675.05,0
572,8513748771,Meena,661,Jaipur Gramin,Male,45,1,0,1,1,0,5757906.8,1
573,8808451155,Jain,774,Jaipur Gramin,Male,35,9,7868155.05,2,1,0,13729180.45,0
574,8813653356,Agarwal,658,Jaipur City,Female,49,10,0,2,1,1,13586041.3,1
575,8791341941,Rathore,898,Jaipur City,Male,40,3,9429046.6,1,1,1,2624531.4,0
576,8649175588,Agarwal,535,Jaipur Gramin,Female,27,8,0,2,1,1,1262938.5,0
577,8244823381,Saini,407,Jaipur City,Female,32,3,11806636.85,1,1,0,6433307.45,0
578,8849527622,Agarwal,786,Jaipur Gramin,Male,30,4,10473501.1,2,0,1,12255563.5,0
579,8377091478,Saini,592,Jaipur Gramin,Female,41,6,0,1,1,0,5539506.1,0
580,8629601704,Paliwal,721,Jaipur Gramin,Male,39,2,0,2,1,1,7014788.2,0
581,8388042471,Rathore,721,Jaipur City,Male,36,8,0,2,1,0,14378724.1,0
582,8536312924,Maheshwari,608,Jaipur City,Female,33,2,9216708.95,2,0,1,9289768.15,1
583,8075154255,Aggarwal,583,Jaipur City,Female,57,3,0,2,0,1,514913.85,0
584,8109285989,Jain,536,Jaipur  Urban,Female,30,9,6153354.85,1,1,0,6551556.9,0
585,8210473371,Saini,656,Jaipur  Urban,Female,51,1,10178050.45,2,0,0,4671133.35,1
586,8470260143,Sharma,792,Jaipur Gramin,Female,51,2,8580470.35,1,0,0,15267258,1
587,8312545957,Agarwal,625,Jaipur City,Male,53,9,14491806.4,1,1,0,3024985.95,1
588,8871248030,Agarwal,750,Jaipur Gramin,Male,44,5,0,1,1,1,9975271.9,0
589,8298481677,Sharma,511,Jaipur Gramin,Male,36,1,0,1,1,0,13659221.2,0
590,8329591008,Maheshwari,503,Jaipur City,Female,47,6,13370161.7,2,0,0,12518666.55,1
591,8177651192,Verma,736,Jaipur  Urban,Female,38,7,12291528.7,1,1,1,4810520.6,1
592,8427840584,Paliwal,720,Jaipur Gramin,Male,38,8,11458960.5,1,1,0,110478.75,0
593,8146279672,Choudhary,679,Jaipur Gramin,Female,34,9,9851255.2,1,1,1,2133077.55,0
594,8413805054,Aggarwal,636,Jaipur City,Male,32,4,6972890,1,0,0,12437748.25,0
595,8103993559,Jat,815,Jaipur City,Female,26,4,14817041.05,2,0,1,3255177.85,0
596,8930113484,Khandelwal,613,Jaipur  Urban,Female,41,2,9707581.4,1,1,0,13945236,0
597,8114282073,Saini,702,Jaipur City,Male,43,9,0,2,1,0,9163958.8,0
598,8819217948,Sharma,655,Jaipur  Urban,Male,39,9,9483824.85,1,1,1,2621273.35,0
599,8044681008,Khandelwal,700,Jaipur  Urban,Female,57,5,13808138.65,1,0,0,783851.3,1
600,8539662250,Rathore,461,Jaipur  Urban,Female,34,4,12601210.9,1,0,1,2867752.95,0
601,8379673563,Maheshwari,601,Jaipur Gramin,Female,43,8,0,3,0,1,9427872.75,1
602,8346844379,Saini,794,Jaipur City,Female,26,7,10515304.1,2,1,1,14420638.45,0
603,8926083911,Choudhary,704,Jaipur Gramin,Female,72,9,0,1,0,1,5935499,0
604,8802907356,Khandelwal,559,Jaipur Gramin,Male,30,5,0,1,1,0,4668753.35,1
605,8752610692,Rathore,722,Jaipur Gramin,Male,37,10,12794693,1,1,1,8051921.65,0
606,8614668841,Meena,601,Jaipur Gramin,Male,29,9,0,1,1,1,6833427.95,0
607,8884256390,Jain,719,Jaipur Gramin,Male,53,4,0,2,0,1,9461178.3,0
608,8813540393,Agarwal,581,Jaipur Gramin,Male,28,10,0,2,1,0,1685917.2,0
609,8440152739,Meena,719,Jaipur Gramin,Male,35,5,0,2,1,1,6663765.4,0
610,8145161064,Saini,718,Jaipur  Urban,Female,51,2,9436613.3,1,1,0,7344873.8,0
611,8541638938,Choudhary,474,Jaipur Gramin,Male,30,10,11029259.15,1,0,0,14683720.25,0
612,8832635961,Aggarwal,660,Jaipur Gramin,Female,27,6,0,2,1,0,85203.15,0
613,8557731629,Khandelwal,606,Jaipur Gramin,Female,64,2,11012234.5,1,1,1,1156152.15,0
614,8239717185,Paliwal,680,Jaipur City,Male,38,1,7412202.3,1,1,1,6618687.35,0
615,8756754968,Jain,706,Jaipur  Urban,Male,26,8,12421338.15,1,1,1,14900224.6,0
616,8039681096,Saini,752,Jaipur City,Female,31,0,0,1,1,0,10348838.4,1
617,8466433908,Maheshwari,785,Jaipur City,Male,39,6,14465724.15,2,1,0,7615427.1,0
618,8514313114,Sharma,614,Jaipur  Urban,Female,62,8,11963353.05,1,1,0,16442220.65,1
619,8913679488,Paliwal,535,Jaipur City,Male,42,7,11820993.35,1,1,1,7390325,0
620,8332480086,Paliwal,688,Jaipur City,Female,37,8,0,2,1,1,15582097.15,0
621,8551246665,Paliwal,592,Jaipur Gramin,Male,35,9,9706425.4,1,1,0,6048098.5,0
622,8055127465,Gupta,667,Jaipur City,Female,40,10,14269672.5,1,0,1,12910408.6,0
623,8790709171,Saini,522,Jaipur  Urban,Female,53,5,12037406.75,2,1,1,6450535.25,0
624,8400724632,Jain,694,Jaipur  Urban,Male,36,3,12388551.95,2,0,1,7613172.9,0
625,8453764789,Agarwal,452,Jaipur City,Female,48,2,10975254.4,1,0,1,2250442.15,0
626,8337458300,Agarwal,900,Jaipur City,Male,35,7,9379734.7,1,0,0,10740243,0
627,8269942850,Saini,392,Jaipur Gramin,Male,29,1,12012672.6,1,1,1,7976340.5,0
628,8439187461,Rathore,782,Jaipur Gramin,Male,49,2,6685576.4,1,1,0,654381,0
629,8338256508,Gupta,659,Jaipur Gramin,Male,47,1,0,2,1,1,12375477.25,0
630,8310632761,Sharma,839,Jaipur City,Female,28,3,12091560.25,1,1,0,3828617.6,0
631,8508030277,Paliwal,587,Jaipur Gramin,Female,61,1,0,1,1,0,5194227.6,1
632,8115507764,Paliwal,580,Jaipur  Urban,Female,54,6,9859053.1,1,1,0,4892088.3,1
633,8135128641,Saini,887,Jaipur City,Female,33,10,6425356.55,1,1,0,5327325.7,0
634,8304046905,Rathore,528,Jaipur  Urban,Male,44,3,13949608.4,2,1,1,1030267.15,0
635,8873069049,Agarwal,900,Jaipur Gramin,Male,31,6,5779679.55,2,0,0,4261038.95,1
636,8688862289,Agarwal,715,Jaipur City,Female,51,5,0,2,1,0,4676906.55,0
637,8362745430,Choudhary,672,Jaipur City,Female,33,1,0,2,0,0,10015967.35,0
638,8254239745,Saini,698,Jaipur Gramin,Male,48,1,11796142.75,1,0,1,14351419.55,0
639,8241436875,Gupta,773,Jaipur Gramin,Female,43,10,12565732.75,1,0,1,2059899.35,0
640,8742306453,Verma,822,Jaipur Gramin,Female,36,4,11512264,1,0,0,16203295.85,0
641,8433159270,Gupta,782,Jaipur City,Male,48,5,9865106.8,1,1,0,13312562.3,1
642,8860312087,Maheshwari,727,Jaipur Gramin,Female,29,5,9567992.7,1,1,0,3598422.3,0
643,8155198831,Agarwal,580,Jaipur Gramin,Female,27,1,10659559.3,1,1,1,9416675.7,0
644,8214484179,Agarwal,672,Jaipur  Urban,Female,39,5,11486474.15,1,1,0,14763055,1
645,8603216448,Meena,863,Jaipur Gramin,Female,39,9,11313748.2,1,1,0,2298949.1,1
646,8082325440,Agarwal,688,Jaipur Gramin,Female,34,8,3583351.8,1,1,0,1750880.15,1
647,8275573968,Sharma,782,Jaipur Gramin,Female,30,3,0,2,1,1,8924258.8,0
648,8781638394,Jat,574,Jaipur Gramin,Male,38,7,6992039.65,1,1,0,764742.45,0
649,8893228928,Saini,406,Jaipur Gramin,Female,36,4,0,2,1,0,5475742.5,0
650,8141785204,Khandelwal,662,Jaipur Gramin,Male,38,6,0,2,1,1,12384518.7,0
651,8143553139,Gupta,635,Jaipur Gramin,Female,49,4,0,2,1,1,16688515.8,0
652,8875901676,Jat,744,Jaipur Gramin,Male,52,7,0,1,1,1,1256395.2,0
653,8342707677,Rathore,682,Jaipur Gramin,Male,42,3,12789190.95,1,1,0,9191834.55,0
654,8901591144,Verma,431,Jaipur  Urban,Male,48,4,11389534.2,1,1,1,1639400.1,1
655,8715127278,Sharma,755,Jaipur City,Male,31,8,14014018.85,2,1,1,813228.15,0
656,8167190274,Jain,478,Jaipur  Urban,Male,25,8,10344732.05,1,1,1,11237891.65,0
657,8911478829,Singh,539,Jaipur City,Male,25,6,16477947,1,0,1,1836009.35,0
658,8105536310,Gupta,601,Jaipur  Urban,Female,54,1,11138397.45,2,1,1,16971227.5,0
659,8755443018,Jat,533,Jaipur Gramin,Male,64,9,9675503.25,1,1,1,10569026.65,0
660,8935138519,Jain,781,Jaipur Gramin,Female,30,6,0,2,1,0,1340118.5,0
661,8520663999,Verma,638,Jaipur  Urban,Female,41,3,6959577.3,1,1,1,2859587.85,0
662,8206497580,Meena,713,Jaipur City,Male,57,8,9887715.95,1,1,1,10004895.25,0
663,8707960729,Jain,694,Jaipur Gramin,Male,31,2,0,2,1,1,4998278.8,0
664,8909306304,Sharma,714,Jaipur Gramin,Male,46,4,0,2,1,1,11690663.7,0
665,8062908951,Sharma,673,Jaipur Gramin,Female,41,1,0,2,0,1,11160557.8,0
666,8619506174,Khandelwal,673,Jaipur Gramin,Male,33,9,0,2,1,1,7154858.85,0
667,8735057353,Meena,551,Jaipur Gramin,Female,31,3,10801012.05,1,0,1,13680051.3,0
668,8038555170,Singh,484,Jaipur Gramin,Male,29,3,0,2,1,1,12236174.15,0
669,8971032087,Saini,714,Jaipur City,Male,46,3,10416719.4,1,1,1,4785317.25,0
670,8002660891,Jain,648,Jaipur Gramin,Female,42,5,14968426.05,1,1,1,714402.05,0
671,8954697187,Meena,629,Jaipur  Urban,Female,48,3,10403012.3,2,0,0,2551707.65,0
672,8694861775,Sharma,680,Jaipur Gramin,Male,42,9,0,2,0,1,4941680.7,0
673,8893808615,Sharma,650,Jaipur Gramin,Male,26,0,0,1,0,0,4035177.8,0
674,8629704719,Jat,648,Jaipur City,Female,32,6,10104744.75,2,1,1,1626195.35,0
675,8015978042,Agarwal,515,Jaipur City,Male,35,5,0,2,1,1,15919522.5,0
676,8626755536,Singh,556,Jaipur Gramin,Female,39,5,0,2,1,1,1496323.85,0
677,8014514418,Jain,592,Jaipur City,Female,38,4,7542597.4,2,1,0,5696702.55,0
678,8623099086,Khandelwal,767,Jaipur  Urban,Male,45,7,8729807.7,1,0,1,12563249.9,1
679,8673280911,Khandelwal,826,Jaipur City,Female,70,1,0,2,1,1,3536902.7,0
680,8317523214,Jain,701,Jaipur City,Female,38,3,0,2,1,0,3761730.25,0
681,8787823352,Maheshwari,458,Jaipur Gramin,Male,55,5,8272051.25,1,0,1,6665371.9,0
682,8432836577,Paliwal,589,Jaipur City,Male,58,5,10919838.65,1,0,1,11666636.75,0
683,8402372362,Verma,661,Jaipur  Urban,Female,41,4,11341770.15,1,0,1,12860795.8,0
684,8355166912,Khandelwal,779,Jaipur  Urban,Female,40,8,12051518.45,2,0,0,7338358.55,0
685,8020733774,Meena,580,Jaipur Gramin,Male,24,9,11485648.8,1,0,0,7633161.5,0
686,8255389810,Verma,673,Jaipur City,Male,42,2,15199777.35,1,0,0,2495478.45,1
687,8694208067,Meena,738,Jaipur Gramin,Female,31,2,9538031.9,2,1,1,15436061.2,0
688,8850281770,Rathore,803,Jaipur  Urban,Female,45,5,10767358.85,1,1,0,10550090.35,1
689,8764565316,Sharma,630,Jaipur Gramin,Female,51,7,11585072.45,1,1,0,3303734.1,1
690,8667745762,Agarwal,649,Jaipur Gramin,Female,36,5,5643374.4,1,1,0,2644066.95,0
691,8710474124,Jat,739,Jaipur  Urban,Male,27,1,10416948.9,2,1,0,5746965.6,0
692,8009978954,Khandelwal,800,Jaipur Gramin,Male,43,1,6494752.25,2,1,0,6616198.55,0
693,8181457873,Agarwal,774,Jaipur  Urban,Male,36,8,12331055.4,1,0,0,516669.1,0
694,8192488550,Agarwal,587,Jaipur Gramin,Male,34,6,0,2,1,1,15121238.2,0
695,8670605608,Agarwal,835,Jaipur Gramin,Female,45,2,9327068.7,1,1,1,10530032.05,0
696,8449031145,Paliwal,677,Jaipur Gramin,Male,57,6,0,2,1,1,1300846.8,0
697,8238135473,Verma,414,Jaipur City,Male,62,1,5450147.3,1,1,1,6508419.4,1
698,8277429462,Meena,532,Jaipur  Urban,Female,57,1,9021758.05,2,1,1,10255872.2,1
699,8356629446,Aggarwal,775,Jaipur City,Male,36,2,0,2,1,1,1397107.6,0
700,8009976122,Rathore,770,Jaipur  Urban,Male,33,0,15440803.35,1,1,1,9151772.35,0
701,8892515366,Gupta,780,Jaipur Gramin,Female,32,5,0,2,1,0,8126974.95,0
702,8709914882,Agarwal,683,Jaipur Gramin,Male,30,7,8085953.1,1,0,0,1682937.1,0
703,8038489803,Saini,593,Jaipur City,Female,49,2,10762354.9,2,0,1,10473252.9,0
704,8067368966,Verma,569,Jaipur City,Male,36,1,0,2,0,1,6095275.2,0
705,8552962096,Khandelwal,671,Jaipur  Urban,Male,36,2,6476190.8,2,1,1,12670621.9,0
706,8626273817,Singh,780,Jaipur  Urban,Male,40,5,14304378.85,3,1,0,1738419.15,1
707,8844679328,Khandelwal,631,Jaipur  Urban,Male,35,4,7489333.85,1,1,1,2790167.5,0
708,8444421988,Jat,624,Jaipur Gramin,Male,42,4,0,2,1,0,529746.35,0
709,8847397039,Gupta,576,Jaipur Gramin,Female,35,8,0,2,0,1,880347.55,0
710,8672431694,Aggarwal,703,Jaipur Gramin,Female,34,3,10537578.35,2,1,0,12562543.55,0
711,8883137537,Saini,528,Jaipur Gramin,Male,48,0,12589900.8,1,0,0,9942745.8,0
712,8674247656,Khandelwal,641,Jaipur  Urban,Male,35,6,9882865.85,1,1,0,11047019.9,0
713,8488265598,Aggarwal,638,Jaipur City,Male,38,1,10250932.85,1,1,0,7889433.1,0
714,8724773318,Gupta,481,Jaipur Gramin,Female,41,3,12262142.5,1,1,0,14629746.95,0
715,8958148511,Agarwal,660,Jaipur City,Female,25,3,7361467.5,3,1,0,1415191.35,1
716,8937707139,Saini,823,Jaipur Gramin,Male,34,9,0,2,1,0,12283961.15,0
717,8196145427,Aggarwal,545,Jaipur  Urban,Female,37,4,4983547.45,1,0,0,15473281,0
718,8871377393,Jat,721,Jaipur City,Female,42,5,0,2,0,0,2057897.6,0
719,8790167156,Meena,449,Jaipur Gramin,Male,45,10,0,2,0,0,14634951.5,0
720,8840589987,Sharma,625,Jaipur Gramin,Female,43,5,0,1,1,1,4044168.25,0
721,8817022751,Meena,686,Jaipur City,Female,56,2,17830221.35,2,1,1,12809025.7,1
722,8759436315,Gupta,431,Jaipur City,Female,42,6,11018911.25,2,1,1,15103056.7,1
723,8089703756,Verma,683,Jaipur Gramin,Male,23,1,0,2,0,0,5617550.55,0
724,8221563904,Sharma,811,Jaipur Gramin,Female,38,2,14435079.1,1,1,0,14389794.5,0
725,8940854459,Rathore,713,Jaipur Gramin,Male,36,3,8290071.25,1,1,1,9956934.85,0
726,8808753207,Jat,824,Jaipur Gramin,Female,42,10,12409035.25,2,1,1,6758381.45,0
727,8305103394,Rathore,576,Jaipur Gramin,Male,37,9,0,2,0,1,6554236.1,0
728,8230790255,Paliwal,733,Jaipur Gramin,Female,25,7,0,3,1,1,822738.8,0
729,8293379869,Saini,688,Jaipur Gramin,Female,40,5,11687013.8,1,1,0,6949083.2,0
730,8399506741,Jain,479,Jaipur Gramin,Female,57,1,0,1,0,0,11166652.3,1
731,8368003107,Sharma,589,Jaipur Gramin,Male,24,6,12525600,1,1,1,2151419.7,0
732,8617908216,Rathore,803,Jaipur Gramin,Female,25,10,0,2,0,0,15973688.75,0
733,8320328118,Khandelwal,668,Jaipur City,Male,31,3,10639196.7,1,0,0,8399733.15,0
734,8449513176,Rathore,766,Jaipur  Urban,Male,43,9,10297924.25,2,1,0,5454169.5,1
735,8063497807,Aggarwal,534,Jaipur  Urban,Female,60,7,10963390.95,1,0,1,15038557.85,1
736,8742786873,Meena,476,Jaipur Gramin,Male,47,6,0,1,1,1,7654681.8,0
737,8056953426,Aggarwal,859,Jaipur City,Male,67,6,12908013.3,1,1,1,6189216.35,0
738,8195757632,Paliwal,510,Jaipur Gramin,Male,36,2,9743414,1,0,1,14304655.1,0
739,8460516676,Sharma,750,Jaipur Gramin,Male,46,6,0,2,1,0,13750227.3,0
740,8607237759,Sharma,710,Jaipur Gramin,Female,28,8,8080016.7,2,1,0,3775715.3,0
741,8745099570,Paliwal,622,Jaipur Gramin,Female,24,7,10942593.15,1,0,1,3157546.85,0
742,8559722005,Gupta,535,Jaipur Gramin,Male,24,8,13287657.3,1,1,1,10657386.7,0
743,8869158615,Aggarwal,642,Jaipur Gramin,Male,29,7,8959507.45,1,1,1,12737580.65,0
744,8616022634,Choudhary,613,Jaipur Gramin,Female,49,2,7557806.45,3,0,0,13721976.7,1
745,8846894451,Khandelwal,660,Jaipur Gramin,Male,60,8,0,2,1,1,8748689.6,0
746,8386627940,Singh,607,Jaipur Gramin,Male,40,5,0,2,1,1,6026437.95,0
747,8419231924,Meena,893,Jaipur Gramin,Male,18,2,13683302.55,1,0,0,12404583.8,0
748,8193197411,Sharma,420,Jaipur City,Female,46,5,15097675.35,1,1,0,4609300.1,0
749,8716609187,Gupta,752,Jaipur City,Male,38,2,5293544.15,1,1,1,5038867.15,0
750,8372729923,Jain,432,Jaipur  Urban,Male,46,4,10842597.45,2,1,1,10790962.5,0
751,8746170659,Khandelwal,659,Jaipur Gramin,Male,41,0,0,2,0,1,11098196.7,0
752,8306966708,Aggarwal,790,Jaipur  Urban,Female,47,9,8119468.6,1,1,0,6230030.8,0
753,8708386257,Meena,468,Jaipur Gramin,Female,35,7,9158667.55,1,1,1,334676.45,0
754,8446953905,Jain,858,Jaipur  Urban,Male,37,2,9416067.1,2,1,0,202605.15,0
755,8535217615,Aggarwal,886,Jaipur City,Female,39,5,14172383.2,2,1,0,1213752.4,0
756,8669245096,Rathore,844,Jaipur Gramin,Male,31,9,13355273.1,2,1,0,12010545.05,0
757,8497783697,Jain,677,Jaipur  Urban,Female,36,2,10808666.3,2,1,0,6641963.75,0
758,8160097813,Paliwal,763,Jaipur City,Female,28,2,0,2,1,1,9981643.5,0
759,8985237569,Maheshwari,640,Jaipur Gramin,Female,37,9,13267817.45,1,1,0,6120731.85,0
760,8760742932,Gupta,677,Jaipur Gramin,Male,58,5,8386795.3,1,1,1,5175444.3,0
761,8937604707,Meena,600,Jaipur Gramin,Female,43,5,11391875.1,1,1,0,16555010.55,0
762,8784566655,Agarwal,712,Jaipur Gramin,Female,35,5,10552842.65,1,1,0,7539936.9,1
763,8234905387,Maheshwari,676,Jaipur  Urban,Female,36,6,6566547.5,1,0,0,3044527.45,1
764,8552908390,Saini,770,Jaipur  Urban,Female,21,1,9714860.8,1,1,0,2679234,0
765,8075892270,Saini,732,Jaipur  Urban,Male,43,2,11906827.2,3,1,1,13422196.15,1
766,8069154854,Meena,732,Jaipur City,Female,27,2,11498626.6,1,1,0,12087012.75,0
767,8441386268,Jain,720,Jaipur Gramin,Female,82,2,0,2,0,1,15474705.6,0
768,8167531317,Aggarwal,744,Jaipur  Urban,Male,60,9,9853252.7,2,0,0,13391926.8,1
769,8739582553,Gupta,701,Jaipur City,Male,41,2,10181531.2,2,0,0,10224196.95,0
770,8882902612,Singh,517,Jaipur Gramin,Female,63,1,9750835.35,1,0,1,2083090.75,1
771,8777319184,Saini,770,Jaipur  Urban,Female,36,2,11028625.9,2,0,0,4018086.85,1
772,8605478223,Gupta,740,Jaipur Gramin,Male,31,4,11026418.45,1,0,0,3500011,0
773,8045184187,Saini,587,Jaipur Gramin,Male,32,2,0,2,0,1,804834.4,0
774,8298488478,Rathore,800,Jaipur Gramin,Male,36,3,11830317,1,0,0,10529816.15,0
775,8603837682,Aggarwal,643,Jaipur  Urban,Male,49,6,9655977.9,2,1,0,13505402.65,1
776,8353866824,Rathore,658,Jaipur Gramin,Male,33,7,11470240,1,1,1,9948092.3,0
777,8750688734,Khandelwal,626,Jaipur  Urban,Female,58,7,9938391.25,1,1,0,10235326.85,1
778,8394058288,Saini,710,Jaipur City,Male,28,9,10110332.65,1,0,0,1365461.25,1
779,8702726244,Agarwal,785,Jaipur Gramin,Male,28,8,0,2,1,1,4472327.7,0
780,8787798529,Agarwal,695,Jaipur City,Female,35,8,10130532.05,1,0,0,10302857.65,0
781,8823678707,Rathore,647,Jaipur Gramin,Male,27,8,0,2,1,0,16341024.75,0
782,8029380783,Paliwal,809,Jaipur Gramin,Female,28,1,6057441.7,2,0,1,5844563.45,0
783,8748585197,Maheshwari,500,Jaipur Gramin,Male,41,2,0,2,0,1,6454684.95,0
784,8932084621,Agarwal,565,Jaipur Gramin,Female,35,8,0,2,0,0,7188376.05,0
785,8987651130,Saini,776,Jaipur  Urban,Male,58,7,9886653.45,1,1,1,16209189.75,1
786,8797368160,Meena,830,Jaipur City,Male,36,5,7831912.75,1,0,1,5734836.95,0
787,8971853753,Rathore,706,Jaipur Gramin,Male,26,1,0,2,1,1,8877054.9,0
788,8801778534,Khandelwal,737,Jaipur  Urban,Male,42,2,15099407.65,1,0,1,4009156.75,0
789,8566106041,Singh,554,Jaipur City,Female,35,0,0,2,1,0,10191459.2,0
790,8588594098,Singh,725,Jaipur City,Male,48,8,14279796,1,1,1,14747368.25,0
791,8208545747,Verma,718,Jaipur Gramin,Male,36,2,6993404.75,2,1,1,7926187.1,0
792,8107480577,Maheshwari,613,Jaipur Gramin,Male,49,3,0,2,1,1,12147990.9,0
793,8459686642,Jain,900,Jaipur  Urban,Female,48,6,9516854.15,1,1,0,9499243,0
794,8960408872,Aggarwal,772,Jaipur  Urban,Female,34,1,11197634.8,1,1,1,9226172.85,0
795,8131852498,Agarwal,665,Jaipur Gramin,Male,29,1,0,1,1,0,15329362.4,0
796,8459977850,Agarwal,793,Jaipur  Urban,Male,36,8,9200324.35,2,0,0,8452741.7,0
797,8688037092,Jain,722,Jaipur Gramin,Female,46,9,8367756.15,1,0,1,9312878.8,0
798,8288222801,Sharma,466,Jaipur  Urban,Male,32,3,9735932.3,1,1,0,7868285.95,0
799,8570515087,Khandelwal,700,Jaipur Gramin,Female,35,6,15940106.1,2,1,1,3227990.6,0
800,8851891587,Choudhary,601,Jaipur  Urban,Female,42,9,11359073.6,1,0,1,8781837.9,0
801,8561074315,Rathore,606,Jaipur Gramin,Male,52,7,0,2,1,1,14785962.5,0
802,8773707142,Paliwal,685,Jaipur  Urban,Female,44,0,7203327.55,2,0,1,2947288.3,0
803,8935223565,Khandelwal,617,Jaipur  Urban,Female,31,7,10250947.3,2,1,1,3923892.4,0
804,8806444790,Jat,493,Jaipur City,Female,29,9,0,2,0,1,11957543.3,0
805,8336303115,Agarwal,900,Jaipur Gramin,Male,39,4,10860564.75,2,0,1,12897775.9,0
806,8259290978,Aggarwal,828,Jaipur City,Female,46,9,0,1,0,0,1247783.85,1
807,8315387268,Verma,832,Jaipur Gramin,Female,33,0,0,1,0,0,14921241.7,0
808,8052096336,Singh,634,Jaipur Gramin,Male,69,5,0,2,1,1,15466991,0
809,8422388217,Agarwal,598,Jaipur  Urban,Male,53,10,14260701.6,1,1,1,11635383.1,0
810,8799622249,Verma,668,Jaipur Gramin,Female,37,6,8146876,1,1,0,10388549.55,0
811,8855877663,Saini,622,Jaipur Gramin,Female,35,10,0,2,1,0,15337378.75,0
812,8819268681,Khandelwal,697,Jaipur City,Male,65,7,11450749.5,2,0,1,16185683.85,0
813,8818179242,Saini,499,Jaipur City,Female,33,3,0,2,1,1,4988275.15,0
814,8750679888,Choudhary,385,Jaipur  Urban,Male,28,8,10402658.7,3,1,1,7566477.3,1
815,8871167044,Meena,720,Jaipur Gramin,Female,26,2,0,2,0,0,4254370.7,0
816,8535769900,Jat,774,Jaipur Gramin,Male,25,5,13429417.75,2,1,0,12413523.25,0
817,8533063088,Khandelwal,715,Jaipur Gramin,Male,29,8,0,2,1,0,16249117.65,0
818,8012186528,Sharma,576,Jaipur  Urban,Female,42,2,10483165.6,1,0,0,8798866.8,1
819,8962400227,Choudhary,476,Jaipur City,Male,27,9,6397368.6,1,1,1,14010128.4,0
820,8288985187,Gupta,744,Jaipur Gramin,Female,43,6,11715042.55,2,1,0,14667410.45,0
821,8539813521,Sharma,671,Jaipur  Urban,Male,36,4,11269208.2,2,1,0,7167279.9,0
822,8077297672,Maheshwari,889,Jaipur Gramin,Female,36,5,13261811.35,1,0,0,10426353.3,0
823,8092044861,Rathore,650,Jaipur City,Male,34,8,0,1,1,0,6127233.5,0
824,8696679096,Aggarwal,758,Jaipur City,Female,69,9,11683541.55,1,0,1,9429240.4,1
825,8015901724,Khandelwal,600,Jaipur City,Male,36,4,0,2,1,0,12209005.6,0
826,8571998076,Gupta,437,Jaipur  Urban,Male,33,8,13964201.2,2,1,1,315378.9,0
827,8698195057,Gupta,696,Jaipur Gramin,Female,47,5,0,2,1,1,15286683.05,0
828,8949422541,Choudhary,790,Jaipur City,Male,56,1,0,2,1,1,904687.3,0
829,8427447192,Jain,636,Jaipur  Urban,Female,31,2,9551746.65,2,1,1,11149278.3,0
830,8030719118,Maheshwari,572,Jaipur Gramin,Female,39,10,0,2,1,0,897031.35,0
831,8282270085,Meena,701,Jaipur Gramin,Female,34,6,0,2,1,1,11128898.7,0
832,8942264951,Khandelwal,730,Jaipur City,Female,41,5,0,1,0,1,13345339.15,0
833,8177652393,Jain,758,Jaipur  Urban,Female,29,1,13118374.7,1,1,1,11774842.6,0
834,8120780956,Choudhary,641,Jaipur  Urban,Male,37,3,9471785.45,2,1,1,14197761.65,0
835,8775502158,Rathore,640,Jaipur Gramin,Female,30,6,0,2,0,0,3539594.65,0
836,8538251100,Singh,551,Jaipur Gramin,Male,34,2,11678159.35,2,1,0,822545,0
837,8212842755,Agarwal,713,Jaipur City,Female,37,3,0,2,1,1,12496038.7,0
838,8544401489,Agarwal,703,Jaipur  Urban,Female,56,5,9489576.8,1,1,1,6847078.95,0
839,8892252913,Meena,544,Jaipur City,Female,48,3,0,1,0,1,2612130.75,1
840,8627479992,Rathore,488,Jaipur Gramin,Male,36,4,7101186.45,1,0,0,11911426.55,0
841,8410423216,Paliwal,758,Jaipur  Urban,Male,50,6,12353794.6,1,0,0,7814568.5,1
842,8313547947,Meena,862,Jaipur Gramin,Female,31,1,15877691.45,1,0,0,15151473.55,0
843,8636284134,Khandelwal,672,Jaipur  Urban,Male,35,8,4984521.55,1,0,1,16887296.8,0
844,8796393546,Khandelwal,808,Jaipur City,Female,41,5,0,1,1,0,2402686.5,1
845,8654042381,Verma,648,Jaipur Gramin,Male,44,3,11657637.8,1,1,0,7852385.85,0
846,8986998658,Jain,486,Jaipur Gramin,Male,49,7,6800104.55,1,0,0,11490309.35,0
847,8666566642,Paliwal,737,Jaipur  Urban,Male,21,6,7344214.2,2,0,0,2323100.15,0
848,8509180529,Agarwal,442,Jaipur Gramin,Female,42,5,0,2,1,0,10650953.9,0
849,8412504125,Gupta,613,Jaipur City,Male,51,1,10444352.9,1,1,1,12720118.25,0
850,8747156329,Jain,726,Jaipur Gramin,Male,25,0,8291264.65,1,0,1,5090407.75,0
851,8461496639,Jat,655,Jaipur  Urban,Male,46,1,14520256.75,2,1,0,3828512.2,0
852,8198412389,Khandelwal,680,Jaipur  Urban,Female,48,1,8256383.2,2,0,0,9631925.45,1
853,8072639916,Maheshwari,493,Jaipur  Urban,Female,41,8,13081130.25,1,1,1,3322430.7,0
854,8341865321,Aggarwal,664,Jaipur Gramin,Female,43,6,0,2,1,1,623100.15,0
855,8685323985,Rathore,690,Jaipur Gramin,Female,57,8,0,2,0,1,8114379.65,0
856,8698383289,Sharma,508,Jaipur City,Male,32,4,0,2,1,0,14267081.7,0
857,8084310270,Meena,560,Jaipur  Urban,Female,49,5,11471261.7,1,1,0,7986076.4,1
858,8761718291,Khandelwal,769,Jaipur City,Male,39,7,12209194.3,2,0,1,14809351.1,0
859,8299260473,Jain,427,Jaipur City,Male,32,9,12538031.25,1,1,1,11508932.85,0
860,8030249071,Paliwal,598,Jaipur Gramin,Male,64,1,0,2,1,0,16629000.5,1
861,8238353720,Aggarwal,680,Jaipur Gramin,Male,43,8,16169334.1,1,1,0,8288183.4,1
862,8908090341,Maheshwari,538,Jaipur Gramin,Female,32,2,14658145.45,1,1,0,15987120.45,1
863,8329834956,Jain,750,Jaipur Gramin,Male,41,7,9688317.85,1,1,1,9919861.25,0
864,8065157827,Sharma,740,Jaipur Gramin,Male,53,6,0,2,0,1,8297263.95,0
865,8703112054,Aggarwal,593,Jaipur Gramin,Male,38,4,0,2,0,0,15885143.4,0
866,8699477453,Jat,694,Jaipur  Urban,Female,25,10,6542290.2,2,0,1,11177646.2,0
867,8768315232,Sharma,534,Jaipur Gramin,Male,38,1,7504916.05,2,1,1,2065750.75,0
868,8925344859,Choudhary,643,Jaipur Gramin,Female,48,1,14520844.1,1,1,0,9393373.8,1
869,8712167204,Saini,604,Jaipur  Urban,Male,44,6,9190403.15,2,1,0,9221508.05,1
870,8360616455,Choudhary,402,Jaipur Gramin,Male,36,4,0,1,1,1,16746292,0
871,8012350251,Agarwal,522,Jaipur Gramin,Female,40,8,0,1,1,1,2353630.45,0
872,8085990497,Jain,635,Jaipur  Urban,Female,45,7,11034563.15,3,1,0,783491.75,1
873,8193747179,Khandelwal,746,Jaipur Gramin,Female,35,2,13935230.65,2,1,1,1280795.3,0
874,8559097732,Khandelwal,553,Jaipur Gramin,Male,28,7,0,2,1,0,662745.85,0
875,8583023989,Khandelwal,654,Jaipur Gramin,Female,38,5,8621575.5,2,0,1,374027.2,0
876,8976839582,Maheshwari,481,Jaipur Gramin,Female,39,9,9970641.1,1,0,0,15472205.75,0
877,8405049900,Saini,482,Jaipur  Urban,Female,32,1,14733970.55,1,0,1,10434935.75,0
878,8920640136,Choudhary,662,Jaipur City,Female,42,4,0,2,1,1,3242920.85,0
879,8265267433,Saini,569,Jaipur Gramin,Female,33,3,11419628.45,1,1,0,5368939.15,0
880,8703210527,Singh,502,Jaipur Gramin,Female,45,9,8969680.25,2,1,1,6240554.65,0
881,8212270717,Jain,779,Jaipur Gramin,Female,60,6,0,1,1,0,1528187.8,1
882,8093344322,Saini,695,Jaipur Gramin,Female,43,4,0,3,1,0,9786603.35,1
883,8430162461,Gupta,558,Jaipur Gramin,Male,36,6,9026328.5,1,1,0,12713925.15,0
884,8915703921,Meena,652,Jaipur Gramin,Female,45,4,3837276.55,1,1,0,5177965.4,1
885,8093276363,Meena,498,Jaipur Gramin,Male,65,7,7829656.85,1,1,1,12116608.05,0
886,8136274972,Gupta,505,Jaipur Gramin,Male,25,7,0,2,1,1,13419686.95,0
887,8283277954,Aggarwal,767,Jaipur City,Male,38,0,10911147.4,1,1,0,1087696.55,0
888,8875123161,Verma,582,Jaipur Gramin,Male,42,2,0,2,1,1,1585910.45,0
889,8551111352,Maheshwari,760,Jaipur  Urban,Male,74,3,9056370.05,1,1,1,11440114.3,0
890,8045791484,Aggarwal,530,Jaipur Gramin,Female,43,8,12377561.45,1,0,1,879812.9,0
891,8379662109,Sharma,826,Jaipur City,Male,37,8,12031006.25,1,0,0,5611127.95,0
892,8397407112,Paliwal,402,Jaipur  Urban,Male,32,2,4846450.1,2,1,1,502104.35,0
893,8396105625,Maheshwari,572,Jaipur Gramin,Male,42,9,0,1,1,0,6296622.35,0
894,8641806721,Maheshwari,724,Jaipur Gramin,Female,51,3,0,3,1,1,6570037.6,1
895,8993783869,Sharma,754,Jaipur  Urban,Female,35,8,10700220.75,2,1,0,4620516.7,1
896,8725545474,Saini,754,Jaipur  Urban,Male,32,5,5255167.5,1,1,1,13270619.05,0
897,8556986797,Choudhary,742,Jaipur Gramin,Male,35,8,0,2,1,0,8059772.25,0
898,8062542403,Choudhary,625,Jaipur Gramin,Female,40,6,0,1,1,0,13188196.25,0
899,8713655832,Meena,508,Jaipur Gramin,Female,40,2,8752229.85,1,1,0,10939678.5,1
900,8897494706,Rathore,668,Jaipur  Urban,Male,25,2,14600496.75,1,1,0,1933367.5,0
901,8715277452,Aggarwal,752,Jaipur  Urban,Male,40,1,7909389.4,2,1,0,6108551.35,1
902,8670448358,Singh,652,Jaipur Gramin,Male,36,7,13690494.4,2,0,1,7165059.7,0
903,8591563426,Jain,654,Jaipur Gramin,Female,48,7,7702048.9,1,1,1,12676826.05,0
904,8304294198,Agarwal,562,Jaipur Gramin,Male,28,5,12333979.4,2,1,0,15766574.35,0
905,8233423318,Jat,599,Jaipur Gramin,Male,58,4,0,1,0,0,14994607.75,1
906,8135193992,Choudhary,686,Jaipur Gramin,Female,45,9,0,1,1,1,7822353.65,1
907,8079591041,Jain,702,Jaipur Gramin,Male,33,6,14867581.2,1,1,1,3734265.9,0
908,8300942780,Jat,499,Jaipur Gramin,Female,46,1,8920556.2,1,1,0,9842086.25,1
909,8616849141,Jain,702,Jaipur City,Male,31,10,11493165.35,1,1,1,10691068.8,0
910,8243204904,Saini,847,Jaipur City,Male,25,7,0,2,1,0,1569261.5,0
911,8678387883,Jat,605,Jaipur Gramin,Male,36,6,9879537.25,2,1,1,6768837.3,0
912,8517020223,Agarwal,658,Jaipur City,Female,53,6,9452119.85,1,1,1,10331094.65,0
913,8977006622,Jain,534,Jaipur City,Female,32,4,0,1,1,0,8052832,0
914,8346898411,Gupta,787,Jaipur  Urban,Male,27,1,11211415,1,1,0,7930694.65,0
915,8156790830,Agarwal,563,Jaipur Gramin,Male,35,10,10584669.2,1,1,1,16472471.3,0
916,8767783041,Jat,595,Jaipur Gramin,Male,47,6,0,1,1,0,6361030.25,0
917,8240066380,Agarwal,450,Jaipur Gramin,Male,39,6,0,1,1,1,4844991.5,1
918,8399197805,Jain,655,Jaipur Gramin,Female,45,3,4006453.75,1,1,1,4865097.4,0
919,8841326649,Verma,821,Jaipur City,Male,35,3,0,2,0,0,6926109.4,0
920,8271369321,Jain,542,Jaipur City,Male,45,9,0,2,1,0,2273967.6,0
921,8895859499,Jain,755,Jaipur Gramin,Male,44,5,0,2,0,1,782045.9,0
922,8477349193,Saini,611,Jaipur City,Male,61,1,0,1,1,0,1908067.25,1
923,8995885823,Aggarwal,546,Jaipur Gramin,Male,51,5,0,3,1,0,16075445.65,1
924,8747168426,Gupta,566,Jaipur  Urban,Female,19,1,11785851.8,1,1,1,1373754.7,0
925,8475909502,Singh,822,Jaipur Gramin,Female,34,9,5975710.8,1,1,1,5831030.6,0
926,8477669336,Choudhary,737,Jaipur  Urban,Female,36,1,8636765.85,2,1,1,38057.05,0
927,8012229793,Maheshwari,766,Jaipur City,Male,35,3,0,1,1,1,1330312.05,0
928,8589708260,Sharma,647,Jaipur  Urban,Male,38,5,11064519.7,1,1,1,12715967.7,0
929,8000145693,Aggarwal,504,Jaipur  Urban,Male,61,8,11373194.65,2,1,1,7675840.85,0
930,8303639622,Sharma,797,Jaipur Gramin,Female,24,7,9029891.7,1,0,0,9832492.3,0
931,8548947710,Saini,673,Jaipur City,Male,39,6,11273463.3,1,0,0,3299076.95,0
932,8479061445,Gupta,557,Jaipur  Urban,Male,41,9,8799433.75,2,1,1,2918747.85,0
933,8353207157,Khandelwal,730,Jaipur  Urban,Female,42,8,16353194.2,2,1,0,69985.6,0
934,8149462582,Jain,494,Jaipur City,Male,36,1,0,1,0,1,11515992.1,1
935,8214208322,Khandelwal,590,Jaipur City,Male,37,9,0,3,1,1,905835.65,0
936,8147760642,Khandelwal,623,Jaipur Gramin,Female,38,3,0,2,0,1,9899724.75,0
937,8964364313,Paliwal,810,Jaipur Gramin,Male,52,8,9343421.85,1,1,1,8229982.2,1
938,8579518776,Meena,900,Jaipur  Urban,Female,44,5,10931452.2,1,0,1,14543177,0
939,8283711613,Khandelwal,572,Jaipur Gramin,Female,37,4,0,1,1,1,6789918.15,0
940,8467860887,Choudhary,749,Jaipur Gramin,Female,37,10,5830877.6,1,1,0,13418339.7,0
941,8781973044,Verma,732,Jaipur City,Male,35,1,9054074.2,1,1,1,10875903.85,0
942,8407033029,Meena,715,Jaipur Gramin,Female,31,8,0,2,0,0,16241299.35,0
943,8199246634,Saini,331,Jaipur Gramin,Female,46,6,0,1,1,0,13373363.65,1
944,8602564795,Maheshwari,690,Jaipur  Urban,Female,29,8,10312745.7,1,1,0,11343889.2,0
945,8409803449,Aggarwal,774,Jaipur Gramin,Male,36,8,5714241.45,1,1,0,11117116,0
946,8605683504,Verma,716,Jaipur City,Female,25,5,7049207.25,2,1,1,10911779.8,0
947,8586672937,Agarwal,599,Jaipur City,Female,39,4,0,1,1,0,16513222,1
948,8273197771,Jat,738,Jaipur Gramin,Female,38,5,10080184.85,1,1,1,483154.45,1
949,8691242992,Paliwal,671,Jaipur Gramin,Male,67,4,12408458.95,1,1,1,11138672,0
950,8923215331,Verma,701,Jaipur Gramin,Female,48,3,6231297.3,1,0,0,1804408.9,1
951,8447984065,Singh,642,Jaipur Gramin,Female,48,8,11117688.05,2,1,1,3676275.5,0
952,8558425958,Khandelwal,827,Jaipur  Urban,Male,33,8,12886642.6,1,1,0,373099,0
953,8688125281,Saini,565,Jaipur  Urban,Female,66,9,9484045.85,1,0,1,16088111.5,0
954,8718904281,Rathore,713,Jaipur City,Male,39,0,9098632.9,1,1,1,8694157,0
955,8663210641,Jat,678,Jaipur City,Female,42,2,13291586.85,2,0,1,13325869.9,1
956,8619815508,Sharma,727,Jaipur Gramin,Female,44,4,11016509.15,1,0,0,5938566.65,0
957,8544475235,Choudhary,848,Jaipur City,Female,43,0,0,2,0,1,7269475.4,0
958,8401834599,Sharma,805,Jaipur City,Female,67,8,0,2,1,1,4353683,0
959,8123700147,Verma,517,Jaipur City,Male,27,8,11268981.25,1,0,0,613948.2,0
960,8071603757,Maheshwari,635,Jaipur Gramin,Female,37,6,10973610.5,1,1,1,2037563.05,0
961,8617271851,Sharma,900,Jaipur  Urban,Female,31,1,9249904,1,1,1,11234731.35,0
962,8530575637,Singh,702,Jaipur City,Male,35,4,11725623.35,1,1,0,9659369.4,0
963,8116584116,Saini,650,Jaipur City,Male,32,7,8536873,1,1,1,3380330.15,0
964,8857606109,Agarwal,515,Jaipur City,Male,63,4,8171399.35,3,1,0,9242301.6,1
965,8908414577,Maheshwari,700,Jaipur  Urban,Female,43,4,9850483.4,1,1,1,9974681.15,1
966,8409158122,Aggarwal,676,Jaipur Gramin,Female,42,5,10593215.95,1,1,1,6630382.5,0
967,8741984636,Choudhary,556,Jaipur Gramin,Female,34,6,11883878.9,1,1,1,12955512.15,0
968,8300716923,Singh,644,Jaipur City,Female,34,9,0,2,0,0,2214851.8,0
969,8523903517,Singh,533,Jaipur Gramin,Male,37,3,7182220.35,1,0,0,6797627.65,0
970,8025961735,Sharma,659,Jaipur  Urban,Male,70,9,9932650.35,2,0,1,9105692.15,0
971,8566830689,Khandelwal,646,Jaipur Gramin,Female,48,10,11758307.55,1,1,1,4052726.9,0
972,8697979704,Sharma,748,Jaipur Gramin,Male,25,3,0,2,1,1,11433304.95,0
973,8898009966,Verma,642,Jaipur  Urban,Male,43,5,6714383.75,2,0,0,13027551.35,0
974,8900851016,Aggarwal,780,Jaipur City,Female,38,7,8266879.85,2,0,1,15290058.4,0
975,8826121330,Meena,756,Jaipur Gramin,Male,34,5,10408536.45,2,1,0,11805053.3,0
976,8436288787,Maheshwari,780,Jaipur City,Female,36,8,9599905.95,1,0,1,837743.85,0
977,8933608935,Sharma,583,Jaipur Gramin,Female,43,8,11267452.1,1,1,0,5698980.55,1
978,8488722712,Saini,504,Jaipur Gramin,Female,38,4,0,2,1,0,4793033.55,0
979,8705832210,Rathore,662,Jaipur Gramin,Female,48,8,11330265.4,1,1,0,6609971.45,0
980,8673338116,Choudhary,540,Jaipur Gramin,Female,46,7,0,2,1,0,11100179.75,0
981,8401054538,Jain,593,Jaipur Gramin,Male,27,0,16748553,1,0,0,12912561.65,0
982,8053091022,Sharma,779,Jaipur  Urban,Female,44,0,6077312.15,2,0,0,12842123,0
983,8082030463,Saini,682,Jaipur Gramin,Male,32,7,0,2,1,1,66076.45,0
984,8617943367,Maheshwari,617,Jaipur  Urban,Female,35,6,10888523.8,1,0,0,5903610.4,1
985,8815147218,Saini,808,Jaipur Gramin,Male,25,1,10585286.3,2,0,1,996503.45,0
986,8037018326,Choudhary,541,Jaipur  Urban,Male,31,9,6994974.7,2,1,1,7783046.25,0
987,8839644058,Meena,559,Jaipur Gramin,Male,36,1,12080277.35,1,1,0,6767391.45,0
988,8085783079,Saini,563,Jaipur City,Male,34,0,12906337.1,1,1,0,8695483.85,1
989,8567451615,Rathore,671,Jaipur City,Male,31,7,12717774.8,2,1,1,8885348.35,0
990,8371951641,Saini,746,Jaipur Gramin,Female,49,3,14296801.1,1,1,0,11965073.45,1
991,8795826202,Saini,666,Jaipur Gramin,Male,37,5,7917495,2,1,0,5628201.05,0
992,8882164413,Saini,618,Jaipur Gramin,Female,35,2,8282401.7,2,1,1,11884368.5,0
993,8108035154,Agarwal,782,Jaipur  Urban,Female,42,3,5528916.8,2,0,1,11911838.8,0
994,8077375359,Agarwal,673,Jaipur City,Female,28,7,8105386.65,1,0,0,8695257.75,0
995,8857399217,Meena,886,Jaipur City,Male,43,9,10463999.8,2,1,0,12390095.55,0
996,8032053929,Sharma,612,Jaipur City,Male,29,9,0,3,0,1,7132540.4,0
997,8002337180,Saini,853,Jaipur City,Male,44,3,0,2,0,1,6667377.05,0
998,8741683366,Paliwal,584,Jaipur City,Male,62,7,10309332.95,1,0,1,576038.2,0
999,8936595624,Aggarwal,853,Jaipur  Urban,Female,28,4,14257799.7,2,1,1,841790.7,0
1000,8624992032,Paliwal,791,Jaipur Gramin,Female,38,1,8847759.65,1,0,0,7782762.35,0
1001,8827613138,Sharma,658,Jaipur  Urban,Female,42,8,10368347.6,2,1,0,342296.7,0
1002,8549662948,Meena,826,Jaipur Gramin,Female,43,10,0,2,1,1,9869478.35,0
1003,8997373906,Khandelwal,750,Jaipur  Urban,Male,39,1,4324883.3,2,1,1,15642000.9,0
1004,8082419296,Khandelwal,655,Jaipur Gramin,Female,42,3,14888591.5,2,0,0,5705580.8,1
1005,8997532175,Gupta,601,Jaipur  Urban,Female,26,7,8968748.65,2,1,0,4256000.15,0
1006,8271192854,Paliwal,505,Jaipur  Urban,Male,52,5,9902271.35,3,0,0,4572413.5,1
1007,8570814086,Sharma,553,Jaipur City,Female,33,6,0,2,1,0,3847224.95,0
1008,8379809305,Sharma,557,Jaipur Gramin,Male,42,7,8485078.25,1,1,1,3121319,0
1009,8764006239,Jat,413,Jaipur Gramin,Male,45,6,0,1,1,0,11050837.25,1
1010,8905220619,Verma,660,Jaipur City,Male,71,0,0,1,1,1,14907365.45,0
1011,8436884551,Jain,749,Jaipur Gramin,Male,40,10,0,1,1,0,10867016.25,1
1012,8816818281,Maheshwari,743,Jaipur City,Male,35,3,10452014.8,1,1,1,11749694.5,0
1013,8549886683,Jat,538,Jaipur Gramin,Female,29,4,0,2,0,1,4137220.3,0
1014,8297674612,Rathore,642,Jaipur City,Male,24,4,0,2,1,1,6006845.45,0
1015,8343337924,Agarwal,475,Jaipur City,Female,43,3,0,2,0,1,16957970.05,0
1016,8335945392,Agarwal,691,Jaipur Gramin,Female,37,5,7618948.65,1,1,1,14414570.3,1
1017,8711365913,Verma,529,Jaipur  Urban,Male,40,7,8135359.35,2,1,0,4170390.7,0
1018,8419328132,Choudhary,814,Jaipur  Urban,Male,41,7,11875036.35,1,1,0,5383661.15,0
1019,8035650069,Choudhary,900,Jaipur  Urban,Female,45,5,8832338.1,1,1,0,5107064.35,1
1020,8502561036,Meena,640,Jaipur Gramin,Male,31,1,0,1,1,0,4131570.35,0
1021,8125283739,Singh,630,Jaipur Gramin,Male,49,6,14741966.5,1,1,0,14074379.05,1
1022,8727001760,Verma,462,Jaipur City,Male,32,6,8690230.85,2,1,1,16490860.2,0
1023,8177116778,Jain,536,Jaipur Gramin,Female,48,1,15247362.9,2,0,1,5887363.5,0
1024,8850770710,Sharma,650,Jaipur Gramin,Male,32,3,0,2,1,1,7539400.55,0
1025,8227235680,Choudhary,742,Jaipur Gramin,Female,25,4,9238815.75,1,1,0,5357632.45,0
1026,8863907857,Jain,578,Jaipur Gramin,Female,32,4,0,2,1,0,5071848.85,0
1027,8877274865,Saini,634,Jaipur Gramin,Male,33,6,0,2,0,0,15659569.55,0
1028,8239349876,Paliwal,764,Jaipur  Urban,Male,35,0,11337113,1,0,1,5444266.15,0
1029,8544613149,Paliwal,874,Jaipur City,Male,34,9,0,2,1,1,6957588.3,0
1030,8694615833,Singh,611,Jaipur City,Male,53,10,0,1,1,1,13144647.35,0
1031,8467045519,Aggarwal,756,Jaipur Gramin,Male,39,1,9905696,1,0,0,12382766,0
1032,8867937996,Sharma,637,Jaipur Gramin,Female,22,3,0,2,0,0,2616450.45,0
1033,8031738784,Maheshwari,876,Jaipur City,Male,40,4,0,2,0,1,6937914.2,0
1034,8988630681,Maheshwari,654,Jaipur Gramin,Male,29,1,11061141.8,2,0,1,16700319.75,0
1035,8822503087,Rathore,676,Jaipur Gramin,Male,46,3,0,2,0,1,14983468.5,0
1036,8561234672,Maheshwari,694,Jaipur City,Male,30,0,0,1,1,0,2984611.8,0
1037,8282831269,Saini,505,Jaipur Gramin,Male,30,2,9121867.65,1,1,0,5465484.7,0
1038,8176091009,Saini,630,Jaipur Gramin,Female,24,1,0,2,1,1,15382411.75,0
1039,8716211568,Paliwal,508,Jaipur Gramin,Male,30,1,7070409.65,1,1,1,11745026.3,0
1040,8510925445,Verma,737,Jaipur Gramin,Female,72,3,0,1,1,1,7372356.85,0
1041,8218262061,Singh,576,Jaipur City,Male,67,3,13085421.9,1,1,1,630608.2,0
1042,8663369777,Meena,746,Jaipur Gramin,Male,30,5,0,2,1,0,14142005.9,0
1043,8863847077,Rathore,636,Jaipur City,Female,39,7,11516069.45,1,1,0,11974902,1
1044,8003211369,Choudhary,575,Jaipur Gramin,Male,35,1,0,2,1,0,379117,0
1045,8939306199,Jain,684,Jaipur Gramin,Female,38,4,10168085.9,2,1,1,9390130.2,0
1046,8404312721,Verma,586,Jaipur City,Male,34,6,10296242.1,2,1,0,7349123.8,0
1047,8370378650,Choudhary,848,Jaipur City,Female,42,1,0,1,1,0,1402556.1,1
1048,8941888936,Verma,751,Jaipur Gramin,Female,48,4,0,1,1,0,9691705.1,1
1049,8510014427,Verma,854,Jaipur  Urban,Male,25,5,4659491.75,1,1,0,11191126.35,0
1050,8825989961,Verma,637,Jaipur  Urban,Male,40,3,9175703.25,1,1,0,4458217.7,1
1051,8350811920,Paliwal,698,Jaipur Gramin,Male,30,4,0,1,0,1,13724551.35,0
1052,8918849270,Maheshwari,630,Jaipur City,Female,49,2,6869398.25,1,1,1,1701597.15,0
1053,8935121341,Singh,608,Jaipur  Urban,Male,38,3,8347490.45,1,1,0,14987052.95,0
1054,8001461433,Meena,600,Jaipur City,Female,50,6,8048162.95,1,1,1,4291557.35,0
1055,8707991621,Maheshwari,602,Jaipur City,Female,22,7,12036404.6,1,1,0,2582266,0
1056,8351004621,Verma,534,Jaipur City,Female,74,3,0,2,1,1,13712772.05,0
1057,8366819477,Gupta,690,Jaipur City,Male,33,3,0,2,1,0,3854586.8,0
1058,8915684597,Aggarwal,577,Jaipur Gramin,Female,47,1,10450676.9,1,0,0,15321392.8,1
1059,8868717317,Choudhary,648,Jaipur  Urban,Male,33,8,6942563.7,2,0,0,2968672.6,0
1060,8141971366,Sharma,900,Jaipur Gramin,Male,38,7,6824988.3,1,0,0,10757237.9,0
1061,8794109579,Jat,468,Jaipur City,Female,48,8,13210110.1,1,1,0,15973310.5,0
1062,8564978786,Maheshwari,732,Jaipur City,Female,38,4,0,2,1,1,11593224.8,0
1063,8588779405,Jain,616,Jaipur  Urban,Male,38,9,5704490.25,1,1,0,6678164.4,1
1064,8184427797,Paliwal,854,Jaipur Gramin,Male,34,5,8824566.55,1,1,1,14113252.95,0
1065,8638522930,Rathore,748,Jaipur Gramin,Female,20,4,0,2,1,1,11932753.05,0
1066,8555685526,Agarwal,494,Jaipur Gramin,Male,36,4,12934375.2,2,0,0,3283490.5,1
1067,8886948783,Meena,757,Jaipur Gramin,Female,52,10,0,1,1,1,2124893.75,1
1068,8540398022,Sharma,660,Jaipur  Urban,Male,26,4,18219491.6,2,1,0,10949303.05,0
1069,8641823847,Saini,593,Jaipur Gramin,Male,57,6,0,1,1,0,1647007.6,1
1070,8425829297,Khandelwal,893,Jaipur Gramin,Male,40,7,9634591.9,1,1,0,2711866.35,1
1071,8772817496,Gupta,703,Jaipur  Urban,Female,47,5,14529554.9,1,1,0,14720282.15,1
1072,8528083596,Agarwal,714,Jaipur  Urban,Male,52,8,8756977.1,1,1,1,1911279.4,0
1073,8896381652,Jat,629,Jaipur City,Female,23,6,0,2,0,1,16716823.35,0
1074,8845568232,Sharma,484,Jaipur City,Male,37,6,0,2,0,0,11603083.1,0
1075,8780101001,Agarwal,522,Jaipur Gramin,Female,31,7,9507678.4,2,1,1,3083705.65,0
1076,8120194548,Sharma,772,Jaipur  Urban,Female,32,6,11929627.6,2,1,1,13876623.15,0
1077,8225038006,Jain,722,Jaipur City,Male,39,8,0,2,1,0,8470601.05,0
1078,8946913530,Gupta,670,Jaipur Gramin,Male,29,3,12368591.4,1,1,0,1717596.7,0
1079,8218195464,Jat,692,Jaipur  Urban,Female,41,8,12471283.3,2,1,1,356646.4,0
1080,8706805838,Saini,677,Jaipur Gramin,Male,32,10,9112827.05,1,1,1,9548917,0
1081,8937593907,Verma,799,Jaipur  Urban,Female,38,7,11129367.9,1,0,1,173054.9,0
1082,8671441793,Choudhary,433,Jaipur City,Female,35,8,0,1,1,0,11245155.75,0
1083,8442932120,Saini,706,Jaipur City,Male,36,0,7630645.5,1,1,0,15077612.8,1
1084,8758428428,Verma,694,Jaipur Gramin,Female,32,5,0,2,1,0,7674179.95,0
1085,8788472033,Khandelwal,835,Jaipur Gramin,Male,24,8,0,2,1,0,5214696.45,0
1086,8903754802,Paliwal,844,Jaipur Gramin,Male,42,5,0,1,1,0,16699680.55,1
1087,8784270521,Singh,734,Jaipur Gramin,Male,36,2,8563707.5,3,0,0,6014461.45,1
1088,8725521441,Singh,478,Jaipur Gramin,Female,31,10,0,2,1,0,1180868.45,0
1089,8537858850,Singh,900,Jaipur City,Male,22,2,0,2,1,1,823184.2,0
1090,8074183397,Meena,634,Jaipur Gramin,Female,51,3,10538411.35,2,1,1,3446422.75,0
1091,8567167106,Maheshwari,527,Jaipur  Urban,Female,34,4,7787905.7,1,1,1,11611290.7,0
1092,8361692158,Aggarwal,758,Jaipur Gramin,Male,36,7,10726643.85,1,1,1,11319660.8,0
1093,8121241577,Rathore,738,Jaipur Gramin,Male,41,4,8012771.5,1,0,1,12989795.2,1
1094,8451681722,Rathore,661,Jaipur Gramin,Male,40,4,0,2,1,1,12555845.55,0
1095,8714713925,Maheshwari,856,Jaipur Gramin,Male,34,0,0,2,1,0,3669377.75,0
1096,8467102454,Singh,710,Jaipur Gramin,Male,29,4,0,1,1,0,6524259.15,1
1097,8152059311,Choudhary,787,Jaipur  Urban,Female,39,3,8561017.25,3,1,1,6239513.4,1
1098,8563143359,Jat,532,Jaipur Gramin,Male,36,6,0,2,1,0,15021903.8,0
1099,8368544240,Gupta,828,Jaipur Gramin,Female,26,4,12034445.35,2,0,0,8356287.95,0
1100,8922981778,Jat,473,Jaipur City,Male,38,7,0,2,1,1,527311.1,0
1101,8470223170,Gupta,900,Jaipur Gramin,Female,39,2,12629864.4,1,1,1,15027257.95,0
1102,8772426961,Jat,724,Jaipur City,Male,29,9,0,2,1,0,4307755.8,0
1103,8927011430,Aggarwal,398,Jaipur City,Male,38,7,0,2,1,0,12799374.8,0
1104,8242417992,Meena,494,Jaipur  Urban,Female,32,2,10489327.25,2,1,0,6810216.15,0
1105,8750695795,Meena,587,Jaipur Gramin,Male,28,7,0,2,1,0,12889906.6,0
1106,8911447499,Singh,497,Jaipur Gramin,Female,46,3,9053507.25,1,1,0,4681147.2,0
1107,8635785348,Khandelwal,694,Jaipur Gramin,Female,38,2,0,2,0,0,9780864.15,0
1108,8921219906,Verma,384,Jaipur  Urban,Female,34,1,11521741.5,1,0,0,12705046.05,1
1109,8169377912,Khandelwal,695,Jaipur  Urban,Male,38,7,9397206.45,2,1,0,3954427.8,0
1110,8934419037,Agarwal,594,Jaipur Gramin,Male,31,4,0,2,1,0,16149648.1,0
1111,8986232259,Meena,736,Jaipur Gramin,Female,52,0,15800780.9,1,1,1,3941413.45,1
1112,8115196868,Meena,880,Jaipur  Urban,Male,59,1,11122640.15,1,1,1,2611414.2,1
1113,8957108352,Saini,708,Jaipur Gramin,Female,42,3,7869141.9,2,0,0,6018901,0
1114,8744832090,Saini,757,Jaipur  Urban,Female,21,8,11246525.1,1,1,0,9066394.1,1
1115,8020909659,Verma,610,Jaipur Gramin,Female,62,8,12323002.5,1,0,0,14946062.55,1
1116,8491771454,Jain,455,Jaipur City,Male,48,5,7400969.55,1,0,1,7279944.85,0
1117,8698697756,Agarwal,503,Jaipur Gramin,Male,42,8,0,2,1,1,8626286.2,0
1118,8611900113,Khandelwal,757,Jaipur Gramin,Female,47,1,9810206.15,3,0,0,16297446.95,1
1119,8431461899,Choudhary,620,Jaipur City,Male,61,7,7740986.55,1,1,1,8656380.45,0
1120,8337699148,Saini,787,Jaipur City,Male,29,2,9980036.15,2,1,0,415557.35,0
1121,8039333160,Choudhary,898,Jaipur  Urban,Male,31,4,7651568.25,2,1,0,16416303.3,0
1122,8347526273,Sharma,851,Jaipur Gramin,Female,24,4,0,2,1,0,16449094.6,0
1123,8105956644,Saini,718,Jaipur  Urban,Male,56,1,9555258.85,2,0,0,7988471.7,1
1124,8673873615,Aggarwal,815,Jaipur  Urban,Male,33,1,13468824.6,1,1,1,16745078.2,1
1125,8947895319,Jain,607,Jaipur City,Male,35,7,0,1,1,0,9081150.1,1
1126,8598674530,Agarwal,614,Jaipur  Urban,Female,58,1,12719530.05,1,1,1,9788708.8,0
1127,8143058325,Paliwal,676,Jaipur City,Female,33,8,10414895.3,1,1,0,16682125.5,0
1128,8999063907,Verma,539,Jaipur  Urban,Female,45,3,12217390.85,2,1,1,8194372.3,0
1129,8793388534,Sharma,690,Jaipur Gramin,Female,32,2,13231381.35,1,1,0,8300986.1,0
1130,8217050937,Paliwal,683,Jaipur Gramin,Female,35,7,0,1,1,1,4174199.55,1
1131,8910881965,Agarwal,565,Jaipur  Urban,Female,34,1,8647616.1,1,0,1,16630391.1,0
1132,8410779676,Khandelwal,480,Jaipur City,Male,37,9,10694887.85,1,1,0,9494330,0
1133,8580958703,Singh,634,Jaipur Gramin,Male,37,0,0,2,1,1,14595174.05,0
1134,8134366197,Aggarwal,551,Jaipur Gramin,Male,34,4,0,2,1,1,5671368.3,0
1135,8178498190,Agarwal,803,Jaipur Gramin,Female,27,2,0,1,1,1,4919464.25,0
1136,8692036411,Aggarwal,760,Jaipur  Urban,Male,31,6,13412240.95,2,0,0,15129558.85,0
1137,8888189278,Maheshwari,780,Jaipur Gramin,Male,22,5,0,2,0,1,8935680.25,0
1138,8751896552,Aggarwal,580,Jaipur Gramin,Female,42,4,0,2,1,0,1482371.1,0
1139,8084402474,Choudhary,442,Jaipur  Urban,Male,42,9,15438306.9,2,1,0,14676813.15,0
1140,8498702031,Maheshwari,752,Jaipur City,Female,57,1,9322776.2,1,0,1,64036.45,0
1141,8555738953,Jat,622,Jaipur Gramin,Female,37,5,8215493.1,1,1,0,8388344,1
1142,8445116336,Paliwal,620,Jaipur Gramin,Male,40,5,16150707.2,2,1,1,9099073.2,0
1143,8926037183,Singh,832,Jaipur City,Male,41,9,0,2,1,0,12933067.9,0
1144,8869324447,Maheshwari,636,Jaipur Gramin,Male,43,9,0,2,1,1,2918733.4,0
1145,8393291839,Khandelwal,798,Jaipur  Urban,Male,43,4,12661834.6,1,0,1,14779703.95,1
1146,8212419314,Sharma,535,Jaipur Gramin,Male,28,8,0,1,1,0,13536614.65,0
1147,8380134145,Agarwal,617,Jaipur  Urban,Female,30,3,11164284.2,2,1,0,4656014.4,0
1148,8080989847,Gupta,592,Jaipur  Urban,Female,29,5,8645676.4,3,1,0,11440574.15,0
1149,8030459094,Sharma,616,Jaipur City,Male,34,3,0,1,1,1,3546601.2,0
1150,8774170789,Jat,666,Jaipur Gramin,Male,38,4,0,2,0,0,9394855.35,0
1151,8464453150,Sharma,720,Jaipur Gramin,Female,27,6,11726860.95,1,0,0,764727.15,0
1152,8324011890,Meena,871,Jaipur City,Female,29,4,11044735.95,1,0,1,16167045.05,0
1153,8678337767,Khandelwal,662,Jaipur  Urban,Male,45,2,12870822.4,1,0,1,9803341.55,0
1154,8629677849,Gupta,786,Jaipur  Urban,Female,45,7,11529655,1,0,0,12207659.2,1
1155,8988964380,Maheshwari,526,Jaipur City,Male,39,2,10435747.5,2,1,1,4969701.8,0
1156,8685761730,Maheshwari,755,Jaipur Gramin,Male,34,3,12945823,1,1,0,1030938.65,0
1157,8644731385,Maheshwari,618,Jaipur Gramin,Male,49,3,0,2,1,1,4239148.05,0
1158,8172156237,Jat,720,Jaipur City,Male,54,1,6750331.95,1,0,1,11877520.9,0
1159,8499464984,Choudhary,401,Jaipur  Urban,Female,58,9,10693087.55,2,1,0,5175803,1
1160,8135347503,Paliwal,755,Jaipur City,Male,37,10,0,2,1,0,8573315.9,0
1161,8192674624,Agarwal,496,Jaipur Gramin,Male,35,8,0,1,1,0,6514424.65,1
1162,8522290612,Jain,786,Jaipur Gramin,Male,41,6,8909479.85,1,1,0,10711154.3,1
1163,8526335298,Rathore,618,Jaipur Gramin,Female,30,9,0,1,1,0,7424564.7,0
1164,8571596277,Paliwal,776,Jaipur  Urban,Female,32,5,5737078.4,2,0,1,6576481.45,0
1165,8253049689,Jat,900,Jaipur Gramin,Female,36,0,14012295.9,1,1,1,5331407.4,0
1166,8640053137,Verma,734,Jaipur  Urban,Female,49,5,13155995.7,2,0,0,16681902.8,0
1167,8509920648,Khandelwal,626,Jaipur  Urban,Female,28,1,12165593.55,2,1,0,6946523,0
1168,8531475237,Agarwal,538,Jaipur Gramin,Female,35,10,0,1,1,1,2660475.35,0
1169,8084745814,Paliwal,608,Jaipur Gramin,Female,27,2,0,2,1,0,5397148.1,0
1170,8575632532,Singh,664,Jaipur Gramin,Female,38,8,8681337.3,1,1,1,14154281.6,0
1171,8261714680,Jat,719,Jaipur City,Male,26,6,6794254.85,1,0,0,12770607.4,0
1172,8497185600,Meena,712,Jaipur  Urban,Male,40,0,10260497.05,1,0,0,2324340.3,1
1173,8645776788,Rathore,656,Jaipur  Urban,Female,43,3,10430990.05,2,1,1,7395033.15,0
1174,8404525338,Meena,454,Jaipur City,Female,36,3,7850880.5,2,1,0,3817579.5,0
1175,8846765417,Maheshwari,726,Jaipur City,Female,40,5,17315787.75,1,1,0,15298187.8,1
1176,8598299002,Rathore,743,Jaipur City,Male,39,5,0,2,1,0,12389574.5,0
1177,8672002245,Paliwal,751,Jaipur Gramin,Male,34,9,0,2,0,0,1200336.85,0
1178,8086895606,Singh,631,Jaipur Gramin,Male,21,1,0,2,1,0,5629739.55,0
1179,8093785087,Maheshwari,542,Jaipur Gramin,Male,49,4,0,1,1,1,16175224.6,1
1180,8159400491,Jain,848,Jaipur  Urban,Female,31,1,7944139.95,2,0,0,14686528.65,0
1181,8346474011,Khandelwal,625,Jaipur Gramin,Male,34,6,0,2,1,1,8425891.05,0
1182,8633646508,Verma,661,Jaipur  Urban,Female,24,7,3419099.5,1,1,1,15159013.05,0
1183,8740230160,Agarwal,688,Jaipur Gramin,Female,43,5,14285927.05,1,1,1,12494340.4,1
1184,8677579390,Choudhary,662,Jaipur Gramin,Male,36,1,0,2,1,1,12861773.3,0
1185,8812527994,Meena,581,Jaipur  Urban,Male,47,7,11095795.45,1,1,0,7897846.4,0
1186,8375452327,Meena,787,Jaipur Gramin,Male,37,3,11273006,1,1,1,5012790,0
1187,8392858105,Maheshwari,684,Jaipur Gramin,Female,35,3,8794526.7,2,1,1,14843300.1,0
1188,8800982771,Aggarwal,798,Jaipur Gramin,Female,50,9,10756563,1,1,1,6764294.9,1
1189,8926036866,Rathore,514,Jaipur Gramin,Male,30,2,10902331.2,2,1,0,4315548.6,0
1190,8324419659,Saini,721,Jaipur Gramin,Male,40,5,14428124.4,1,1,1,13050691.75,1
1191,8273633510,Jain,836,Jaipur Gramin,Female,29,1,0,2,1,1,11302908.15,0
1192,8177428171,Agarwal,647,Jaipur  Urban,Male,27,3,12817643.85,1,0,1,7242759.05,0
1193,8932451265,Rathore,822,Jaipur City,Female,61,4,11037736.2,2,1,0,14468259.7,1
1194,8862907639,Aggarwal,316,Jaipur City,Female,28,6,12418366.55,3,1,0,8552286.9,1
1195,8180504877,Sharma,797,Jaipur Gramin,Female,24,7,0,2,1,0,15819009.15,0
1196,8236735189,Rathore,691,Jaipur Gramin,Female,43,2,0,1,1,1,4685160.05,0
1197,8937199830,Choudhary,742,Jaipur  Urban,Male,28,4,5579680.5,1,1,0,2444684.15,0
1198,8430066845,Agarwal,588,Jaipur City,Female,34,6,0,2,1,0,14536822.4,0
1199,8635021380,Paliwal,581,Jaipur Gramin,Male,38,9,8889653.6,1,1,0,15017691.2,0
1200,8168149384,Jain,654,Jaipur Gramin,Male,41,7,0,1,0,1,2436742.6,0
1201,8819807316,Aggarwal,806,Jaipur  Urban,Male,30,6,8481748.8,2,0,0,16765232.55,0
1202,8868700426,Sharma,359,Jaipur  Urban,Male,46,2,10850693.7,1,1,0,11899547.8,1
1203,8785519684,Khandelwal,515,Jaipur Gramin,Male,22,5,0,1,1,0,12849435.55,0
1204,8214147682,Gupta,436,Jaipur Gramin,Male,35,2,8606858.6,1,1,1,10039659.4,0
1205,8289666394,Aggarwal,636,Jaipur Gramin,Female,40,7,0,2,1,1,2928519.45,0
1206,8643855344,Gupta,816,Jaipur Gramin,Male,76,10,10311679.8,1,0,1,5514148.05,0
1207,8545493953,Agarwal,581,Jaipur City,Male,32,5,0,2,1,0,931329.7,0
1208,8161409751,Meena,782,Jaipur  Urban,Male,30,4,6929487.3,1,1,1,3135297.25,0
1209,8923111326,Aggarwal,716,Jaipur Gramin,Female,47,6,10901476.1,1,1,1,14284539,0
1210,8325526176,Khandelwal,900,Jaipur Gramin,Female,32,7,0,2,0,0,13194295,0
1211,8101112230,Verma,733,Jaipur Gramin,Male,51,7,0,3,1,0,3264832.15,1
1212,8623414877,Maheshwari,422,Jaipur Gramin,Female,32,5,0,2,0,1,6398748.15,0
1213,8642776237,Gupta,612,Jaipur City,Male,42,6,0,2,1,0,13455720.15,1
1214,8072881828,Maheshwari,713,Jaipur Gramin,Female,22,4,0,2,1,1,979686.2,0
1215,8903518427,Choudhary,575,Jaipur City,Male,33,6,0,1,1,0,8074408.4,1
1216,8156639163,Verma,774,Jaipur City,Female,54,8,0,1,1,0,14782544.65,1
1217,8191504414,Maheshwari,566,Jaipur Gramin,Male,33,5,0,1,0,1,3496819.25,0
1218,8011296266,Jat,486,Jaipur  Urban,Male,29,3,12371032.6,2,1,1,4931695.75,0
1219,8614446422,Jat,727,Jaipur Gramin,Female,23,5,0,1,0,0,13950914.85,1
1220,8033408376,Sharma,712,Jaipur  Urban,Male,44,5,10591134.3,2,1,1,3994841.05,1
1221,8060191873,Jain,750,Jaipur  Urban,Female,33,7,9790541.4,2,1,1,15068749.85,0
1222,8864849895,Meena,829,Jaipur Gramin,Male,37,2,13922106.65,2,1,0,6445765.05,0
1223,8287154792,Agarwal,523,Jaipur Gramin,Male,46,1,5587339.85,1,1,0,5193035.05,0
1224,8061731354,Aggarwal,719,Jaipur City,Male,47,1,0,2,0,1,2559982.4,0
1225,8782830306,Saini,480,Jaipur City,Female,47,8,10921319.35,1,1,0,15234305.2,0
1226,8212655105,Choudhary,728,Jaipur City,Female,53,6,9321394.95,1,1,1,4429388.25,0
1227,8712737638,Gupta,517,Jaipur  Urban,Female,42,6,7507566.35,2,1,0,6396143.75,0
1228,8426741860,Agarwal,548,Jaipur Gramin,Female,28,7,12447845.4,2,1,0,15667007.9,0
1229,8312061460,Verma,671,Jaipur Gramin,Female,38,3,0,2,1,0,13477013.5,0
1230,8393739321,Singh,570,Jaipur City,Female,31,6,0,2,1,1,8133345.7,0
1231,8057042308,Jat,810,Jaipur  Urban,Male,36,2,9345669.25,2,0,1,6093015.9,0
1232,8873237171,Singh,806,Jaipur City,Male,30,4,6685509.25,1,1,0,152190.8,0
1233,8180454316,Khandelwal,584,Jaipur  Urban,Male,46,9,9167319.7,1,1,0,11851635,1
1234,8657949012,Choudhary,680,Jaipur  Urban,Female,39,4,7120054.75,2,1,0,10060475.9,0
1235,8900066140,Saini,805,Jaipur Gramin,Female,66,7,12220710.95,1,1,1,11120369.8,0
1236,8917861395,Aggarwal,508,Jaipur  Urban,Male,63,6,9879317.95,1,1,1,10149393.55,0
1237,8292683068,Sharma,674,Jaipur  Urban,Male,33,0,8795079.2,1,1,1,13829755,0
1238,8310153253,Saini,740,Jaipur Gramin,Male,42,5,0,2,1,0,14676542.85,0
1239,8718684819,Choudhary,775,Jaipur Gramin,Male,24,3,11686849.75,2,0,1,14462077.65,0
1240,8792143857,Saini,563,Jaipur Gramin,Male,28,7,0,2,1,0,6288064.55,0
1241,8539371032,Choudhary,575,Jaipur Gramin,Male,36,9,11035515.15,1,1,1,5177020.2,0
1242,8013831553,Choudhary,503,Jaipur Gramin,Female,21,1,12438013.45,2,1,1,16563717.95,0
1243,8066758264,Rathore,715,Jaipur  Urban,Male,30,4,9692354.5,1,1,1,16465907.6,0
1244,8065063839,Gupta,712,Jaipur  Urban,Male,25,6,12459358.65,1,0,1,1243834.75,0
1245,8902767641,Paliwal,584,Jaipur  Urban,Female,38,0,11230405.7,2,0,0,2697077.2,0
1246,8315434664,Singh,631,Jaipur Gramin,Female,44,10,6932084.05,1,1,0,1705408.55,1
1247,8641589240,Paliwal,679,Jaipur Gramin,Female,66,7,0,2,1,1,8482389.7,0
1248,8297358658,Paliwal,494,Jaipur Gramin,Male,24,6,0,2,1,0,3200616.35,0
1249,8636758752,Paliwal,707,Jaipur City,Female,28,3,0,2,1,1,16358166.7,0
1250,8156876288,Maheshwari,844,Jaipur Gramin,Female,26,4,0,2,1,1,15402719.95,0
1251,8740393778,Jat,538,Jaipur  Urban,Male,32,5,14893250.35,1,1,1,13189076.85,0
1252,8472191748,Rathore,586,Jaipur  Urban,Female,40,10,10670433.35,1,1,0,10327855.3,1
1253,8525680652,Aggarwal,712,Jaipur Gramin,Male,68,4,8305009.15,1,1,1,5233370.95,0
1254,8914979730,Rathore,479,Jaipur  Urban,Female,55,4,10779500.25,2,1,0,10477925.35,0
1255,8485830539,Meena,634,Jaipur Gramin,Female,46,1,3983986.55,4,1,0,2658131.9,1
1256,8462904879,Meena,629,Jaipur City,Male,46,3,0,2,1,1,5340127.55,0
1257,8675185560,Maheshwari,760,Jaipur Gramin,Male,42,9,10208069.05,1,1,0,15644798.25,0
1258,8359879480,Jat,634,Jaipur Gramin,Female,38,3,0,2,1,1,4158602.05,0
1259,8911985010,Saini,640,Jaipur Gramin,Female,33,3,0,2,1,0,16244436.7,0
1260,8614442274,Gupta,551,Jaipur  Urban,Female,36,1,8870339.9,2,0,1,4605645.1,0
1261,8078879051,Jat,725,Jaipur  Urban,Male,27,5,12495368.9,1,1,0,5472413.05,1
1262,8053833309,Maheshwari,773,Jaipur  Urban,Male,38,6,6206969.45,2,1,0,6695523.1,0
1263,8313096452,Choudhary,678,Jaipur City,Female,40,1,14741766.75,1,0,1,9925177.15,0
1264,8364775393,Verma,646,Jaipur Gramin,Female,42,7,14082793.2,1,0,0,2797884.65,0
1265,8544743189,Gupta,884,Jaipur City,Male,31,9,8897682.7,1,0,1,4332671,0
1266,8069713766,Jain,521,Jaipur Gramin,Female,55,8,9942727.1,3,1,0,10375652.5,1
1267,8013739212,Singh,538,Jaipur Gramin,Female,36,3,0,1,1,0,5609736.5,0
1268,8134615736,Gupta,884,Jaipur  Urban,Male,38,2,10772292.25,1,1,1,6764077.3,0
1269,8230611630,Maheshwari,670,Jaipur Gramin,Female,44,6,12620892.65,1,1,0,11094976.05,0
1270,8513029045,Choudhary,545,Jaipur Gramin,Female,38,4,11700594.25,2,1,1,14673521.95,0
1271,8291293570,Choudhary,749,Jaipur  Urban,Male,30,7,9801778.4,1,1,0,1293405.05,0
1272,8525287291,Sharma,748,Jaipur Gramin,Male,42,2,8423137.05,1,1,1,1488565.05,0
1273,8983321396,Paliwal,582,Jaipur  Urban,Female,39,7,14076884.85,2,0,0,11207420.85,0
1274,8792078803,Jat,449,Jaipur Gramin,Male,33,5,0,2,1,0,15465369.2,1
1275,8008029598,Choudhary,554,Jaipur City,Male,32,6,13738436.1,1,1,0,7776012.5,0
1276,8887058500,Meena,743,Jaipur Gramin,Male,32,9,12461447.95,1,1,1,6555153.25,0
1277,8880283095,Paliwal,642,Jaipur  Urban,Male,37,5,9646537.8,1,1,0,8126997.9,1
1278,8014927605,Aggarwal,772,Jaipur Gramin,Male,42,7,6545187,2,1,1,6836415.7,0
1279,8500153504,Verma,697,Jaipur City,Male,67,7,0,2,0,1,13915768.2,0
1280,8568957127,Maheshwari,505,Jaipur Gramin,Female,39,6,0,2,0,1,2326887.75,0
1281,8089688279,Singh,769,Jaipur City,Male,25,4,0,2,1,1,6279260.25,0
1282,8201500593,Jat,828,Jaipur City,Male,46,8,15500985.05,1,0,0,11837650.8,1
1283,8726991059,Agarwal,626,Jaipur Gramin,Male,35,8,0,2,1,1,11200663.35,0
1284,8198631931,Meena,683,Jaipur Gramin,Male,45,7,12695989.3,1,0,1,14743595.95,0
1285,8279238671,Khandelwal,580,Jaipur Gramin,Male,59,7,10833261.9,1,0,1,5741980.35,0
1286,8384284145,Jain,504,Jaipur City,Female,63,5,13793657.2,1,1,1,2955053.05,0
1287,8045849459,Saini,575,Jaipur City,Male,37,5,12938094.8,2,0,0,10218626.9,0
1288,8721486155,Choudhary,718,Jaipur City,Female,39,9,13769480.65,1,0,0,7668052.3,0
1289,8201415372,Agarwal,538,Jaipur City,Male,39,7,11174817.4,1,1,0,14022944.7,0
1290,8443604844,Choudhary,686,Jaipur  Urban,Male,40,10,8753337.4,1,1,0,109293.85,1
1291,8002695145,Gupta,664,Jaipur  Urban,Male,31,9,12182367.45,1,1,0,7112754.1,0
1292,8455926310,Meena,761,Jaipur City,Female,37,2,11084418.2,1,0,0,2936642.9,0
1293,8915232344,Gupta,833,Jaipur Gramin,Female,41,7,0,2,1,1,6313381.8,0
1294,8426222509,Sharma,649,Jaipur Gramin,Male,30,2,7437964.95,2,0,1,618678.45,0
1295,8719599871,Gupta,869,Jaipur Gramin,Male,30,0,11358891.7,1,1,1,13774583.2,0
1296,8389643231,Sharma,521,Jaipur City,Female,33,3,12854857.7,1,0,0,16943613.55,0
1297,8062570237,Jain,664,Jaipur City,Male,55,2,5972425.55,1,0,1,5299555.35,0
1298,8054526679,Maheshwari,478,Jaipur Gramin,Male,34,5,0,2,1,1,7795491.1,0
1299,8339628911,Sharma,700,Jaipur Gramin,Male,30,10,4900886.65,1,0,0,6735476.5,0
1300,8535866158,Agarwal,622,Jaipur  Urban,Male,42,8,13053646.35,2,1,1,6517766,0
1301,8848268459,Paliwal,526,Jaipur Gramin,Male,37,1,11453926.8,1,1,0,13813481.75,0
1302,8553632392,Choudhary,652,Jaipur City,Male,34,3,7066227.65,1,1,1,1815674.8,0
1303,8437621735,Saini,394,Jaipur Gramin,Female,31,2,0,2,1,0,4631431.55,0
1304,8944879089,Paliwal,592,Jaipur  Urban,Female,32,9,11398205.05,2,1,0,4584139.25,1
1305,8068377046,Singh,742,Jaipur Gramin,Female,31,0,10038550.15,2,1,0,8769037.75,0
1306,8434503039,Maheshwari,853,Jaipur  Urban,Male,52,10,6537809,1,0,0,12440583.85,1
1307,8499002033,Gupta,868,Jaipur City,Female,46,3,6934023.75,1,1,1,2411530.75,1
1308,8528873036,Khandelwal,654,Jaipur City,Male,49,2,0,2,0,0,851967.75,0
1309,8905505467,Singh,732,Jaipur Gramin,Male,33,10,10057809.45,2,1,1,16398949.7,0
1310,8455555578,Meena,589,Jaipur City,Male,30,8,10612903.65,2,0,0,4291284.5,0
1311,8656563167,Sharma,778,Jaipur  Urban,Female,27,2,7732607.25,1,1,1,11191309.95,0
1312,8167134193,Choudhary,900,Jaipur Gramin,Female,37,7,13017558.75,1,1,1,12940000.5,0
1313,8845055502,Verma,530,Jaipur Gramin,Male,38,8,5605092.1,1,1,1,5787924.55,1
1314,8415068144,Jat,851,Jaipur Gramin,Male,38,3,0,2,1,1,6805211.35,0
1315,8597867326,Agarwal,690,Jaipur Gramin,Male,54,2,0,1,1,0,12714611.95,1
1316,8103783748,Saini,608,Jaipur City,Female,27,5,8577536.15,1,0,0,648657.95,0
1317,8300891343,Rathore,900,Jaipur Gramin,Female,31,4,0,2,1,1,2812038.85,0
1318,8917663912,Agarwal,827,Jaipur Gramin,Male,37,3,0,1,1,0,10360128.95,1
1319,8056479049,Jain,598,Jaipur Gramin,Female,43,5,0,3,1,1,8561431.2,1
1320,8531193111,Verma,787,Jaipur  Urban,Male,41,2,10577356.65,2,0,1,4002914.35,0
1321,8224408529,Khandelwal,704,Jaipur Gramin,Female,47,7,0,2,1,1,15098040.85,0
1322,8544609584,Jat,749,Jaipur Gramin,Male,40,6,0,2,0,0,9022705.8,0
1323,8580276369,Verma,720,Jaipur Gramin,Female,44,2,4996449.6,1,1,0,1434368.2,0
1324,8500774662,Gupta,642,Jaipur City,Male,50,7,13553559.4,2,0,0,4637667.15,1
1325,8721056259,Sharma,704,Jaipur  Urban,Male,26,2,12131329.2,1,1,1,13056488.75,0
1326,8401902681,Maheshwari,616,Jaipur Gramin,Female,46,8,14262626,1,0,1,3773182.3,0
1327,8191164868,Saini,817,Jaipur Gramin,Female,38,3,10909383.65,2,1,0,5373602.25,0
1328,8545935419,Aggarwal,724,Jaipur City,Male,20,3,14047183.3,1,1,1,3538276.3,0
1329,8168090934,Sharma,592,Jaipur  Urban,Female,62,3,10049873.85,1,0,1,2105070.05,1
1330,8762536463,Aggarwal,772,Jaipur Gramin,Female,40,6,0,1,1,0,2403868,1
1331,8864513250,Singh,648,Jaipur City,Female,46,8,0,2,1,0,7568671.15,0
1332,8690889727,Maheshwari,899,Jaipur  Urban,Male,37,7,12193482.9,2,1,1,1470000.2,0
1333,8502438361,Jat,814,Jaipur Gramin,Male,38,3,12326571.65,2,1,1,10769704.85,0
1334,8860487633,Choudhary,527,Jaipur  Urban,Female,38,8,7004638.35,1,1,0,1115489.85,0
1335,8873027100,Rathore,467,Jaipur  Urban,Male,28,1,6754183.3,2,1,1,14277758.55,0
1336,8038088342,Meena,562,Jaipur City,Female,43,9,0,1,1,0,10699017.15,1
1337,8443136756,Paliwal,622,Jaipur City,Male,38,5,10750289.15,1,1,0,7817661.65,0
1338,8454392589,Maheshwari,732,Jaipur  Urban,Female,30,10,11350653.5,2,1,0,13225467.9,0
1339,8349271118,Sharma,630,Jaipur Gramin,Male,52,5,14023130.85,1,1,1,5762021.65,0
1340,8026370480,Saini,698,Jaipur City,Male,46,7,10882526.2,1,1,1,5322304.75,0
1341,8339001120,Paliwal,752,Jaipur City,Male,43,2,8279270.3,1,1,1,9130276.7,1
1342,8277562520,Jain,833,Jaipur Gramin,Female,41,7,15031859.85,3,1,0,14154732.1,1
1343,8823222036,Jain,662,Jaipur City,Male,71,4,0,1,1,1,10209103.5,0
1344,8799564176,Verma,684,Jaipur City,Male,42,3,6935068.4,1,1,0,15999363,0
1345,8964410646,Paliwal,432,Jaipur  Urban,Female,40,6,10158144.3,2,1,0,7782653.55,1
1346,8058058808,Saini,562,Jaipur City,Female,26,6,0,2,0,0,14152092,0
1347,8478833642,Jat,652,Jaipur Gramin,Male,30,5,8027720.45,1,1,1,14077224,0
1348,8860192720,Singh,505,Jaipur Gramin,Male,37,2,0,2,1,1,7341640.4,0
1349,8466979001,Aggarwal,618,Jaipur Gramin,Male,32,7,7836986.4,1,1,1,234220.05,0
1350,8153282957,Verma,570,Jaipur City,Male,43,3,0,1,1,0,7105533.35,0
1351,8125702748,Jain,740,Jaipur Gramin,Female,41,3,11539341.6,1,1,1,8815044.85,0
1352,8619293459,Meena,658,Jaipur Gramin,Female,54,9,10253840.7,1,0,0,503572.3,1
1353,8362477725,Meena,522,Jaipur  Urban,Male,48,5,11436132.05,1,1,1,4947311.95,1
1354,8421779218,Sharma,631,Jaipur City,Male,29,7,0,2,1,0,4195756.4,0
1355,8201268916,Jat,613,Jaipur City,Male,52,7,0,1,0,1,6254740.3,1
1356,8390698423,Choudhary,761,Jaipur City,Male,39,6,0,1,1,1,8086497.95,0
1357,8953064012,Jain,731,Jaipur Gramin,Male,49,4,13119281.65,2,1,1,3297538.45,0
1358,8238225873,Khandelwal,589,Jaipur Gramin,Male,43,3,0,2,0,1,16908740.6,0
1359,8380582333,Jat,677,Jaipur Gramin,Male,43,9,16067255.05,2,1,1,4768488.1,0
1360,8415688429,Singh,397,Jaipur Gramin,Male,37,0,10264946.8,1,1,1,9946961.8,0
1361,8238082848,Aggarwal,656,Jaipur  Urban,Female,22,3,8327944.7,2,0,1,5277055,0
1362,8351936230,Saini,574,Jaipur Gramin,Male,32,4,0,2,1,1,12054938,0
1363,8232734183,Paliwal,546,Jaipur  Urban,Male,41,10,9627967,2,1,1,15757906.9,0
1364,8659363345,Jain,810,Jaipur City,Male,30,4,0,2,0,1,4884196.05,0
1365,8377537608,Paliwal,900,Jaipur  Urban,Male,39,3,10586664.15,2,1,1,10232310.2,0
1366,8357770144,Meena,630,Jaipur Gramin,Male,43,8,17144165.95,1,1,0,11306776.5,1
1367,8792594335,Saini,654,Jaipur City,Female,37,7,0,2,1,0,1155144.05,0
1368,8970926005,Saini,610,Jaipur  Urban,Male,44,7,9707294.95,1,1,1,6615580.6,1
1369,8312555536,Saini,707,Jaipur City,Female,31,4,0,2,1,1,11611851.7,0
1370,8720578066,Meena,662,Jaipur  Urban,Male,50,8,10662199.4,1,1,1,1458679.9,1
1371,8680096069,Singh,803,Jaipur Gramin,Female,26,7,0,2,1,0,15031700.05,0
1372,8188785634,Paliwal,613,Jaipur Gramin,Female,43,8,5516308.75,1,1,0,9774688.05,0
1373,8449142391,Agarwal,467,Jaipur Gramin,Male,38,8,0,2,0,1,16744217.15,0
1374,8119237153,Paliwal,514,Jaipur  Urban,Female,46,9,11522231.1,1,1,0,11317412.55,1
1375,8360972883,Gupta,638,Jaipur Gramin,Male,44,3,9160003.75,1,1,0,15781756.2,0
1376,8246707096,Aggarwal,395,Jaipur Gramin,Female,27,6,9971132.4,2,1,1,2041741.65,0
1377,8458792643,Khandelwal,428,Jaipur Gramin,Male,41,8,6264510.2,3,1,1,15788751.7,1
1378,8980673353,Agarwal,802,Jaipur City,Female,44,6,5151289,1,1,1,15133907.45,0
1379,8099504471,Aggarwal,738,Jaipur City,Female,35,4,3414439.8,2,1,1,16987884.95,0
1380,8855906132,Verma,682,Jaipur  Urban,Female,32,10,7823558.95,1,1,1,3705651.5,0
1381,8456408586,Jat,630,Jaipur  Urban,Male,26,3,11091135.75,1,1,0,10438895.05,0
1382,8236651354,Jat,895,Jaipur Gramin,Female,41,5,0,3,1,0,292439.95,1
1383,8122099087,Rathore,673,Jaipur City,Female,42,3,0,2,1,0,3059099.85,0
1384,8725245145,Jat,565,Jaipur Gramin,Female,23,10,12843268.8,1,0,1,1458918.75,0
1385,8732455356,Paliwal,578,Jaipur City,Female,46,8,5742881.35,1,1,0,3783017.65,1
1386,8904832764,Meena,739,Jaipur Gramin,Female,35,8,9588695.3,1,0,1,1517105.5,0
1387,8847614173,Khandelwal,790,Jaipur Gramin,Female,42,7,0,2,0,1,6477812.6,0
1388,8245190014,Choudhary,750,Jaipur Gramin,Male,66,4,7349083,1,1,1,12025507.6,0
1389,8903917424,Sharma,636,Jaipur Gramin,Female,40,0,10083811.8,1,0,1,5102759.1,1
1390,8151007823,Rathore,632,Jaipur Gramin,Female,55,2,13552507.95,1,1,0,8558319.35,1
1391,8814253062,Maheshwari,664,Jaipur Gramin,Female,27,9,0,2,1,0,8196489.65,0
1392,8314156303,Maheshwari,810,Jaipur  Urban,Female,38,4,10643075.25,2,1,1,1342649.8,1
1393,8546791138,Sharma,833,Jaipur City,Male,45,8,7535791.45,2,1,0,9906521.35,0
1394,8189445113,Aggarwal,877,Jaipur Gramin,Female,32,2,12412857.7,1,1,0,16257162.9,0
1395,8173352975,Sharma,553,Jaipur Gramin,Male,29,9,10222791.05,1,1,1,14778983.15,0
1396,8222102951,Sharma,726,Jaipur City,Male,46,7,0,2,1,0,9968234.75,0
1397,8352233469,Maheshwari,643,Jaipur City,Female,33,0,0,1,1,0,7843584.95,1
1398,8457667083,Rathore,464,Jaipur  Urban,Female,46,4,11480999.3,2,1,1,3760781.65,1
1399,8208276258,Verma,712,Jaipur Gramin,Female,38,3,0,2,0,0,6641345.8,1
1400,8847408880,Paliwal,500,Jaipur City,Female,29,5,0,2,1,0,8789244.8,0
1401,8740288532,Saini,701,Jaipur Gramin,Female,27,9,10416754.25,2,0,1,11716044.7,0
1402,8925642417,Jat,624,Jaipur City,Female,43,2,0,2,1,0,1756958.5,0
1403,8338272170,Jat,788,Jaipur Gramin,Male,29,8,11076051.65,1,1,0,6584897.3,0
1404,8546957539,Meena,767,Jaipur Gramin,Female,27,6,0,1,1,1,4893652.3,0
1405,8120740847,Rathore,674,Jaipur City,Female,41,4,7679815.45,1,1,0,6450195.25,1
1406,8035333904,Meena,311,Jaipur Gramin,Female,44,6,10943553.65,1,1,0,12491235.35,1
1407,8792143135,Choudhary,566,Jaipur City,Male,23,2,10784249.2,1,0,1,5698410.2,0
1408,8892342231,Choudhary,745,Jaipur Gramin,Male,69,2,9216056.15,1,1,1,15165559.75,0
1409,8111449370,Meena,728,Jaipur Gramin,Male,32,9,0,2,0,0,2618596.7,0
1410,8040888723,Rathore,413,Jaipur Gramin,Female,40,5,7169755.95,1,1,0,12226039.6,0
1411,8992181912,Meena,508,Jaipur Gramin,Female,73,7,0,2,0,0,11125131.5,1
1412,8884712513,Jat,702,Jaipur  Urban,Female,30,4,7221481,2,0,1,16519216.2,0
1413,8329090696,Agarwal,688,Jaipur  Urban,Female,29,4,8423275.6,1,1,1,832718.65,0
1414,8898920027,Gupta,484,Jaipur  Urban,Male,30,10,11612916.75,2,0,0,4021370.4,0
1415,8704516532,Maheshwari,462,Jaipur  Urban,Female,30,5,13325592.8,1,1,1,11997597.85,0
1416,8090837820,Maheshwari,839,Jaipur  Urban,Male,28,7,14250958.05,2,1,1,9446751.25,0
1417,8725561602,Khandelwal,582,Jaipur City,Female,33,8,0,2,1,0,9705475.95,0
1418,8111089605,Sharma,608,Jaipur  Urban,Female,24,2,9306100.9,2,0,1,10842665.45,0
1419,8155005030,Gupta,505,Jaipur  Urban,Female,40,9,11432906.3,1,1,0,1536975.1,0
1420,8381105120,Paliwal,522,Jaipur Gramin,Female,44,2,9726368.1,1,1,1,11588072.1,0
1421,8956784182,Rathore,749,Jaipur City,Male,45,5,7130525.9,1,0,1,2900353.85,0
1422,8273748736,Singh,504,Jaipur  Urban,Male,32,5,9352530.45,1,1,0,4780968.65,0
1423,8838837348,Gupta,715,Jaipur City,Male,41,9,10839518.75,1,0,1,16270480.7,0
1424,8880379077,Khandelwal,668,Jaipur  Urban,Male,30,1,11879781.05,2,1,1,1982019.8,0
1425,8717589292,Choudhary,604,Jaipur City,Female,42,8,7786945.2,1,0,0,12297400.5,1
1426,8358312878,Aggarwal,751,Jaipur Gramin,Female,42,2,9305102.15,1,0,1,14888689.25,0
1427,8224537038,Sharma,589,Jaipur Gramin,Female,39,4,12792554.4,1,1,0,1268948,0
1428,8913154284,Khandelwal,830,Jaipur  Urban,Female,59,9,8636830.45,1,0,0,13725731.15,1
1429,8440417305,Saini,540,Jaipur Gramin,Male,57,5,0,1,1,1,11347664.9,0
1430,8293348472,Singh,601,Jaipur Gramin,Female,26,8,6705839.55,1,1,1,2014799.2,0
1431,8851246989,Rathore,864,Jaipur Gramin,Female,29,3,6999311.4,1,0,1,9858757.3,0
1432,8787380729,Sharma,680,Jaipur Gramin,Male,48,2,0,1,1,0,3674482,0
1433,8534285493,Paliwal,568,Jaipur City,Female,44,4,0,1,1,1,8063349.05,0
1434,8788401862,Gupta,786,Jaipur Gramin,Male,62,1,10855038.05,2,0,1,12102103.65,0
1435,8440359725,Choudhary,542,Jaipur Gramin,Female,41,9,10569693.9,1,1,0,11528996.25,0
1436,8304595710,Verma,598,Jaipur City,Male,44,8,0,2,1,0,12621471.5,0
1437,8956418681,Agarwal,571,Jaipur  Urban,Male,28,1,10143584.65,2,0,1,5013032.25,0
1438,8768302622,Saini,684,Jaipur Gramin,Female,31,9,0,1,0,1,6481660.55,0
1439,8297320407,Singh,485,Jaipur  Urban,Male,56,9,8858470.5,1,0,0,4747885.8,1
1440,8811687226,Agarwal,814,Jaipur Gramin,Female,65,7,0,1,1,1,6618714.55,0
1441,8669635550,Sharma,550,Jaipur  Urban,Male,39,10,12304346.7,1,1,0,1944643.6,1
1442,8136568604,Choudhary,632,Jaipur City,Male,44,6,0,1,1,1,9729911.75,0
1443,8543902313,Choudhary,700,Jaipur Gramin,Male,43,8,0,1,1,0,8224158,0
1444,8075278047,Khandelwal,547,Jaipur Gramin,Female,43,6,0,3,0,0,10638138.45,1
1445,8766736656,Maheshwari,580,Jaipur Gramin,Female,38,10,0,2,0,1,9655799.4,0
1446,8082493325,Maheshwari,726,Jaipur Gramin,Female,24,7,8514408.35,1,1,0,10319726.75,0
1447,8351922943,Gupta,644,Jaipur Gramin,Male,33,2,12387205.55,1,0,1,9283651.55,0
1448,8530714041,Khandelwal,716,Jaipur City,Male,56,5,9418172.55,1,1,1,4269576.35,1
1449,8841728495,Jat,546,Jaipur  Urban,Female,46,4,10233404.15,1,1,0,15106189.8,1
1450,8531248151,Gupta,593,Jaipur  Urban,Female,26,6,11480739.2,2,0,0,11153008.1,0
1451,8832220268,Jat,638,Jaipur City,Male,31,3,11607297.4,1,1,0,6982990.55,1
1452,8357668542,Maheshwari,541,Jaipur Gramin,Female,38,10,0,2,1,1,18382.95,0
1453,8972765685,Khandelwal,704,Jaipur Gramin,Female,35,3,8464931.55,1,1,1,145613.5,1
1454,8542279704,Jat,686,Jaipur Gramin,Female,53,7,0,1,1,1,11637365.3,0
1455,8307231930,Saini,505,Jaipur City,Female,34,7,6012140.95,1,1,1,1720737.45,1
1456,8744257823,Khandelwal,703,Jaipur  Urban,Male,35,2,9294139.7,2,0,1,7313677.95,0
1457,8148823667,Maheshwari,647,Jaipur City,Male,28,8,0,2,1,0,10757690.95,0
1458,8192520529,Gupta,900,Jaipur Gramin,Male,66,4,0,2,0,1,5469818,0
1459,8546426733,Jain,438,Jaipur Gramin,Male,25,2,6651021.35,2,1,1,890146.35,0
1460,8084793233,Khandelwal,860,Jaipur Gramin,Female,55,10,9992726.65,1,1,0,8155031.75,1
1461,8707357732,Verma,574,Jaipur Gramin,Male,23,10,7563327.2,1,1,1,10643900.6,0
1462,8869295897,Singh,613,Jaipur City,Male,34,4,0,2,1,0,14530799.3,0
1463,8682478075,Maheshwari,619,Jaipur  Urban,Female,41,1,8802648.45,1,1,0,20098.25,1
1464,8874338530,Meena,500,Jaipur Gramin,Male,37,5,9631251.4,1,0,1,2678958.6,0
1465,8163419975,Meena,644,Jaipur City,Female,40,6,0,2,1,1,15436901,0
1466,8064627603,Gupta,847,Jaipur Gramin,Female,32,3,5419896.65,1,1,0,13310412.65,0
1467,8981988533,Gupta,640,Jaipur Gramin,Female,29,7,14449009.75,1,1,0,363120,0
1468,8738989929,Agarwal,629,Jaipur  Urban,Female,35,0,15325775.4,2,1,0,13904971.5,0
1469,8120551509,Singh,709,Jaipur Gramin,Male,52,3,0,1,1,0,14946712.8,1
1470,8223440338,Singh,863,Jaipur  Urban,Female,49,1,10255833.1,4,0,0,14123965.5,1
1471,8867931037,Saini,562,Jaipur  Urban,Female,31,1,5235331.9,2,1,1,5252714.4,0
1472,8488106036,Gupta,847,Jaipur Gramin,Male,48,4,13999642.8,1,1,1,1822356.65,0
1473,8472763227,Singh,751,Jaipur City,Female,26,1,6866313.6,1,1,1,1634197.25,0
1474,8016829282,Paliwal,542,Jaipur Gramin,Male,36,8,0,2,0,0,11266496.7,0
1475,8572896490,Agarwal,786,Jaipur  Urban,Female,30,6,13108816.45,2,0,1,5328526.75,0
1476,8374357770,Jat,641,Jaipur Gramin,Male,26,8,0,1,1,0,1849681.6,0
1477,8224513822,Choudhary,787,Jaipur Gramin,Female,26,5,8639496.9,2,0,1,13129157.8,0
1478,8495186352,Choudhary,811,Jaipur Gramin,Male,37,2,0,1,0,1,685525,0
1479,8157724143,Jat,659,Jaipur Gramin,Female,45,5,7886866.1,1,1,0,14736101.5,1
1480,8441721830,Rathore,594,Jaipur  Urban,Male,32,8,11141941.1,2,1,1,5901447.15,0
1481,8041773155,Maheshwari,655,Jaipur Gramin,Male,30,5,8331252.9,1,1,1,1084356.9,0
1482,8977261533,Agarwal,590,Jaipur City,Male,38,8,0,2,1,0,15336227,0
1483,8215036502,Paliwal,569,Jaipur Gramin,Male,26,8,8284108.5,1,1,1,3662961.95,0
1484,8494590354,Singh,900,Jaipur Gramin,Male,36,1,8846561.15,2,0,1,5830490,0
1485,8649675147,Jain,900,Jaipur City,Female,29,1,0,2,1,1,16829715.25,0
1486,8378498574,Agarwal,450,Jaipur Gramin,Female,46,10,0,2,0,0,10451005,1
1487,8148926878,Khandelwal,650,Jaipur Gramin,Female,39,4,0,1,1,1,6529805.4,0
1488,8717112234,Jat,732,Jaipur City,Female,51,4,7960840.75,1,0,1,12019043.35,1
1489,8541042276,Paliwal,595,Jaipur City,Male,30,6,10314399.8,4,1,0,3563348.75,1
1490,8862055076,Verma,611,Jaipur Gramin,Female,39,8,12042394.55,1,0,1,14931461.25,0
1491,8027101646,Aggarwal,836,Jaipur City,Female,31,8,0,2,1,0,10022913.55,0
1492,8559010332,Sharma,485,Jaipur  Urban,Female,43,7,8701066.65,1,1,0,16548715.45,1
1493,8170346097,Maheshwari,762,Jaipur City,Male,50,9,0,1,0,0,14167574.75,1
1494,8837504618,Jat,696,Jaipur City,Female,30,3,0,1,1,0,13611184.3,0
1495,8332789657,Jain,419,Jaipur Gramin,Male,52,6,0,2,0,1,10507870,0
1496,8272633195,Singh,702,Jaipur  Urban,Male,57,7,8658823.35,1,0,1,9646136.6,0
1497,8077433985,Jain,563,Jaipur City,Male,38,8,0,2,0,0,6767597.15,0
1498,8517787731,Jain,637,Jaipur Gramin,Male,35,9,9553358.25,2,1,0,2080139.55,0
1499,8439513358,Gupta,594,Jaipur  Urban,Female,25,7,9058478.9,2,0,1,15047192.15,0
1500,8594209011,Gupta,433,Jaipur Gramin,Female,28,8,0,1,1,1,8784727.9,0
1501,8689336707,Saini,636,Jaipur Gramin,Male,50,1,6965559.6,1,0,1,5406528.7,1
1502,8856350933,Jat,673,Jaipur Gramin,Female,31,7,12253795.5,2,1,1,1231717.15,0
1503,8786807601,Saini,835,Jaipur  Urban,Male,39,5,7339823.95,2,0,0,8931845.05,0
1504,8481086629,Jat,732,Jaipur Gramin,Male,47,5,13482966.9,1,0,0,7097490.65,1
1505,8590139158,Maheshwari,769,Jaipur Gramin,Male,32,8,0,2,1,0,12205889.5,0
1506,8427196474,Agarwal,607,Jaipur  Urban,Male,48,4,11254302.6,1,0,0,3067812.35,1
1507,8222590553,Sharma,776,Jaipur Gramin,Male,27,10,0,2,0,0,1105670.65,0
1508,8141077362,Jain,539,Jaipur  Urban,Female,43,3,11473781.1,1,1,0,518619.85,0
1509,8929321802,Maheshwari,571,Jaipur Gramin,Male,36,6,0,2,1,1,4106690,0
1510,8950569883,Agarwal,514,Jaipur Gramin,Male,37,6,8820658.25,1,1,0,16754519.15,0
1511,8479602167,Aggarwal,522,Jaipur Gramin,Male,33,2,11308427.2,1,1,1,9375481.3,0
1512,8992556737,Choudhary,570,Jaipur City,Female,37,0,0,2,0,0,2559717.2,0
1513,8465576058,Meena,667,Jaipur Gramin,Male,39,10,0,2,1,1,8406044.4,0
1514,8540878236,Khandelwal,408,Jaipur Gramin,Male,42,2,0,2,1,0,4235267.8,0
1515,8506832010,Paliwal,527,Jaipur City,Male,38,8,6074156.95,2,1,1,856294.25,0
1516,8142421220,Jat,900,Jaipur City,Male,39,6,11323201.05,1,0,1,1765439.8,0
1517,8028085521,Aggarwal,655,Jaipur Gramin,Female,37,7,8207486.1,1,0,0,13891310.3,0
1518,8722061750,Choudhary,773,Jaipur Gramin,Male,54,6,7973536.35,2,0,1,11905845.45,0
1519,8409091069,Singh,732,Jaipur City,Female,36,8,0,2,0,0,7072526.15,0
1520,8052658737,Rathore,533,Jaipur Gramin,Female,64,3,10543723,1,1,1,9469252.45,1
1521,8117985165,Sharma,748,Jaipur  Urban,Male,52,5,11194072.45,1,0,1,7894247.5,1
1522,8659818185,Paliwal,488,Jaipur City,Female,29,6,0,2,0,1,8056376.5,0
1523,8537264098,Saini,824,Jaipur Gramin,Female,35,1,9032678,1,1,1,1411607.75,0
1524,8842616290,Saini,598,Jaipur City,Male,41,8,0,2,1,1,13766126.55,0
1525,8751120778,Agarwal,835,Jaipur Gramin,Male,51,6,0,2,0,1,16552328.8,0
1526,8342615742,Paliwal,563,Jaipur City,Female,41,4,11886430.6,1,1,1,13899599.5,0
1527,8741501803,Gupta,733,Jaipur Gramin,Male,34,8,0,2,0,0,4102116.15,0
1528,8172731851,Choudhary,673,Jaipur  Urban,Male,35,8,10548375.9,1,1,0,7367670.8,0
1529,8744730434,Rathore,378,Jaipur Gramin,Male,32,5,12393645.15,1,1,1,260495.25,0
1530,8216135348,Aggarwal,574,Jaipur City,Male,23,8,0,2,1,0,9530623.3,0
1531,8965452710,Sharma,613,Jaipur Gramin,Female,26,2,9138259.05,2,1,1,10268140.25,0
1532,8270185549,Maheshwari,600,Jaipur Gramin,Female,28,6,0,2,0,1,4436424.55,0
1533,8022993847,Choudhary,673,Jaipur  Urban,Female,32,1,12408319.55,1,0,1,4814083.8,0
1534,8804648347,Rathore,900,Jaipur Gramin,Female,37,3,18086147,1,0,1,5896694.8,0
1535,8772972618,Meena,568,Jaipur  Urban,Female,47,4,12964409.95,1,0,1,13943235.95,1
1536,8139460902,Jat,797,Jaipur City,Female,33,9,14362005.45,1,0,1,10113513.35,0
1537,8871333656,Maheshwari,886,Jaipur Gramin,Female,34,8,0,2,1,0,2335125.95,0
1538,8959196330,Saini,865,Jaipur Gramin,Female,28,8,0,1,1,1,3124101.05,0
1539,8584357074,Maheshwari,608,Jaipur City,Female,36,4,8352635.5,1,1,1,3945390.6,0
1540,8711463471,Aggarwal,550,Jaipur Gramin,Male,38,8,9605078.2,1,1,1,12994153.15,0
1541,8369706069,Saini,516,Jaipur  Urban,Male,23,1,11650174.8,2,1,1,14044314.55,0
1542,8664800955,Aggarwal,665,Jaipur  Urban,Male,37,5,9532420.2,1,1,0,6453824.75,0
1543,8743776627,Agarwal,516,Jaipur Gramin,Female,33,4,10991122.2,1,1,1,14699073.8,0
1544,8219797483,Gupta,667,Jaipur City,Male,69,6,13937882.65,1,1,1,3069222.5,0
1545,8068083167,Aggarwal,504,Jaipur City,Male,43,7,0,2,1,1,3077232.9,0
1546,8987514006,Saini,602,Jaipur  Urban,Female,42,6,13465262.25,1,1,1,11210349.1,0
1547,8525304972,Agarwal,721,Jaipur  Urban,Female,48,1,7826177.8,1,1,1,11389350.6,0
1548,8595911748,Aggarwal,664,Jaipur City,Female,30,2,7500679.65,2,1,1,8215952.1,0
1549,8020030723,Meena,682,Jaipur City,Male,25,8,0,2,1,1,11484527.65,0
1550,8264890331,Maheshwari,662,Jaipur Gramin,Male,48,4,5056336.35,1,1,0,13935255.3,1
1551,8859269063,Gupta,647,Jaipur City,Female,54,2,0,2,1,1,4576715.35,0
1552,8676061704,Aggarwal,756,Jaipur City,Female,52,7,0,2,0,1,10403901.4,0
1553,8879263352,Agarwal,816,Jaipur Gramin,Male,34,1,0,1,1,1,5508343.4,0
1554,8285693346,Singh,590,Jaipur Gramin,Female,38,8,10138630.85,2,0,1,1646512.05,0
1555,8240201828,Choudhary,634,Jaipur Gramin,Male,34,4,13493021.55,2,1,1,10726365.9,0
1556,8642282132,Verma,670,Jaipur Gramin,Female,40,7,11950740.75,1,0,1,11514016.7,1
1557,8610664377,Rathore,900,Jaipur City,Female,29,10,0,2,1,1,8059278.4,0
1558,8226014865,Verma,498,Jaipur  Urban,Male,37,2,7686798.2,1,1,1,16011113.4,1
1559,8226885472,Singh,565,Jaipur Gramin,Female,35,1,8906623.85,2,0,1,15173564.2,0
1560,8901864391,Verma,792,Jaipur  Urban,Male,42,0,6629402.45,2,1,1,8322042.3,0
1561,8540483826,Singh,744,Jaipur  Urban,Female,43,10,9419946.5,1,0,0,6193264.9,0
1562,8126012144,Sharma,638,Jaipur  Urban,Male,42,4,10168091,2,1,1,16658203.1,0
1563,8234115583,Singh,713,Jaipur  Urban,Male,31,6,9269470.15,2,1,1,1653159.05,1
1564,8512781136,Singh,551,Jaipur City,Female,40,5,11826002.4,1,0,1,2774020.9,0
1565,8371255850,Jain,808,Jaipur  Urban,Female,42,8,12947596.1,2,1,0,14597323.7,0
1566,8685218910,Singh,577,Jaipur Gramin,Male,38,1,0,2,1,0,3924978.7,0
1567,8051276001,Meena,509,Jaipur  Urban,Female,37,9,10835849.3,2,1,0,15268948.65,0
1568,8582223365,Choudhary,736,Jaipur Gramin,Male,53,6,9777499,1,0,0,16279312.2,1
1569,8115996885,Jat,691,Jaipur Gramin,Male,40,8,9690491.3,1,1,1,5779868.25,0
1570,8042994381,Aggarwal,661,Jaipur  Urban,Female,42,1,9914974.6,1,1,0,3802203,1
1571,8264546370,Rathore,740,Jaipur City,Female,49,1,9423472.3,2,1,1,10585296.5,1
1572,8568693131,Gupta,593,Jaipur Gramin,Male,23,5,13282745.15,1,1,0,13682317.4,0
1573,8733639267,Choudhary,739,Jaipur Gramin,Female,44,3,9309903.8,1,1,0,2324038.55,1
1574,8307858443,Saini,682,Jaipur Gramin,Female,35,6,8711034.6,1,1,1,4589544.4,0
1575,8849073388,Jat,694,Jaipur  Urban,Male,23,10,9822915.35,1,1,1,7788850.05,0
1576,8350717761,Sharma,534,Jaipur Gramin,Male,23,2,0,2,1,0,16117115.2,0
1577,8295568129,Sharma,616,Jaipur Gramin,Female,40,9,8128070.6,2,1,1,5160038.05,0
1578,8958023054,Khandelwal,704,Jaipur City,Female,21,8,0,2,1,1,13155223.9,0
1579,8401564054,Maheshwari,738,Jaipur Gramin,Male,28,7,13632011.85,1,0,0,16732514.35,0
1580,8033295260,Singh,622,Jaipur  Urban,Male,41,8,3204737.15,1,1,1,16640915.8,0
1581,8902448976,Choudhary,745,Jaipur Gramin,Female,35,6,10053275.55,1,0,1,262385.65,0
1582,8499640966,Agarwal,414,Jaipur  Urban,Female,34,7,11141984.45,2,1,1,6002530,0
1583,8473057501,Jain,708,Jaipur Gramin,Male,38,1,8028760,2,0,1,4677891.7,0
1584,8945394843,Verma,731,Jaipur Gramin,Female,43,8,0,2,0,0,14283027.7,1
1585,8599216781,Saini,685,Jaipur City,Female,42,3,0,2,1,1,10918193.05,0
1586,8094411179,Sharma,526,Jaipur Gramin,Male,33,6,7972267.3,1,1,1,16936189.65,0
1587,8226333648,Rathore,762,Jaipur Gramin,Female,33,4,0,2,1,0,12705348.65,0
1588,8067413407,Sharma,590,Jaipur Gramin,Female,37,7,0,2,1,1,10771738.05,0
1589,8163359725,Gupta,776,Jaipur Gramin,Male,61,7,13257716.05,1,0,1,12542112.1,0
1590,8472874309,Aggarwal,690,Jaipur  Urban,Male,36,7,7599845.75,1,1,1,12698974.5,0
1591,8202783090,Sharma,638,Jaipur City,Female,39,5,8317621.45,2,1,0,7950592.3,0
1592,8385783127,Gupta,625,Jaipur Gramin,Male,39,6,0,2,1,1,5005132.35,0
1593,8582511877,Choudhary,505,Jaipur City,Male,29,3,5123852.7,1,1,0,13113069.85,0
1594,8029334810,Choudhary,589,Jaipur City,Male,36,7,11493428,1,1,1,10371945.65,0
1595,8625470289,Jain,727,Jaipur  Urban,Female,28,6,10618484.75,2,1,1,4275426.9,0
1596,8397355863,Maheshwari,692,Jaipur Gramin,Male,38,4,0,2,1,0,15963053.55,0
1597,8847962340,Khandelwal,803,Jaipur  Urban,Male,27,7,16032195.95,1,1,0,14564247.65,0
1598,8433540983,Jat,805,Jaipur Gramin,Male,32,5,5297337.7,1,1,1,3478250.15,0
1599,8613349655,Sharma,601,Jaipur  Urban,Female,48,8,10266529.5,1,1,0,5434957.8,1
1600,8854746981,Rathore,684,Jaipur Gramin,Female,42,1,9856734.3,2,0,1,2506128.95,0
1601,8140641569,Sharma,500,Jaipur Gramin,Male,28,2,9780321.85,1,1,0,15219779.55,0
1602,8805225518,Khandelwal,881,Jaipur Gramin,Female,49,8,13651191.25,2,1,0,10988284.9,0
1603,8009380814,Paliwal,565,Jaipur Gramin,Female,42,4,9250153.9,3,1,0,4722473.35,1
1604,8824321738,Rathore,571,Jaipur  Urban,Female,36,8,14134467.25,1,1,1,1980997.25,0
1605,8595594453,Meena,742,Jaipur Gramin,Female,31,1,12976420.45,1,0,1,1455934.4,0
1606,8669377269,Singh,643,Jaipur  Urban,Female,31,9,6871798.65,2,1,1,6344561.5,0
1607,8606637079,Jat,559,Jaipur  Urban,Female,40,2,8245115.6,2,1,0,13131310.85,0
1608,8732842257,Meena,733,Jaipur Gramin,Male,64,4,0,2,1,1,270781.95,0
1609,8395969067,Paliwal,569,Jaipur Gramin,Female,39,2,10414591.85,2,1,0,7519408.55,0
1610,8402150219,Paliwal,623,Jaipur Gramin,Female,35,8,11244873.55,1,1,0,5583049.05,0
1611,8898962744,Khandelwal,586,Jaipur Gramin,Female,24,0,0,2,1,1,11949816.8,0
1612,8880739690,Sharma,792,Jaipur  Urban,Female,49,9,7777754.15,1,1,0,9964796.5,1
1613,8311480987,Khandelwal,678,Jaipur Gramin,Male,52,3,0,1,1,0,9871645.85,1
1614,8476425191,Khandelwal,767,Jaipur  Urban,Male,29,3,5047808.3,2,1,1,8970386.6,0
1615,8873081211,Paliwal,649,Jaipur Gramin,Male,77,9,0,3,1,1,6928695.1,0
1616,8005446342,Jat,702,Jaipur  Urban,Female,21,6,8326302.5,1,1,1,14022132.95,0
1617,8655095702,Meena,593,Jaipur Gramin,Female,49,4,0,2,1,1,2008681.75,0
1618,8618506196,Verma,548,Jaipur City,Female,40,4,0,2,0,1,8961850.05,0
1619,8730316449,Sharma,716,Jaipur Gramin,Male,27,8,12004012.8,2,1,0,7700247.75,0
1620,8093251466,Paliwal,667,Jaipur Gramin,Male,18,10,12899832.9,1,0,1,10796217.2,0
1621,8645340629,Meena,734,Jaipur  Urban,Male,43,1,12048727.9,2,0,1,7726947.1,0
1622,8054416105,Maheshwari,707,Jaipur City,Male,38,5,6381386.9,1,1,1,735413.2,1
1623,8388346530,Verma,716,Jaipur Gramin,Female,25,4,14083319.35,2,1,0,1314778.3,0
1624,8074213491,Verma,587,Jaipur Gramin,Male,38,2,0,1,1,0,6792798.8,0
1625,8849787484,Choudhary,510,Jaipur City,Female,25,10,0,2,1,0,5895765.75,0
1626,8758772777,Jain,696,Jaipur Gramin,Male,44,3,0,2,1,0,7389481.8,0
1627,8036753179,Sharma,620,Jaipur Gramin,Female,28,0,0,2,1,1,645815.55,1
1628,8374574801,Verma,696,Jaipur Gramin,Male,32,5,7901736.85,1,1,0,9941396,0
1629,8281550029,Paliwal,674,Jaipur City,Female,30,9,0,2,0,1,13420210.55,0
1630,8653953489,Choudhary,763,Jaipur  Urban,Male,46,5,11119097.35,1,1,1,6628430.9,1
1631,8167268059,Meena,668,Jaipur  Urban,Male,57,8,9109839.3,1,1,1,10741411.75,1
1632,8220006679,Maheshwari,300,Jaipur City,Male,54,1,12977585.8,1,1,1,16317746.65,1
1633,8780762759,Gupta,620,Jaipur Gramin,Male,30,3,11220490.45,1,1,0,12149933.15,0
1634,8595937397,Sharma,554,Jaipur Gramin,Male,35,7,0,1,0,0,4153921.95,0
1635,8529648876,Jat,726,Jaipur City,Female,23,5,0,2,1,1,6216197.05,0
1636,8826841396,Khandelwal,499,Jaipur Gramin,Female,33,7,10820967.5,1,1,1,10203175.6,0
1637,8648412615,Rathore,568,Jaipur Gramin,Female,37,6,0,2,1,0,16489606.45,0
1638,8432545242,Rathore,526,Jaipur City,Female,31,0,0,2,0,0,15253561.1,0
1639,8780220515,Meena,719,Jaipur Gramin,Male,39,9,0,1,1,0,6881933.2,0
1640,8098097412,Agarwal,485,Jaipur  Urban,Male,32,8,14474753.7,2,0,1,1331014.15,0
1641,8450266080,Agarwal,580,Jaipur City,Male,47,5,8717789.55,1,1,0,7880188.5,0
1642,8228365616,Meena,734,Jaipur City,Male,53,2,9440185.85,2,0,0,2256084.45,0
1643,8077063521,Paliwal,631,Jaipur City,Male,62,3,0,1,1,1,5525912.9,0
1644,8658903325,Verma,637,Jaipur Gramin,Female,34,4,10572226.9,1,1,0,9085897.35,0
1645,8086735175,Jain,676,Jaipur Gramin,Female,37,7,0,1,1,1,15742903.55,0
1646,8500583526,Sharma,487,Jaipur  Urban,Female,41,3,4908389.6,1,1,0,343014.1,0
1647,8282359870,Rathore,564,Jaipur  Urban,Female,50,5,10989967.9,1,1,0,15113462.4,1
1648,8529797806,Rathore,724,Jaipur Gramin,Female,45,7,0,2,1,1,5850696.2,0
1649,8065758489,Jain,718,Jaipur  Urban,Female,40,8,12816053.5,1,1,0,9752272.7,0
1650,8650302904,Verma,757,Jaipur City,Male,41,4,0,2,1,0,1895437.95,0
1651,8131308836,Rathore,630,Jaipur Gramin,Male,34,6,0,2,0,0,16769072,0
1652,8208106209,Khandelwal,641,Jaipur City,Male,31,9,9233760.8,1,1,1,15256306.6,1
1653,8479349766,Jat,619,Jaipur Gramin,Male,59,5,13078193.5,1,1,1,1504455.8,0
1654,8890038910,Sharma,480,Jaipur Gramin,Male,56,1,8531839.3,1,1,0,10071718,1
1655,8671812519,Aggarwal,415,Jaipur Gramin,Male,32,8,0,2,0,0,11329899.9,0
1656,8817683547,Rathore,683,Jaipur Gramin,Female,47,9,5201705.9,1,1,0,4944470.4,0
1657,8254990246,Meena,577,Jaipur  Urban,Male,31,6,9935796.2,1,1,0,9106670.5,0
1658,8501316797,Jat,725,Jaipur  Urban,Female,54,6,11360837.35,3,1,0,12331063.05,1
1659,8555267942,Rathore,778,Jaipur Gramin,Male,44,2,7897479.2,1,0,1,7267095.4,0
1660,8454429147,Singh,696,Jaipur City,Female,31,9,10185188.75,2,1,1,8596840.5,0
1661,8202829310,Maheshwari,666,Jaipur Gramin,Female,37,7,9507491.4,2,1,0,893446.05,0
1662,8550643149,Khandelwal,708,Jaipur  Urban,Male,32,0,9068099.2,2,1,1,11722901.65,0
1663,8757803060,Jat,714,Jaipur  Urban,Male,40,7,11816890.4,1,0,1,16437566.05,0
1664,8521288433,Choudhary,720,Jaipur  Urban,Female,40,4,12628540.95,1,1,0,16135291.6,1
1665,8884347365,Aggarwal,808,Jaipur Gramin,Male,52,4,0,1,0,1,12249640.7,0
1666,8302388713,Maheshwari,779,Jaipur Gramin,Male,42,1,11031021.2,2,0,1,12200773.35,0
1667,8131778513,Saini,613,Jaipur Gramin,Female,46,5,0,1,1,0,6602556.9,1
1668,8450676075,Meena,607,Jaipur City,Female,46,8,0,2,1,1,15616024.9,0
1669,8602319983,Meena,545,Jaipur Gramin,Male,24,10,0,1,0,0,7835352.7,0
1670,8013654424,Sharma,560,Jaipur Gramin,Female,37,7,0,2,1,1,2438726.5,0
1671,8337429510,Jain,551,Jaipur City,Male,24,3,9752893.2,1,1,0,7300736.7,1
1672,8692957851,Maheshwari,593,Jaipur  Urban,Male,41,2,10416380.25,2,1,1,3574270.4,0
1673,8017007812,Jat,496,Jaipur Gramin,Female,37,6,0,2,1,0,9362098.9,0
1674,8232354626,Verma,662,Jaipur  Urban,Female,26,1,11212209.75,1,1,1,15237932.15,0
1675,8004993899,Meena,696,Jaipur  Urban,Female,42,7,8986428.65,1,1,1,7697450.4,1
1676,8749465310,Jat,821,Jaipur City,Male,33,10,0,2,1,0,13771909.95,0
1677,8574548334,Paliwal,854,Jaipur City,Female,44,8,0,3,1,0,5688780.55,1
1678,8552776681,Jat,821,Jaipur City,Female,40,8,0,2,1,0,9255760.5,0
1679,8953823481,Paliwal,564,Jaipur Gramin,Female,18,4,7035230.7,1,1,0,6104011.5,0
1680,8400054163,Singh,734,Jaipur Gramin,Female,42,1,7466653.3,1,0,0,7839005.15,0
1681,8683583058,Gupta,726,Jaipur City,Male,39,6,11327196.05,1,1,1,6635601.5,0
1682,8619390191,Gupta,697,Jaipur City,Female,32,3,0,2,1,1,5072791.5,0
1683,8447338875,Saini,624,Jaipur Gramin,Male,41,0,8323634.35,1,1,0,7225027.2,0
1684,8647356298,Choudhary,733,Jaipur Gramin,Male,52,5,0,1,1,1,13583760.75,0
1685,8727917415,Saini,616,Jaipur Gramin,Female,24,7,11938582.35,1,1,0,10965110.5,0
1686,8501744450,Paliwal,616,Jaipur  Urban,Female,20,0,9975276.15,1,0,0,9652404.5,1
1687,8604274134,Maheshwari,698,Jaipur City,Male,36,5,0,2,1,1,12559473.35,0
1688,8618359558,Rathore,900,Jaipur City,Male,37,4,11662405.45,1,1,1,2453575.15,0
1689,8712237974,Verma,601,Jaipur Gramin,Female,41,1,0,2,0,1,13651600.1,0
1690,8729253564,Rathore,594,Jaipur City,Male,35,8,0,1,1,0,8501342.15,1
1691,8925620678,Agarwal,690,Jaipur City,Male,36,3,4598345.3,2,0,1,4630674.2,0
1692,8407374189,Rathore,589,Jaipur City,Male,31,8,0,1,1,1,12042573.05,0
1693,8949495073,Sharma,602,Jaipur Gramin,Male,23,7,9669470.8,2,0,0,7146596,0
1694,8189519721,Rathore,545,Jaipur City,Female,34,8,0,1,0,1,9093387.55,0
1695,8984453522,Saini,529,Jaipur Gramin,Male,37,9,10084138.2,1,1,1,6251872.4,0
1696,8001247752,Meena,487,Jaipur Gramin,Male,34,7,0,2,0,0,9846578.5,0
1697,8029750575,Khandelwal,857,Jaipur  Urban,Male,44,8,8116549.7,2,0,0,9096155.15,0
1698,8709338226,Meena,700,Jaipur Gramin,Male,30,8,9420509.2,2,0,0,2119801.4,0
1699,8458342609,Gupta,462,Jaipur  Urban,Male,51,7,12260790.15,2,1,0,4344616.9,0
1700,8726721576,Khandelwal,715,Jaipur  Urban,Female,31,8,10371863.2,2,1,0,2875434.4,0
1701,8716346159,Jain,610,Jaipur Gramin,Female,30,8,0,2,1,0,10954448.1,0
1702,8805423276,Verma,830,Jaipur Gramin,Male,50,9,0,4,1,1,16549568.85,1
1703,8203669737,Verma,703,Jaipur City,Male,22,5,0,2,1,0,13512828.25,0
1704,8045318936,Sharma,828,Jaipur  Urban,Male,42,1,7296367.7,1,1,0,16845532.05,0
1705,8945370995,Maheshwari,665,Jaipur Gramin,Female,29,4,8242872.45,1,0,1,12019345.95,0
1706,8392672845,Saini,422,Jaipur Gramin,Male,35,4,12594657.4,1,1,1,354932.8,0
1707,8369950315,Gupta,743,Jaipur City,Male,38,0,0,1,1,0,10784499.95,0
1708,8244120344,Singh,728,Jaipur Gramin,Female,40,5,0,2,1,0,3489489.7,0
1709,8918306194,Agarwal,719,Jaipur Gramin,Female,49,2,0,1,0,0,8989600.85,0
1710,8609340454,Maheshwari,900,Jaipur City,Male,30,2,0,2,0,1,2374655.2,0
1711,8747227254,Verma,874,Jaipur City,Male,28,8,11455182.25,1,1,0,6745248.95,0
1712,8159621454,Meena,900,Jaipur  Urban,Male,30,5,10472897.6,2,1,1,8685322.95,0
1713,8375711055,Rathore,734,Jaipur City,Male,47,1,11890395.85,1,1,1,8136177.05,0
1714,8333921818,Rathore,641,Jaipur Gramin,Male,44,9,12746694.35,1,1,0,4855328.35,0
1715,8077657703,Jain,756,Jaipur  Urban,Male,45,6,12994882.45,1,0,0,13810639.35,0
1716,8496522313,Gupta,702,Jaipur  Urban,Male,43,9,9230104.95,2,0,1,16558723.35,0
1717,8645661886,Saini,851,Jaipur City,Male,33,9,0,1,1,1,10543880.25,0
1718,8595415363,Saini,728,Jaipur City,Female,35,3,4817330.8,1,1,0,1528929,1
1719,8214219762,Choudhary,658,Jaipur City,Male,32,8,0,1,1,0,11360537.3,0
1720,8159866002,Paliwal,792,Jaipur City,Female,57,1,0,2,1,1,2133599.45,0
1721,8513603326,Aggarwal,846,Jaipur  Urban,Female,33,3,8981402.6,2,0,1,2833125.65,0
1722,8719839515,Verma,582,Jaipur Gramin,Female,39,7,0,2,1,0,204107.1,0
1723,8702185684,Saini,594,Jaipur City,Female,30,5,8558100.9,1,1,1,15160688.4,0
1724,8743507578,Jain,636,Jaipur Gramin,Male,42,6,0,2,1,0,13829324.05,0
1725,8370618350,Meena,632,Jaipur  Urban,Male,29,5,11861034.3,2,1,0,6851623.05,0
1726,8925406112,Gupta,637,Jaipur  Urban,Female,37,2,10353146.2,2,0,1,1967462.7,0
1727,8570471151,Agarwal,811,Jaipur  Urban,Male,38,5,9543944.5,1,0,1,7640956,0
1728,8517465481,Choudhary,691,Jaipur City,Female,36,4,0,2,1,1,269731.35,0
1729,8957737298,Jain,790,Jaipur City,Female,40,5,7947484.7,2,0,0,10473598.85,0
1730,8436098845,Jat,644,Jaipur Gramin,Male,33,0,11241759.15,2,0,1,6340014.85,0
1731,8084546581,Sharma,900,Jaipur Gramin,Male,20,7,0,2,1,0,2659545.45,0
1732,8672646914,Agarwal,601,Jaipur City,Female,44,4,0,2,1,0,4977711.35,0
1733,8818517860,Paliwal,762,Jaipur Gramin,Male,49,5,10367728.8,1,1,0,12648370.6,0
1734,8965337192,Jat,617,Jaipur  Urban,Male,32,7,8454338,2,1,1,4344950.1,0
1735,8910702033,Singh,686,Jaipur  Urban,Female,21,3,14099694.6,2,1,1,13985659.45,0
1736,8397448650,Paliwal,650,Jaipur Gramin,Male,30,8,9987012.95,1,0,0,5268114.7,0
1737,8657249711,Rathore,640,Jaipur  Urban,Female,29,0,11779073.9,1,1,0,16435854.15,0
1738,8003764993,Sharma,803,Jaipur City,Male,39,9,0,1,1,1,4056437.15,0
1739,8218413771,Verma,835,Jaipur City,Male,41,8,9139630.95,1,1,0,1573384.85,0
1740,8993947445,Meena,738,Jaipur Gramin,Male,23,7,11834118.2,2,1,0,5529905.35,0
1741,8487722757,Sharma,714,Jaipur Gramin,Female,42,7,10323558.55,1,0,0,3941844.4,0
1742,8418229866,Paliwal,776,Jaipur Gramin,Female,25,4,0,2,0,1,3573371.95,0
1743,8390617850,Aggarwal,581,Jaipur  Urban,Female,54,1,6575121.45,1,0,0,11746403.3,1
1744,8227915687,Jat,451,Jaipur Gramin,Male,40,6,0,1,1,1,1932513.25,0
1745,8642152427,Verma,900,Jaipur Gramin,Female,39,7,6737099.15,1,0,1,15887412.9,0
1746,8593669340,Khandelwal,515,Jaipur Gramin,Male,30,2,9885099.65,1,1,0,6399264.95,0
1747,8819822970,Aggarwal,581,Jaipur City,Female,59,1,0,1,0,1,11072109.35,1
1748,8429526237,Rathore,583,Jaipur  Urban,Male,34,9,6316333.85,1,1,0,1277969.05,0
1749,8733859073,Aggarwal,689,Jaipur  Urban,Male,34,2,12987821.5,1,1,0,14935299,1
1750,8766104264,Choudhary,542,Jaipur Gramin,Male,42,9,11364590.95,2,1,0,8590925.35,1
1751,8706194798,Choudhary,601,Jaipur  Urban,Female,33,7,9726565.3,2,1,1,13006031.05,0
1752,8281861889,Singh,529,Jaipur Gramin,Male,29,7,10837888.45,1,0,0,7324783.2,0
1753,8870823260,Paliwal,773,Jaipur  Urban,Female,41,2,7149639.85,1,1,0,16791633.55,0
1754,8212222176,Gupta,594,Jaipur City,Female,23,10,8595766.1,2,0,0,3148638,0
1755,8367392457,Agarwal,749,Jaipur  Urban,Male,33,5,8803010.55,2,1,0,10292286.2,0
1756,8390267617,Agarwal,520,Jaipur City,Female,52,7,0,1,0,1,16499689.15,1
1757,8908869867,Khandelwal,622,Jaipur Gramin,Male,37,2,14295147.85,2,0,1,8608224.55,0
1758,8655962294,Khandelwal,508,Jaipur  Urban,Female,39,1,12231764.35,1,1,1,10090498.75,1
1759,8107725511,Verma,650,Jaipur  Urban,Female,30,5,11029063.65,1,1,0,49515.05,0
1760,8024336228,Rathore,581,Jaipur Gramin,Male,35,9,0,2,1,0,16352402.85,0
1761,8523714293,Saini,505,Jaipur Gramin,Male,38,5,9404500.3,1,0,1,11603153.65,1
1762,8492059067,Singh,674,Jaipur Gramin,Female,36,4,14187282,2,1,0,11804045.2,1
1763,8458671968,Choudhary,790,Jaipur Gramin,Female,34,1,13101853.25,1,1,1,5161955.65,0
1764,8402354798,Verma,740,Jaipur Gramin,Male,38,7,8284020.1,1,0,0,16079935.35,0
1765,8427219973,Saini,613,Jaipur Gramin,Male,40,1,0,2,1,1,8716542.6,0
1766,8837272811,Agarwal,799,Jaipur  Urban,Male,43,6,9527483.4,2,1,1,3120057.6,0
1767,8176968830,Gupta,643,Jaipur Gramin,Female,34,3,0,2,1,1,3804281.25,0
1768,8330144871,Aggarwal,857,Jaipur Gramin,Female,48,7,0,2,1,1,11293962.75,0
1769,8231326444,Choudhary,792,Jaipur City,Male,28,1,11988278.45,2,0,0,1384427.3,0
1770,8269102994,Verma,608,Jaipur  Urban,Male,39,2,7179836.95,2,1,1,10365360.7,0
1771,8038161887,Sharma,750,Jaipur City,Female,36,4,10074222.1,1,0,0,11149781.5,1
1772,8052344986,Saini,600,Jaipur Gramin,Male,37,1,12126394.1,1,0,1,7536940.65,0
1773,8268196096,Aggarwal,667,Jaipur  Urban,Male,27,4,10083308.6,2,1,1,13671000.5,0
1774,8917436650,Choudhary,648,Jaipur City,Male,34,1,11689456.7,1,0,0,2104715.6,0
1775,8575298035,Agarwal,407,Jaipur Gramin,Male,28,7,9432979.55,2,1,0,11774791.6,0
1776,8891255072,Jain,539,Jaipur Gramin,Female,38,8,9119089,1,0,0,13382633.75,0
1777,8835117565,Rathore,626,Jaipur Gramin,Male,38,5,0,2,0,0,8950140.45,0
1778,8295548455,Saini,738,Jaipur Gramin,Male,34,4,10566728.25,1,0,0,8311548.2,0
1779,8608241439,Agarwal,668,Jaipur Gramin,Female,41,5,8147961.45,1,1,1,5801749.8,0
1780,8505617092,Choudhary,724,Jaipur Gramin,Male,36,2,0,2,1,0,9247230.75,0
1781,8440218384,Saini,842,Jaipur Gramin,Male,33,8,0,2,1,0,12215025.3,0
1782,8782183293,Singh,832,Jaipur City,Female,36,0,0,1,0,0,12664444.95,0
1783,8152320775,Aggarwal,545,Jaipur Gramin,Female,35,6,10005110.3,2,0,0,8098557.75,1
1784,8930250296,Maheshwari,520,Jaipur City,Male,38,1,11499593.05,2,0,1,13001288.05,0
1785,8365689129,Choudhary,670,Jaipur Gramin,Male,36,8,14795139.1,1,1,1,8068677.7,0
1786,8868507233,Singh,736,Jaipur  Urban,Male,40,3,9727981.4,2,1,1,7421195.3,0
1787,8227397768,Jat,733,Jaipur City,Male,37,2,0,2,1,0,7138203.1,1
1788,8613259639,Verma,683,Jaipur Gramin,Male,25,1,13417125.05,1,0,0,3191234.05,1
1789,8598867362,Jain,407,Jaipur Gramin,Female,43,8,0,1,0,1,8915590.5,0
1790,8920979185,Khandelwal,796,Jaipur City,Female,37,6,0,2,1,1,12724946.25,0
1791,8866305222,Aggarwal,716,Jaipur  Urban,Female,74,3,9186065.6,2,1,1,1397892.15,0
1792,8935747022,Saini,722,Jaipur City,Female,35,8,1212338,2,1,0,4648578.6,0
1793,8299448756,Rathore,703,Jaipur City,Male,41,7,8733726.2,1,0,1,16567678.1,0
1794,8507227731,Agarwal,635,Jaipur City,Male,36,1,13749418.95,2,1,1,12441596.2,0
1795,8851855089,Khandelwal,868,Jaipur Gramin,Male,38,1,0,2,1,0,13311314.5,0
1796,8563717400,Sharma,700,Jaipur  Urban,Female,35,5,8134397.15,1,0,1,15518174.6,0
1797,8188095810,Agarwal,546,Jaipur Gramin,Male,37,9,10622376.05,1,1,0,5116494.25,0
1798,8430297851,Saini,656,Jaipur  Urban,Male,44,4,7986629.75,1,1,0,3109260.05,1
1799,8738960061,Jain,737,Jaipur Gramin,Female,51,4,7506253.95,3,0,0,498315.05,1
1800,8357588918,Paliwal,900,Jaipur City,Female,39,10,0,2,1,1,12157557.65,0
1801,8868256685,Agarwal,736,Jaipur Gramin,Female,59,3,0,2,1,1,5329506.8,0
1802,8964468887,Paliwal,422,Jaipur Gramin,Male,30,7,9599548.95,1,1,1,8416473.9,0
1803,8522813409,Verma,700,Jaipur City,Female,24,8,8378203.5,1,1,0,15978895.85,0
1804,8264193325,Jain,572,Jaipur Gramin,Female,26,1,15345093.35,1,0,0,10493642.7,0
1805,8076080405,Choudhary,542,Jaipur Gramin,Male,33,5,11979183.45,1,0,1,928327.5,0
1806,8141405834,Singh,803,Jaipur  Urban,Female,31,7,12657666.2,2,1,0,4574464.55,0
1807,8872736431,Sharma,709,Jaipur Gramin,Male,38,7,0,2,0,0,6937479,0
1808,8827446279,Meena,862,Jaipur Gramin,Female,49,2,0,1,0,1,16345401.4,1
1809,8093201190,Saini,767,Jaipur Gramin,Male,41,5,0,2,0,0,12229991.25,0
1810,8563448482,Gupta,647,Jaipur Gramin,Female,50,6,9803502.2,2,1,1,4516084.85,0
1811,8119870000,Meena,661,Jaipur Gramin,Female,65,0,0,2,1,1,16188593.4,0
1812,8702727469,Agarwal,815,Jaipur Gramin,Female,26,0,0,2,0,1,9512010,0
1813,8568496165,Khandelwal,900,Jaipur  Urban,Female,33,7,11447641.05,1,1,0,9620125.75,0
1814,8281764999,Saini,875,Jaipur Gramin,Male,38,9,0,2,1,0,2595039.8,0
1815,8829475637,Singh,575,Jaipur  Urban,Male,31,2,7696535.8,2,1,1,1598011.05,0
1816,8016806308,Jat,492,Jaipur Gramin,Male,32,9,8782606.3,1,1,1,3920854.5,0
1817,8541983962,Singh,517,Jaipur Gramin,Male,29,3,9740199.3,1,0,0,6424765.8,0
1818,8058040667,Gupta,634,Jaipur  Urban,Female,36,3,7759353.35,1,1,0,5362304.9,0
1819,8503973671,Sharma,640,Jaipur City,Male,32,5,13883910.2,2,1,1,6325292,0
1820,8484754977,Singh,737,Jaipur City,Male,45,8,12826524.65,2,0,1,11890577.75,0
1821,8111439711,Rathore,605,Jaipur City,Male,23,9,10589073.05,1,1,1,617716.25,0
1822,8434183246,Jat,636,Jaipur City,Male,35,1,0,2,0,0,15880228.7,0
1823,8252541675,Meena,900,Jaipur City,Female,31,4,7759879.5,1,1,1,13782670.95,0
1824,8423511934,Choudhary,826,Jaipur  Urban,Female,57,8,7965921.2,1,1,1,15312791.65,1
1825,8480041232,Verma,838,Jaipur Gramin,Female,37,4,9496461.8,1,1,1,7095640.2,0
1826,8595463328,Rathore,804,Jaipur  Urban,Male,45,4,9415082.8,1,1,0,2223917.9,1
1827,8104173230,Maheshwari,563,Jaipur  Urban,Male,25,9,14744053.25,2,1,1,3772390.1,0
1828,8733268275,Jat,390,Jaipur City,Female,22,7,14420227.05,2,0,1,11591025,1
1829,8981067125,Choudhary,536,Jaipur City,Female,31,9,0,2,0,0,8440008.7,0
1830,8083491791,Choudhary,750,Jaipur  Urban,Male,45,8,9937950.95,1,0,0,14744476.55,1
1831,8285420252,Saini,487,Jaipur Gramin,Male,37,5,0,2,1,1,10841223.85,0
1832,8118209544,Jat,638,Jaipur Gramin,Female,36,7,0,2,1,1,4464765.25,0
1833,8395937568,Sharma,624,Jaipur Gramin,Male,22,0,0,1,1,0,2770103.25,0
1834,8787753403,Agarwal,676,Jaipur  Urban,Male,32,8,11103351.1,1,1,0,4008706.25,1
1835,8835214448,Gupta,720,Jaipur City,Female,46,5,4809380.75,2,0,1,3861051.05,0
1836,8960073692,Maheshwari,715,Jaipur  Urban,Male,38,6,12096871.9,1,1,1,681571.65,0
1837,8266065100,Gupta,800,Jaipur City,Male,31,6,0,2,1,1,16631780,0
1838,8331514260,Meena,553,Jaipur Gramin,Male,56,7,12984515,2,1,0,11319204.35,1
1839,8277300921,Meena,300,Jaipur  Urban,Male,39,0,9327322,2,0,0,10506179.35,1
1840,8634452820,Gupta,727,Jaipur Gramin,Male,54,9,9982783.35,1,1,1,15830302.25,0
1841,8362370244,Singh,437,Jaipur City,Female,34,5,6460133.45,1,1,1,13486853.95,0
1842,8125840137,Sharma,481,Jaipur Gramin,Female,34,3,9158543.45,1,1,0,786195.6,0
1843,8794595077,Paliwal,774,Jaipur City,Female,35,8,0,2,1,1,9909393.5,0
1844,8507248375,Singh,584,Jaipur Gramin,Female,36,1,11474786.65,2,1,0,3798486.8,0
1845,8892293234,Khandelwal,680,Jaipur Gramin,Female,48,2,0,2,1,1,12631713.15,0
1846,8040840312,Singh,764,Jaipur Gramin,Male,36,9,0,1,0,1,16037026.5,1
1847,8472413836,Verma,462,Jaipur City,Female,30,7,0,1,1,0,9100726.45,0
1848,8196493376,Aggarwal,588,Jaipur City,Female,37,0,5469342.85,1,0,1,5249543.05,1
1849,8329524499,Agarwal,502,Jaipur  Urban,Female,35,8,12041578.55,1,0,1,16386014.4,0
1850,8469971768,Verma,577,Jaipur City,Female,29,8,0,2,1,0,3972491.15,0
1851,8757192942,Saini,822,Jaipur  Urban,Female,33,5,11613091,2,1,1,14375007.9,0
1852,8349927725,Aggarwal,839,Jaipur Gramin,Female,52,4,13702821.1,1,1,1,7571919.85,0
1853,8826074503,Aggarwal,718,Jaipur City,Male,38,10,8075928.2,1,1,1,8944368.1,0
1854,8830385673,Jat,756,Jaipur Gramin,Female,41,4,14241352.2,1,1,0,10900978.85,0
1855,8724435912,Sharma,768,Jaipur  Urban,Female,36,4,9268791,1,0,0,8037152.9,1
1856,8862191984,Sharma,822,Jaipur Gramin,Female,47,9,10372681.75,1,1,1,2874997.5,1
1857,8280961256,Aggarwal,512,Jaipur City,Female,29,2,2359257.45,1,1,0,8284817.4,1
1858,8681609410,Khandelwal,533,Jaipur Gramin,Female,29,1,10077646.75,1,1,1,13951675.6,0
1859,8784257930,Singh,726,Jaipur Gramin,Male,61,4,0,2,1,1,16261664.5,0
1860,8930647051,Jat,701,Jaipur Gramin,Male,34,9,0,2,1,1,5546893.45,0
1861,8521789321,Agarwal,647,Jaipur City,Female,28,8,8316461.2,1,1,1,15148935.45,0
1862,8226386840,Aggarwal,558,Jaipur  Urban,Female,38,2,13485359.65,2,1,1,15252848.8,0
1863,8161345712,Rathore,457,Jaipur Gramin,Male,44,9,14900760.1,1,1,0,5567545.05,1
1864,8983202008,Meena,757,Jaipur City,Male,25,8,8240767.85,1,1,0,8319623.2,0
1865,8932787210,Meena,608,Jaipur Gramin,Male,45,7,10528066,1,0,1,9609383.45,0
1866,8585696701,Verma,792,Jaipur Gramin,Female,32,7,0,2,1,1,9007369.25,0
1867,8163615349,Saini,551,Jaipur Gramin,Female,70,9,0,1,1,1,10454724.6,0
1868,8074125475,Jain,738,Jaipur Gramin,Female,33,3,7244366.4,1,1,1,5787407.75,0
1869,8037391910,Jain,667,Jaipur Gramin,Male,36,8,8311816.8,2,0,1,1825660.6,0
1870,8736634932,Meena,662,Jaipur  Urban,Male,33,7,10891559.15,1,1,0,13467207.05,0
1871,8405434061,Paliwal,629,Jaipur City,Male,33,6,0,2,0,0,6506894.5,0
1872,8539902775,Choudhary,641,Jaipur City,Male,36,2,7309676.15,1,1,0,1350452.8,0
1873,8722570599,Verma,900,Jaipur City,Female,50,10,0,2,1,1,2868056.4,0
1874,8706238848,Jain,671,Jaipur  Urban,Female,39,1,8882679.35,1,1,0,1755478.65,0
1875,8815763511,Meena,515,Jaipur City,Male,35,5,8140702.45,1,1,1,9586427.5,0
1876,8053448821,Saini,566,Jaipur City,Male,31,5,8339247.15,1,0,1,10199740.75,0
1877,8905001859,Jain,648,Jaipur  Urban,Male,39,9,11186618.8,4,0,1,593421.55,1
1878,8645586172,Singh,804,Jaipur City,Male,55,9,5365829.85,2,1,0,15742958.8,1
1879,8155820829,Singh,658,Jaipur City,Male,35,7,0,2,1,1,6667090.6,0
1880,8707887883,Sharma,575,Jaipur Gramin,Male,31,9,0,1,0,1,11819080,0
1881,8451914530,Khandelwal,587,Jaipur  Urban,Female,36,9,11930222.6,2,1,0,11588046.6,0
1882,8623790924,Sharma,516,Jaipur City,Female,36,2,0,2,1,1,1251353,0
1883,8738819251,Agarwal,877,Jaipur Gramin,Male,30,2,0,2,0,1,291582.3,0
1884,8648418718,Aggarwal,828,Jaipur  Urban,Male,24,7,9130552.95,1,0,1,13638267.85,0
1885,8581658469,Rathore,667,Jaipur Gramin,Male,35,6,0,2,1,0,126247.95,0
1886,8320048362,Sharma,556,Jaipur City,Male,32,6,0,2,1,1,1676206.8,0
1887,8239504214,Maheshwari,680,Jaipur City,Male,39,7,14242355.2,1,1,1,3500556.7,0
1888,8720302787,Jain,616,Jaipur City,Male,34,8,9970501.7,1,1,0,11849856.8,0
1889,8323190579,Paliwal,395,Jaipur Gramin,Male,60,7,0,2,1,1,13913775.8,0
1890,8313898063,Jat,678,Jaipur Gramin,Female,23,9,12212196.5,1,1,1,9787523.05,0
1891,8507678342,Meena,757,Jaipur Gramin,Male,33,4,0,2,1,1,6370334.35,0
1892,8101646357,Jat,581,Jaipur Gramin,Female,37,1,0,2,1,1,15330902.6,0
1893,8704939484,Maheshwari,641,Jaipur  Urban,Female,31,8,6527908.2,1,0,0,16661847.05,0
1894,8987865930,Saini,466,Jaipur Gramin,Male,34,3,0,2,1,1,10708245.6,0
1895,8849821111,Sharma,522,Jaipur City,Female,49,7,9801328.75,1,1,0,9470850.45,0
1896,8413427424,Rathore,811,Jaipur Gramin,Female,29,7,15144538.4,2,1,1,9844573.35,0
1897,8078384697,Saini,900,Jaipur City,Female,38,3,0,2,0,1,15245664.6,0
1898,8900813916,Choudhary,688,Jaipur City,Female,37,0,0,2,0,0,6999840.1,0
1899,8031601658,Choudhary,900,Jaipur  Urban,Female,45,5,10816997.15,1,1,1,16383259.55,1
1900,8753054822,Jat,632,Jaipur City,Female,30,6,0,1,1,1,9639719.95,0
1901,8078193035,Aggarwal,564,Jaipur Gramin,Female,33,8,0,1,1,1,10594520.7,0
1902,8043441158,Verma,835,Jaipur City,Male,67,5,0,2,0,1,4664036.7,0
1903,8161184383,Aggarwal,808,Jaipur City,Female,33,10,0,1,1,1,8399707.65,0
1904,8639128570,Jain,782,Jaipur City,Male,36,2,0,2,1,1,3873521.4,0
1905,8297341494,Maheshwari,630,Jaipur City,Female,69,1,9143446.6,1,1,1,15498598.25,0
1906,8111120614,Singh,522,Jaipur  Urban,Male,20,9,11464324,1,1,1,10100172.6,0
1907,8733455209,Agarwal,823,Jaipur Gramin,Female,29,4,0,2,1,0,8786687.15,0
1908,8845179453,Aggarwal,624,Jaipur Gramin,Female,67,3,0,2,1,1,3696372.05,0
1909,8938103023,Khandelwal,606,Jaipur City,Female,48,6,0,2,1,1,3405354.15,0
1910,8848257113,Agarwal,684,Jaipur City,Female,32,3,0,2,1,0,3924934.5,0
1911,8174172391,Maheshwari,620,Jaipur City,Male,42,0,5958998.95,1,1,1,10270612.05,0
1912,8880566728,Agarwal,594,Jaipur Gramin,Male,41,9,0,2,1,0,507202.65,0
1913,8894232808,Rathore,704,Jaipur  Urban,Female,29,4,6709827.75,1,1,0,10381437.6,1
1914,8728576353,Sharma,788,Jaipur  Urban,Male,30,6,8935952.25,2,1,1,5352631.05,0
1915,8837592044,Rathore,775,Jaipur City,Male,31,2,9676082.95,1,1,1,14859320.9,0
1916,8262829388,Agarwal,484,Jaipur City,Male,25,7,0,1,0,1,16391496.05,0
1917,8745648566,Saini,532,Jaipur  Urban,Male,48,1,8576542.5,1,0,0,2831411.2,1
1918,8897897846,Choudhary,394,Jaipur  Urban,Female,40,3,10986089.35,2,1,0,6194496.55,1
1919,8278740259,Agarwal,802,Jaipur Gramin,Female,28,3,9275034.25,2,0,1,4327469.85,0
1920,8422977880,Rathore,622,Jaipur Gramin,Male,56,7,0,1,1,1,12104022.95,1
1921,8926534295,Paliwal,589,Jaipur Gramin,Female,31,7,0,2,0,1,4146169.1,0
1922,8670096811,Maheshwari,670,Jaipur Gramin,Female,35,5,10743801.1,1,0,0,13290734.3,1
1923,8178657409,Saini,630,Jaipur Gramin,Male,36,9,9226423.6,3,1,0,11373660.45,1
1924,8944052364,Rathore,740,Jaipur Gramin,Male,36,2,12585260.65,1,1,0,15225938.65,1
1925,8555870622,Aggarwal,680,Jaipur Gramin,Male,44,8,10393618.95,1,1,1,7803910.35,0
1926,8882467932,Meena,845,Jaipur Gramin,Male,24,3,0,2,1,0,14721603.05,0
1927,8029696625,Jat,712,Jaipur Gramin,Male,31,1,0,2,0,1,15493024.8,0
1928,8352809243,Verma,755,Jaipur  Urban,Male,36,8,12996435.4,2,1,0,15056078.05,0
1929,8218195899,Singh,461,Jaipur  Urban,Male,54,3,11422989.35,1,0,0,4246157.15,1
1930,8458575770,Rathore,638,Jaipur City,Female,40,3,9327952.7,1,1,0,12061222.9,0
1931,8567461518,Khandelwal,523,Jaipur  Urban,Male,23,6,7851171.2,2,1,0,10256245.35,0
1932,8705536222,Verma,568,Jaipur Gramin,Female,26,4,10974266.7,1,0,0,12734247.8,1
1933,8015090407,Maheshwari,666,Jaipur City,Female,56,5,0,2,1,1,3551529.5,0
1934,8015974862,Paliwal,679,Jaipur  Urban,Male,74,7,8933712.5,1,1,1,3924659.95,0
1935,8258164256,Gupta,751,Jaipur  Urban,Male,30,5,9466902.2,2,1,0,229847.65,0
1936,8344468755,Rathore,508,Jaipur Gramin,Male,39,3,0,2,1,0,571755.05,0
1937,8712685225,Meena,754,Jaipur  Urban,Female,33,9,12785031.9,2,1,0,14514946.8,0
1938,8704427147,Verma,721,Jaipur Gramin,Male,30,3,13316161.2,2,1,0,3888105.7,0
1939,8495860068,Singh,502,Jaipur Gramin,Male,38,3,7731413.85,1,0,1,13795890.15,0
1940,8379537096,Agarwal,767,Jaipur Gramin,Male,37,7,8921639.1,1,0,1,6875124.7,0
1941,8827601942,Rathore,517,Jaipur  Urban,Female,31,7,9949489.7,1,1,0,10073187.65,1
1942,8796815303,Sharma,422,Jaipur City,Male,44,3,7557847.25,1,1,0,5924307.9,0
1943,8456924895,Paliwal,701,Jaipur Gramin,Male,45,6,12586068.15,1,1,0,15603875.85,0
1944,8696676207,Maheshwari,754,Jaipur  Urban,Male,39,6,12935540.55,1,0,0,13702306,0
1945,8762199309,Jat,820,Jaipur City,Male,39,9,0,2,1,0,12218985.45,0
1946,8899144538,Meena,761,Jaipur Gramin,Male,22,5,11054779.55,1,0,0,10361016.35,1
1947,8110682776,Jain,658,Jaipur  Urban,Male,34,3,8078377.05,2,1,1,12499748.95,0
1948,8169297228,Jain,706,Jaipur Gramin,Male,52,1,0,2,1,1,14622853.45,0
1949,8936739830,Khandelwal,696,Jaipur City,Male,35,9,0,2,0,0,12220795.1,0
1950,8349842028,Verma,499,Jaipur Gramin,Female,43,2,9585767.05,2,1,1,11846159.3,0
1951,8333333534,Meena,696,Jaipur Gramin,Female,37,10,10523533.8,1,1,0,6951031.4,1
1952,8849413860,Saini,605,Jaipur Gramin,Male,53,8,12278568.75,1,1,0,16234911.6,1
1953,8935721199,Singh,629,Jaipur  Urban,Male,27,9,8046719.65,2,0,1,379994.2,0
1954,8230627193,Jat,628,Jaipur Gramin,Male,21,10,0,2,0,1,11547360.5,0
1955,8600592746,Agarwal,629,Jaipur City,Male,51,5,14823762.85,2,1,1,14651673.55,0
1956,8456321845,Rathore,558,Jaipur  Urban,Female,58,3,9255500.4,3,0,1,11549418.35,1
1957,8431793540,Rathore,558,Jaipur Gramin,Male,55,4,10098284.75,2,1,1,10890599.5,1
1958,8745913996,Jain,732,Jaipur Gramin,Male,54,6,14546697.7,1,1,1,14197035.75,1
1959,8129073819,Rathore,654,Jaipur Gramin,Male,42,6,0,1,0,0,12733595.85,0
1960,8816778538,Maheshwari,728,Jaipur Gramin,Male,33,8,11617674.2,1,1,0,4614702.7,0
1961,8119576408,Jat,666,Jaipur City,Female,36,1,11518839.6,1,1,0,7311186.6,0
1962,8625329522,Sharma,726,Jaipur City,Female,24,5,15112985.55,2,0,0,6790315.1,0
1963,8610138158,Gupta,310,Jaipur City,Female,52,8,12201100.6,3,1,0,12066524.35,1
1964,8900288486,Khandelwal,574,Jaipur  Urban,Male,34,8,12536414.55,2,1,0,5667865.45,0
1965,8551920037,Choudhary,840,Jaipur Gramin,Female,40,5,8309974.85,1,1,0,8384412.75,1
1966,8035886559,Aggarwal,614,Jaipur Gramin,Female,33,9,0,1,0,0,12137787.5,1
1967,8245894722,Khandelwal,697,Jaipur  Urban,Female,48,8,11855815.3,1,1,1,13904441.95,0
1968,8069183142,Verma,551,Jaipur City,Male,25,5,0,2,1,1,13873803.7,0
1969,8127847972,Sharma,466,Jaipur City,Female,39,9,11947044.1,1,0,0,1057437.4,0
1970,8357305462,Khandelwal,740,Jaipur Gramin,Female,36,5,0,2,1,1,12371886,0
1971,8278969329,Agarwal,679,Jaipur Gramin,Female,41,10,11998776.8,1,1,0,4327220.8,0
1972,8759308885,Jain,578,Jaipur City,Male,26,4,5597110.6,2,1,0,2562682.85,0
1973,8378568061,Paliwal,760,Jaipur City,Female,30,0,7082138.8,1,0,0,4910382,0
1974,8638812551,Verma,712,Jaipur Gramin,Male,41,4,0,2,0,0,13292424.95,0
1975,8702938064,Rathore,713,Jaipur Gramin,Female,33,4,11027189.4,2,1,0,15140528.1,0
1976,8976110643,Meena,626,Jaipur Gramin,Female,35,5,0,2,1,0,4344588,0
1977,8000690778,Agarwal,598,Jaipur City,Female,38,6,0,2,0,0,14771587.3,0
1978,8574469408,Verma,740,Jaipur City,Male,35,1,0,3,0,0,14855461.9,1
1979,8830650349,Paliwal,473,Jaipur  Urban,Male,37,5,9104038.05,2,1,0,14625362.65,0
1980,8603474256,Singh,653,Jaipur Gramin,Male,33,8,0,2,1,1,13200004.45,0
1981,8828718283,Rathore,545,Jaipur Gramin,Female,30,9,0,2,1,1,3427225.5,0
1982,8119791471,Khandelwal,451,Jaipur City,Female,69,1,8950817.05,1,0,1,11412128.9,0
1983,8263875821,Khandelwal,680,Jaipur Gramin,Male,28,6,14092838.5,1,1,0,12502726.5,0
1984,8425389722,Verma,778,Jaipur City,Female,40,4,0,2,1,0,11251319.95,0
1985,8341580527,Meena,517,Jaipur City,Female,45,1,10752123.45,2,1,1,14003027.5,0
1986,8831702151,Singh,743,Jaipur City,Female,47,9,9893455.15,1,1,0,5359362.2,1
1987,8818634134,Rathore,894,Jaipur  Urban,Female,41,2,6947367.9,2,0,0,16979709.65,0
1988,8724764155,Paliwal,766,Jaipur Gramin,Male,54,4,0,1,0,1,4736628.4,1
1989,8459347305,Gupta,556,Jaipur City,Female,46,8,9024592.8,1,1,0,13867367.5,1
1990,8817651068,Khandelwal,714,Jaipur City,Male,28,0,8161773.1,1,1,1,4929361.65,0
1991,8791171952,Paliwal,889,Jaipur City,Male,41,1,0,2,0,1,16412970.45,0
1992,8209507903,Sharma,631,Jaipur  Urban,Male,36,2,15442048.6,2,1,1,4890146.9,0
1993,8568830586,Khandelwal,616,Jaipur Gramin,Female,29,6,15785288.8,2,1,1,6565586.15,0
1994,8198795517,Paliwal,869,Jaipur  Urban,Male,60,8,11411264.45,3,0,0,13008923.6,1
1995,8874073564,Saini,726,Jaipur Gramin,Female,49,7,0,1,1,0,5389442,1
1996,8356772977,Jain,581,Jaipur Gramin,Female,44,5,8132098.75,2,1,1,9058014.8,0
1997,8529831955,Aggarwal,521,Jaipur Gramin,Male,62,2,0,2,0,0,3634865.2,1
1998,8902879759,Jat,686,Jaipur Gramin,Female,34,1,12082898.75,2,1,1,14344033.9,0
1999,8256677008,Jain,604,Jaipur Gramin,Male,43,5,10865034.05,1,1,1,1656084.75,0
2000,8688637135,Maheshwari,640,Jaipur  Urban,Male,43,3,12253964.65,1,1,1,13484949.1,0
2001,8595279378,Aggarwal,890,Jaipur Gramin,Male,58,1,5396899.9,1,1,1,7069636.15,0
2002,8097536375,Agarwal,673,Jaipur Gramin,Female,27,3,0,2,1,1,6535632.15,0
2003,8339619319,Paliwal,601,Jaipur Gramin,Male,74,2,0,2,0,1,4382139.3,0
2004,8101326727,Aggarwal,638,Jaipur Gramin,Male,41,0,9021429.1,1,0,1,8973483.15,0
2005,8277401765,Maheshwari,701,Jaipur  Urban,Male,29,8,10817928.75,1,0,1,6757075.85,0
2006,8703227429,Rathore,822,Jaipur  Urban,Female,32,3,10581907.55,2,0,1,4469622.15,1
2007,8051920052,Gupta,704,Jaipur Gramin,Male,39,7,0,2,1,0,2282101.25,0
2008,8211520348,Saini,726,Jaipur  Urban,Female,43,10,12456561.3,1,0,1,856166.75,1
2009,8819008104,Sharma,647,Jaipur Gramin,Male,43,6,8466928.2,2,1,0,15920226.3,0
2010,8205219417,Paliwal,755,Jaipur  Urban,Male,46,5,10016181.55,1,1,0,8841411.85,1
2011,8894545822,Sharma,547,Jaipur City,Female,48,8,14324401.45,1,1,1,12861363.6,0
2012,8439078699,Meena,564,Jaipur Gramin,Male,32,9,9973690.9,2,0,1,5338927.35,0
2013,8881413563,Khandelwal,889,Jaipur Gramin,Male,74,9,9191180.05,1,0,1,5170582.3,0
2014,8457723211,Paliwal,726,Jaipur  Urban,Male,35,4,11602170.2,2,1,0,9917121.7,0
2015,8813978102,Jat,544,Jaipur Gramin,Male,32,3,9887585.05,1,1,0,6570881.65,0
2016,8627299216,Paliwal,815,Jaipur  Urban,Female,40,2,6414969.55,1,1,1,4495990.85,0
2017,8539514958,Verma,715,Jaipur Gramin,Male,28,4,14674979.7,1,1,1,9900071.55,0
2018,8855372360,Gupta,754,Jaipur City,Female,37,4,0,1,0,0,385847.3,0
2019,8262023078,Verma,709,Jaipur  Urban,Male,27,3,13630487.8,2,1,0,12101256.2,0
2020,8750735273,Paliwal,727,Jaipur Gramin,Male,30,3,8365306.45,1,1,1,9394240.8,0
2021,8583781039,Saini,632,Jaipur  Urban,Female,30,6,4913792.2,1,1,0,16001971.65,0
2022,8582193547,Aggarwal,739,Jaipur  Urban,Female,18,3,10943223,1,0,0,16772381.05,0
2023,8107066975,Sharma,481,Jaipur  Urban,Male,24,4,11118545.7,2,1,0,6820496.9,0
2024,8710457176,Saini,601,Jaipur Gramin,Male,41,1,10537548.6,1,0,1,14689274.15,0
2025,8051257745,Paliwal,534,Jaipur City,Female,39,6,0,1,0,0,3264912.9,1
2026,8203310030,Maheshwari,641,Jaipur Gramin,Male,45,9,0,2,0,0,1497939.7,0
2027,8021971167,Aggarwal,421,Jaipur City,Female,23,9,0,2,0,1,4081845.35,0
2028,8083399173,Maheshwari,666,Jaipur Gramin,Female,59,7,0,1,1,0,7561471.65,1
2029,8590307563,Sharma,430,Jaipur Gramin,Female,39,9,0,2,1,0,9889162.65,0
2030,8924609962,Aggarwal,504,Jaipur Gramin,Male,33,4,13285294.3,2,1,1,14118721.85,0
2031,8589713523,Jat,629,Jaipur City,Female,28,2,0,2,0,1,8870027.1,0
2032,8250129570,Gupta,798,Jaipur Gramin,Male,51,3,10486645.5,1,1,1,9811492.2,0
2033,8370852065,Jain,680,Jaipur  Urban,Female,37,5,7834564.75,3,1,0,15139038.9,1
2034,8052717797,Singh,678,Jaipur City,Male,41,8,0,2,1,0,11232947.2,0
2035,8372580343,Agarwal,731,Jaipur  Urban,Male,34,4,12611891.15,2,1,1,1829317.3,0
2036,8799166645,Saini,580,Jaipur Gramin,Female,44,8,0,2,1,1,2331687.7,0
2037,8441974008,Khandelwal,818,Jaipur City,Male,34,6,12530907.4,1,0,1,3582206.85,0
2038,8673891645,Saini,682,Jaipur City,Female,24,7,14786797.2,1,0,0,9048854.35,1
2039,8988401604,Singh,625,Jaipur Gramin,Male,47,0,0,1,1,1,11375666.45,1
2040,8848535761,Jain,575,Jaipur  Urban,Female,64,6,12343311.55,1,1,1,13947116.2,0
2041,8589467279,Choudhary,536,Jaipur Gramin,Female,38,5,14240897.45,1,0,1,13532623.9,0
2042,8072365447,Rathore,888,Jaipur Gramin,Female,39,1,8072362.45,1,1,0,7181447.7,0
2043,8147771224,Jat,680,Jaipur  Urban,Female,27,3,9019902.5,2,1,0,312350.35,0
2044,8078542943,Maheshwari,748,Jaipur Gramin,Male,34,5,0,2,0,1,1027822.55,0
2045,8390002521,Paliwal,464,Jaipur Gramin,Male,45,2,0,2,1,0,6585437.05,0
2046,8776850163,Jat,682,Jaipur Gramin,Female,31,9,0,2,0,0,3509797.05,0
2047,8951116885,Singh,504,Jaipur  Urban,Male,34,8,10201603.1,2,1,1,29187.3,0
2048,8821536746,Paliwal,539,Jaipur Gramin,Male,37,2,9566030.9,2,0,0,4031756.55,0
2049,8009208201,Khandelwal,560,Jaipur Gramin,Female,35,5,14120068.25,2,1,0,10865310.3,0
2050,8565369527,Verma,744,Jaipur Gramin,Female,45,1,8745004,2,1,1,3028817.75,1
2051,8065250123,Aggarwal,470,Jaipur Gramin,Female,49,8,0,1,1,1,15543532.65,1
2052,8324412916,Rathore,734,Jaipur Gramin,Female,37,1,9084927.5,2,0,0,14397878.85,0
2053,8105882203,Gupta,707,Jaipur  Urban,Male,26,4,10261877.45,1,0,1,12671279.8,0
2054,8506233413,Gupta,900,Jaipur Gramin,Male,63,8,14435768.45,1,0,0,15649117.1,1
2055,8266909690,Singh,776,Jaipur Gramin,Male,41,5,0,2,1,1,1933764.45,0
2056,8712353683,Jat,443,Jaipur  Urban,Male,38,9,9655950.7,1,0,0,1015774.65,0
2057,8226361476,Gupta,527,Jaipur City,Male,38,6,0,1,1,1,12994805.95,1
2058,8552651542,Khandelwal,772,Jaipur Gramin,Male,32,9,0,2,1,0,14896486.3,0
2059,8492812936,Maheshwari,728,Jaipur Gramin,Male,47,3,0,2,1,0,14815779.65,0
2060,8877989177,Choudhary,577,Jaipur City,Female,50,4,0,2,1,1,6859646.2,0
2061,8541757114,Saini,764,Jaipur City,Male,38,6,12434037.15,2,1,0,16873877,0
2062,8533301468,Meena,414,Jaipur  Urban,Female,38,6,10150157.7,2,1,0,14939290.6,0
2063,8126845903,Khandelwal,724,Jaipur  Urban,Female,29,3,10377193.55,1,0,1,7040046.8,0
2064,8893099445,Paliwal,586,Jaipur  Urban,Female,35,1,8760153.55,1,1,0,15288610.85,1
2065,8081009709,Agarwal,798,Jaipur Gramin,Male,44,6,0,2,1,1,13591497.45,0
2066,8917628693,Singh,631,Jaipur Gramin,Male,33,8,0,2,1,0,11772863.8,0
2067,8090352831,Verma,534,Jaipur  Urban,Male,37,9,9391128.1,1,1,1,10828546.95,0
2068,8010315271,Aggarwal,773,Jaipur Gramin,Male,31,9,10261053.8,1,1,1,5011726.65,0
2069,8957087098,Agarwal,670,Jaipur City,Female,31,2,3108191.6,1,1,0,8809823.3,1
2070,8673516307,Aggarwal,635,Jaipur  Urban,Male,28,8,9231085,1,1,1,10170054.5,0
2071,8139528882,Sharma,743,Jaipur Gramin,Female,42,4,0,1,1,0,2419598.1,1
2072,8851289421,Agarwal,703,Jaipur City,Female,36,5,0,2,1,1,13003226.9,0
2073,8409210918,Meena,772,Jaipur Gramin,Male,36,4,0,2,1,1,16227436.7,0
2074,8618489124,Jat,631,Jaipur City,Female,48,2,0,2,1,1,8142573.3,0
2075,8168336049,Choudhary,673,Jaipur  Urban,Male,44,1,11996612.7,1,1,0,16128136.3,1
2076,8939801930,Saini,732,Jaipur  Urban,Male,45,9,9199666.45,1,1,1,16028796.8,0
2077,8525600629,Saini,665,Jaipur Gramin,Male,40,6,0,1,0,0,15629194.8,1
2078,8777336992,Choudhary,563,Jaipur City,Female,34,6,12312703.9,1,0,0,16707202.2,0
2079,8273166110,Maheshwari,648,Jaipur Gramin,Male,63,2,5816758.25,2,1,1,9562775.4,1
2080,8163915386,Rathore,554,Jaipur Gramin,Male,45,6,11632695.4,1,1,0,3983440,0
2081,8221998133,Sharma,745,Jaipur Gramin,Female,55,3,3741775.65,1,1,0,5598474,1
2082,8446334891,Aggarwal,427,Jaipur  Urban,Male,32,9,11310153.55,1,1,1,10639273.2,0
2083,8391255073,Meena,853,Jaipur City,Male,39,7,0,2,1,1,15089148.15,0
2084,8213002481,Gupta,521,Jaipur Gramin,Male,24,1,0,1,1,1,14420532.2,0
2085,8406651769,Agarwal,388,Jaipur Gramin,Female,36,5,8301576.85,1,1,0,10061666.75,1
2086,8774568048,Sharma,593,Jaipur  Urban,Male,28,5,15726106.7,1,1,0,1400895.2,0
2087,8141118453,Khandelwal,750,Jaipur City,Female,32,0,0,2,1,1,11774641.15,0
2088,8301930813,Singh,739,Jaipur Gramin,Female,52,7,5607586.85,2,1,0,1241680,1
2089,8672820781,Agarwal,594,Jaipur  Urban,Female,41,9,12789364.35,2,0,1,6931612.3,0
2090,8432102199,Meena,695,Jaipur Gramin,Female,33,1,0,2,0,0,5916720.8,0
2091,8821378694,Verma,680,Jaipur City,Male,39,9,0,2,1,0,5854273,0
2092,8268348533,Verma,673,Jaipur Gramin,Female,37,5,11596140.3,1,1,0,6893738.85,0
2093,8495763416,Paliwal,666,Jaipur City,Male,38,3,21326337.65,3,0,1,6889590,1
2094,8950151868,Sharma,546,Jaipur Gramin,Male,55,4,12477898.85,1,1,1,6302730.45,0
2095,8668788354,Jat,517,Jaipur City,Male,70,1,0,2,0,0,8457771.15,0
2096,8989539322,Meena,613,Jaipur  Urban,Female,40,7,10921387.35,2,1,0,859304.95,0
2097,8176447397,Meena,600,Jaipur Gramin,Female,38,9,0,2,1,1,5002747.25,0
2098,8795434195,Choudhary,517,Jaipur City,Male,37,1,12189619.65,2,0,1,7174209.1,0
2099,8417850785,Khandelwal,601,Jaipur Gramin,Female,43,2,0,1,1,0,4225678.95,1
2100,8995990640,Jat,538,Jaipur Gramin,Male,57,6,6474080.25,1,1,1,11350690.05,0
2101,8065405995,Khandelwal,791,Jaipur Gramin,Male,40,4,0,2,1,0,10592325.15,0
2102,8820793471,Maheshwari,694,Jaipur City,Female,49,8,0,2,0,1,8337708.65,0
2103,8799255403,Aggarwal,786,Jaipur  Urban,Female,33,6,7697625.5,2,1,1,3621653.65,0
2104,8572059805,Aggarwal,593,Jaipur Gramin,Male,61,3,5303253.7,1,1,1,16356899.35,0
2105,8853798672,Gupta,802,Jaipur Gramin,Male,42,5,0,3,0,0,5158344,0
2106,8851256122,Paliwal,470,Jaipur Gramin,Female,31,7,0,2,1,1,4204392.4,0
2107,8077512073,Saini,644,Jaipur  Urban,Female,55,1,10487147,1,1,0,6921719.15,1
2108,8263994195,Verma,655,Jaipur City,Female,42,3,8486099.95,1,0,1,1947312.6,0
2109,8868979199,Singh,592,Jaipur  Urban,Male,74,5,13721920.6,2,1,1,5570234.45,0
2110,8237768593,Aggarwal,595,Jaipur City,Male,41,5,0,2,0,1,11989577.25,0
2111,8437954604,Jat,746,Jaipur  Urban,Female,48,10,11756499.6,1,1,1,295173.55,1
2112,8163728491,Meena,650,Jaipur Gramin,Male,25,7,0,2,1,0,8677121.3,0
2113,8457881818,Singh,446,Jaipur City,Female,28,4,0,2,1,0,153150.45,0
2114,8303010234,Jain,766,Jaipur  Urban,Male,35,6,8648311.4,1,0,0,7240762.4,0
2115,8048951101,Khandelwal,758,Jaipur City,Male,33,8,0,1,1,0,10190029.5,0
2116,8790415674,Aggarwal,365,Jaipur  Urban,Female,54,4,10663765.95,1,1,0,7115831.1,1
2117,8844384432,Meena,721,Jaipur Gramin,Male,44,7,0,2,1,0,1991191.3,0
2118,8070228195,Aggarwal,700,Jaipur Gramin,Male,31,2,0,2,0,1,6572776.3,0
2119,8971966142,Verma,432,Jaipur Gramin,Female,27,7,0,2,1,0,13272756.8,1
2120,8678389718,Jain,708,Jaipur Gramin,Male,29,5,0,2,1,0,9229127.45,0
2121,8943527583,Agarwal,622,Jaipur  Urban,Female,54,4,10068182.85,1,1,1,11353729.65,1
2122,8317382537,Aggarwal,685,Jaipur Gramin,Male,30,2,0,1,0,1,8674918.1,0
2123,8855056650,Maheshwari,798,Jaipur City,Female,32,9,15138121.75,1,0,0,4016042.6,0
2124,8633592677,Jat,661,Jaipur  Urban,Female,25,2,9279886.9,2,1,0,9738149.95,0
2125,8199508805,Aggarwal,725,Jaipur Gramin,Male,32,7,10861739.45,4,0,0,15679499.5,1
2126,8940359034,Saini,533,Jaipur Gramin,Female,45,6,0,2,0,1,12869113.05,0
2127,8202133992,Singh,828,Jaipur Gramin,Female,40,9,0,2,1,1,6001603.5,0
2128,8918942397,Singh,732,Jaipur  Urban,Male,34,9,11412130.6,2,1,0,12501346.95,0
2129,8644039342,Verma,772,Jaipur Gramin,Male,37,8,5877232.35,2,0,1,8991315.3,0
2130,8750152993,Jat,722,Jaipur Gramin,Male,34,4,8504655.45,1,1,0,9307198.25,0
2131,8016184291,Jain,725,Jaipur Gramin,Female,45,6,0,1,1,1,11707853.25,0
2132,8073580900,Maheshwari,617,Jaipur Gramin,Male,38,2,9881154.8,1,1,0,8936978.2,0
2133,8524025488,Choudhary,611,Jaipur City,Female,43,6,7314549.2,2,1,1,9628499.1,1
2134,8502787815,Jat,706,Jaipur Gramin,Female,32,6,10468425.75,1,1,0,14665154.55,0
2135,8172139367,Singh,736,Jaipur Gramin,Male,44,1,5392307.35,1,1,0,5471909,0
2136,8121022389,Saini,763,Jaipur  Urban,Male,57,9,8100108.15,1,1,0,2416927.4,1
2137,8544914644,Agarwal,752,Jaipur Gramin,Male,18,4,11351806.95,1,1,1,3990019.85,0
2138,8977375783,Verma,900,Jaipur Gramin,Female,38,1,9084103.85,2,1,0,2493305.85,0
2139,8397256466,Choudhary,742,Jaipur City,Male,45,3,8947637.2,2,1,1,16466583.35,0
2140,8557797698,Saini,652,Jaipur Gramin,Female,51,2,8944510.05,1,1,0,2972258.75,1
2141,8998550097,Jain,664,Jaipur Gramin,Male,41,8,8735315.7,1,1,0,4731427.25,0
2142,8471541940,Khandelwal,689,Jaipur Gramin,Male,18,7,0,2,1,1,4739015.2,1
2143,8526457330,Jain,708,Jaipur Gramin,Male,35,6,9578645.75,1,1,0,15041796.35,0
2144,8669207871,Saini,863,Jaipur Gramin,Male,38,9,10398412.1,2,1,1,15428132.4,0
2145,8043151442,Khandelwal,641,Jaipur City,Male,34,1,0,2,1,0,5269623.45,0
2146,8946776366,Sharma,640,Jaipur City,Male,33,4,11717029.85,2,1,0,8359676.05,0
2147,8836833541,Verma,900,Jaipur Gramin,Male,49,5,10411349.95,1,0,1,5078596.15,0
2148,8482693903,Jat,678,Jaipur Gramin,Male,33,2,8609319.35,1,1,1,13586443.35,0
2149,8079477999,Khandelwal,636,Jaipur City,Male,26,7,0,2,1,1,565814.4,0
2150,8861156241,Paliwal,883,Jaipur City,Male,57,4,8606000.1,1,1,0,3157037.7,1
2151,8573846447,Khandelwal,682,Jaipur Gramin,Male,38,10,7393126.6,1,0,1,3153053.75,0
2152,8372501162,Meena,784,Jaipur Gramin,Male,57,7,0,1,1,0,13555381.8,1
2153,8748922150,Agarwal,774,Jaipur Gramin,Female,55,9,9360505.15,1,0,1,4381591.9,1
2154,8702981631,Meena,712,Jaipur Gramin,Male,36,8,15139504.7,1,0,0,4991168.55,1
2155,8922112688,Jat,607,Jaipur  Urban,Male,65,10,10736064.4,3,0,0,668242.8,1
2156,8115769200,Jat,672,Jaipur Gramin,Female,35,6,8565345.45,1,1,0,1631966.85,0
2157,8445786507,Verma,610,Jaipur Gramin,Male,42,5,0,2,1,0,15172864.65,0
2158,8282601196,Jat,773,Jaipur Gramin,Female,44,3,0,2,1,1,16066371.9,0
2159,8210136201,Singh,757,Jaipur Gramin,Female,40,7,10114302.15,1,1,1,13264134.4,0
2160,8884699974,Khandelwal,700,Jaipur Gramin,Male,72,3,11984767.1,1,0,1,4494494.85,0
2161,8690701165,Khandelwal,752,Jaipur Gramin,Male,28,5,0,2,0,1,1670511.8,0
2162,8935013504,Sharma,553,Jaipur  Urban,Male,32,6,14180090.15,1,1,0,11853418.3,0
2163,8595603504,Choudhary,720,Jaipur Gramin,Female,34,2,6487428.65,1,1,0,10891584.65,0
2164,8927805091,Jat,606,Jaipur Gramin,Male,35,6,0,2,1,1,3842558.45,0
2165,8831941396,Meena,800,Jaipur City,Male,77,8,12672114.5,1,1,1,16162480.55,0
2166,8561070372,Jat,493,Jaipur Gramin,Male,33,7,0,2,0,1,13456678.95,0
2167,8606938739,Jain,680,Jaipur Gramin,Male,40,9,0,1,1,1,8216967,0
2168,8523285015,Sharma,824,Jaipur Gramin,Male,33,1,10760048.85,2,0,1,5283900.05,0
2169,8692908342,Singh,726,Jaipur  Urban,Female,56,2,12176221.95,1,1,0,7516414.85,1
2170,8110977560,Singh,808,Jaipur  Urban,Male,43,8,6956817.35,2,1,1,3052219.1,0
2171,8623736710,Aggarwal,545,Jaipur Gramin,Male,40,4,0,1,0,1,14346303.4,0
2172,8952535678,Khandelwal,511,Jaipur  Urban,Male,58,9,16175405.65,2,1,1,16257419.6,0
2173,8104431849,Singh,673,Jaipur  Urban,Male,35,2,9963035.3,1,1,1,7059422.55,0
2174,8130872528,Khandelwal,718,Jaipur Gramin,Female,46,0,0,2,1,1,10706771.7,0
2175,8914647644,Aggarwal,655,Jaipur Gramin,Male,26,4,11887094.45,1,1,0,13999182.95,0
2176,8864041053,Saini,788,Jaipur  Urban,Female,34,9,8658215.6,2,0,0,15896016.6,0
2177,8462506310,Agarwal,719,Jaipur City,Male,35,2,14233731.1,2,1,1,4702581.65,0
2178,8343869664,Gupta,680,Jaipur Gramin,Female,24,4,0,2,0,1,2918521.75,0
2179,8964019065,Maheshwari,809,Jaipur City,Female,43,1,9890605.95,1,1,0,1445351.9,0
2180,8391302935,Singh,774,Jaipur City,Male,40,3,7519679.7,1,0,0,9888170.7,0
2181,8042817546,Choudhary,659,Jaipur Gramin,Female,42,7,0,2,0,1,1952790.85,0
2182,8154471752,Jain,641,Jaipur  Urban,Female,46,5,10509600.6,1,1,1,4226638.6,1
2183,8364067851,Rathore,678,Jaipur City,Male,38,9,0,1,0,1,7430082.9,0
2184,8680321058,Saini,736,Jaipur Gramin,Male,38,9,6144381.4,2,1,1,2221635.65,0
2185,8247501246,Singh,662,Jaipur Gramin,Female,40,1,0,2,1,0,10757171.6,0
2186,8157912515,Khandelwal,767,Jaipur City,Male,40,1,9322936.85,1,1,1,16432310.5,0
2187,8092227299,Agarwal,547,Jaipur  Urban,Male,37,9,12326584.4,2,1,0,7728881.7,1
2188,8256052443,Aggarwal,719,Jaipur City,Male,34,8,0,1,1,1,6503389.1,0
2189,8709265848,Meena,730,Jaipur City,Female,32,8,15936448.55,1,1,1,10209817.5,0
2190,8126036620,Maheshwari,456,Jaipur Gramin,Male,35,2,14083897.35,1,1,1,16828689.3,0
2191,8448890390,Rathore,720,Jaipur  Urban,Female,59,5,11700114.85,1,1,0,12153049.25,1
2192,8424645202,Agarwal,510,Jaipur City,Female,47,6,10077600,1,1,0,7014421.85,1
2193,8786733033,Agarwal,894,Jaipur Gramin,Male,33,8,13972770.05,1,1,0,12806522.45,0
2194,8743753956,Singh,616,Jaipur Gramin,Male,37,9,9204352.5,1,1,1,9703042.4,0
2195,8224767910,Saini,900,Jaipur Gramin,Female,34,2,0,2,1,1,14595066.1,0
2196,8887525719,Paliwal,838,Jaipur City,Female,58,9,0,2,0,0,10121082.6,1
2197,8141083727,Rathore,808,Jaipur  Urban,Male,47,2,10036754.95,4,1,1,12155636.65,1
2198,8533044576,Maheshwari,617,Jaipur City,Male,35,2,10819121.3,1,1,1,2660699.75,0
2199,8410215819,Verma,448,Jaipur City,Male,48,8,0,2,1,0,6046883,0
2200,8130815265,Gupta,794,Jaipur Gramin,Male,29,6,12018070.1,1,1,0,4600445.65,0
2201,8210806214,Verma,721,Jaipur Gramin,Male,37,8,11057777.5,1,1,1,10202659.65,0
2202,8390311754,Paliwal,600,Jaipur Gramin,Male,35,4,12218305.45,2,1,0,8846503.35,0
2203,8036417182,Khandelwal,900,Jaipur City,Male,28,9,8279682.55,1,1,1,14947559.4,0
2204,8449575900,Khandelwal,616,Jaipur City,Male,30,9,9513833.25,1,1,1,14942648.95,0
2205,8560733885,Jain,491,Jaipur Gramin,Male,31,3,0,2,1,0,1305677.35,0
2206,8409439116,Rathore,491,Jaipur City,Male,38,2,0,1,0,0,14319110.2,0
2207,8975656833,Verma,611,Jaipur Gramin,Male,34,1,0,1,1,1,15400121.5,0
2208,8899442022,Khandelwal,427,Jaipur Gramin,Female,33,1,16004282.8,1,0,0,4960934.9,0
2209,8991111694,Paliwal,754,Jaipur Gramin,Female,46,2,9324969.2,1,1,0,1723533.95,1
2210,8159272248,Singh,676,Jaipur City,Male,33,9,0,2,0,0,7778742.7,0
2211,8668694602,Sharma,688,Jaipur  Urban,Female,34,1,10805437.15,3,0,1,6519763.5,0
2212,8969221990,Aggarwal,740,Jaipur Gramin,Male,40,0,8350488.4,1,1,0,9425406.9,0
2213,8546810051,Sharma,769,Jaipur  Urban,Female,37,8,14521406.8,2,0,0,9336668.6,0
2214,8909666122,Jat,478,Jaipur  Urban,Female,41,4,7440990.1,2,1,1,1069062.85,1
2215,8952188956,Maheshwari,900,Jaipur Gramin,Female,26,4,5321931.6,2,0,1,15246033.5,0
2216,8182706881,Verma,472,Jaipur Gramin,Male,36,9,0,2,1,1,5594405.05,0
2217,8901014524,Jain,703,Jaipur Gramin,Female,47,5,9632959.05,1,1,0,10554526.5,0
2218,8802760719,Jat,679,Jaipur City,Male,35,2,8910761.65,1,1,0,14876285.2,0
2219,8756589990,Khandelwal,760,Jaipur City,Female,31,9,8694637.25,1,1,1,9812541.1,0
2220,8286301772,Meena,637,Jaipur  Urban,Female,34,6,10644364.7,2,0,1,10900997.55,0
2221,8677534500,Choudhary,737,Jaipur  Urban,Female,49,5,11943425.65,1,1,0,12062769.9,0
2222,8986856852,Meena,800,Jaipur  Urban,Female,35,6,11241523.7,1,1,0,9823158.45,1
2223,8106589099,Paliwal,733,Jaipur  Urban,Male,43,2,3318679.65,2,1,1,14911013.65,0
2224,8366120466,Rathore,746,Jaipur Gramin,Male,34,8,0,2,1,1,11343036.65,0
2225,8343675846,Agarwal,637,Jaipur City,Male,55,9,8473230.1,1,1,0,9730373.3,0
2226,8495496805,Aggarwal,721,Jaipur  Urban,Male,38,3,10657766.65,2,0,1,4423796.1,0
2227,8470146951,Verma,828,Jaipur City,Male,46,2,11166056.45,2,1,1,15324707.8,0
2228,8393485388,Maheshwari,640,Jaipur City,Male,58,6,8356223.35,1,1,1,11222901.05,0
2229,8465443044,Jain,653,Jaipur Gramin,Female,37,8,0,2,1,0,1782354.8,0
2230,8234593217,Jain,788,Jaipur City,Male,44,5,11972773.6,2,1,0,13492483.5,0
2231,8999025960,Maheshwari,715,Jaipur Gramin,Female,30,8,0,2,1,1,16671427.4,0
2232,8651251197,Paliwal,775,Jaipur Gramin,Male,35,2,14643290.85,1,1,0,1901872.45,0
2233,8496093898,Saini,659,Jaipur City,Male,36,8,0,2,1,0,13741792.75,0
2234,8756743127,Khandelwal,558,Jaipur City,Male,38,0,10408059.6,1,0,0,5723843.9,0
2235,8326873029,Choudhary,744,Jaipur Gramin,Female,38,10,0,2,1,1,4779526.2,1
2236,8039076412,Gupta,658,Jaipur City,Female,56,6,13392565.15,2,1,0,11984254.55,1
2237,8946773529,Gupta,638,Jaipur  Urban,Male,41,3,10756809.5,1,0,0,15099784.2,1
2238,8323892806,Gupta,626,Jaipur Gramin,Female,30,2,13479709.7,3,1,0,12099116.75,1
2239,8752857080,Verma,882,Jaipur Gramin,Male,28,2,13903416.85,2,1,1,13137538.8,0
2240,8001540710,Gupta,472,Jaipur Gramin,Female,31,3,0,1,1,1,15008473.8,1
2241,8506662866,Singh,822,Jaipur  Urban,Female,33,6,10812973.25,1,0,0,16316755.55,0
2242,8727204165,Sharma,697,Jaipur  Urban,Male,42,3,10046997.45,2,1,0,803494.8,1
2243,8593874588,Jain,625,Jaipur  Urban,Female,30,2,8586196.8,2,1,1,14046871.35,0
2244,8263469930,Choudhary,787,Jaipur City,Male,38,6,10132752.25,1,1,0,14429930.65,1
2245,8901693798,Sharma,498,Jaipur Gramin,Female,66,6,0,2,1,1,13656364.35,0
2246,8921538241,Agarwal,630,Jaipur Gramin,Female,58,10,4570682.05,1,1,1,16326128.5,1
2247,8459446034,Choudhary,740,Jaipur City,Female,39,6,0,2,1,0,7928426.85,0
2248,8530049347,Sharma,594,Jaipur  Urban,Female,41,2,11804698.85,1,0,1,9542921.95,0
2249,8809600697,Choudhary,527,Jaipur City,Female,37,1,11128438.85,2,0,0,185880.55,0
2250,8947275077,Agarwal,794,Jaipur Gramin,Male,35,9,0,2,1,1,3661434.5,0
2251,8236080752,Jat,727,Jaipur City,Male,20,8,0,2,1,1,1051289.35,0
2252,8253202232,Singh,692,Jaipur City,Female,25,8,11123626.15,1,1,0,3604867.85,0
2253,8933417124,Verma,760,Jaipur  Urban,Female,33,7,15916924.9,1,0,1,16186618.85,0
2254,8371058236,Verma,701,Jaipur City,Female,41,7,0,1,1,1,11763521.45,0
2255,8079881819,Paliwal,695,Jaipur Gramin,Male,36,6,12557359.4,1,0,1,14662617.3,0
2256,8081697565,Maheshwari,454,Jaipur City,Male,43,1,0,2,1,1,16822896.55,0
2257,8984678344,Khandelwal,715,Jaipur Gramin,Male,33,2,13866837.95,1,1,1,598005.6,0
2258,8369865880,Jain,703,Jaipur City,Female,35,4,0,2,1,1,13572506.75,0
2259,8843370208,Gupta,439,Jaipur Gramin,Female,36,5,10160912.75,1,0,1,6851339.15,0
2260,8253990014,Singh,703,Jaipur Gramin,Female,41,4,11012069.6,2,1,0,15945983,0
2261,8738631872,Meena,571,Jaipur Gramin,Male,55,9,0,2,1,1,8028332.45,0
2262,8011954802,Gupta,796,Jaipur  Urban,Female,61,1,5618660.65,1,1,1,12238407.95,0
2263,8620349969,Khandelwal,566,Jaipur Gramin,Male,43,2,11936718.3,1,1,0,2248298.45,1
2264,8824918107,Jain,788,Jaipur Gramin,Female,49,2,0,2,0,0,13981048.2,0
2265,8001167498,Rathore,578,Jaipur Gramin,Female,29,0,0,1,1,1,7141088.85,0
2266,8361226720,Khandelwal,628,Jaipur Gramin,Female,35,5,0,2,1,0,8601326.8,0
2267,8289003968,Singh,620,Jaipur  Urban,Female,37,4,9900071.55,2,1,0,14902602.9,1
2268,8093762892,Sharma,390,Jaipur Gramin,Male,39,4,0,2,1,0,16764237.2,0
2269,8367882579,Choudhary,671,Jaipur Gramin,Female,56,9,10521745.4,1,1,0,8457842.55,1
2270,8191569856,Maheshwari,606,Jaipur Gramin,Female,33,4,0,2,0,1,7114556.1,0
2271,8036488243,Maheshwari,526,Jaipur Gramin,Female,38,8,7544510.75,2,0,0,2399222.75,1
2272,8037387970,Meena,678,Jaipur  Urban,Male,25,5,13057005.55,2,1,0,3002340.25,0
2273,8047270353,Singh,469,Jaipur  Urban,Female,57,4,9523801.2,1,1,1,3504527.05,1
2274,8111222760,Agarwal,751,Jaipur City,Female,27,7,10525215.95,1,0,1,6712499.3,0
2275,8914889421,Rathore,576,Jaipur Gramin,Female,65,9,9078362.1,3,1,0,9170708.65,1
2276,8151233310,Agarwal,540,Jaipur Gramin,Female,48,6,0,2,1,1,16308973.8,0
2277,8499446234,Verma,530,Jaipur Gramin,Female,59,2,5855885.45,2,1,0,671930.1,1
2278,8231799184,Paliwal,758,Jaipur Gramin,Female,43,6,0,2,1,0,5587180.05,0
2279,8227358134,Verma,448,Jaipur Gramin,Female,33,5,10695331.55,1,0,1,12384392.05,0
2280,8006877037,Khandelwal,774,Jaipur City,Male,34,9,0,2,1,0,4253931.25,0
2281,8021185116,Gupta,758,Jaipur Gramin,Male,36,7,0,2,1,1,5170570.4,0
2282,8142674851,Sharma,898,Jaipur  Urban,Female,40,5,12622129.4,1,0,0,13502588.3,0
2283,8881220580,Meena,566,Jaipur Gramin,Male,37,1,11308711.1,1,0,0,9455662.65,0
2284,8564403097,Khandelwal,722,Jaipur Gramin,Male,45,9,6374114.3,1,1,1,14536248.65,0
2285,8402217616,Aggarwal,677,Jaipur  Urban,Male,39,7,5122374.55,1,1,0,14521002.2,0
2286,8315785813,Rathore,636,Jaipur  Urban,Male,50,3,10996527.35,4,1,1,4060903.9,1
2287,8463267324,Maheshwari,622,Jaipur  Urban,Male,44,5,13426245.55,2,0,0,11840305.35,0
2288,8789470360,Rathore,547,Jaipur Gramin,Male,26,4,0,1,1,0,16589227.3,0
2289,8658694657,Khandelwal,623,Jaipur Gramin,Female,30,7,6011979.45,1,1,1,13680653.95,0
2290,8330438134,Khandelwal,653,Jaipur Gramin,Male,48,8,0,2,0,1,3822070.9,1
2291,8757942101,Singh,670,Jaipur City,Male,50,2,0,2,1,0,4431707.05,0
2292,8665038724,Gupta,598,Jaipur City,Male,27,8,7711329.2,2,1,0,9290175.3,0
2293,8815755011,Verma,692,Jaipur Gramin,Male,27,2,0,2,1,1,1707895.65,0
2294,8456099491,Maheshwari,707,Jaipur City,Female,45,0,4911658.7,1,1,0,16813340,1
2295,8295265285,Paliwal,589,Jaipur Gramin,Male,33,9,11200086.2,1,1,0,10096475.1,0
2296,8846164467,Gupta,719,Jaipur Gramin,Male,40,7,0,1,0,1,12994471.05,1
2297,8501175956,Choudhary,779,Jaipur  Urban,Male,47,9,9351932.9,1,0,1,11530699.65,1
2298,8258196172,Singh,731,Jaipur Gramin,Female,40,9,11183418.55,1,1,1,8837499.3,0
2299,8670020725,Singh,608,Jaipur  Urban,Male,61,2,13984497.5,2,1,1,3041874.6,0
2300,8586102244,Meena,660,Jaipur  Urban,Female,25,2,9718130.75,1,1,1,2152630.95,0
2301,8391483382,Sharma,661,Jaipur City,Female,45,10,11553468.6,1,1,0,1592291.4,0
2302,8731216472,Paliwal,691,Jaipur Gramin,Female,61,8,0,2,1,1,10074432.05,0
2303,8266764214,Jain,748,Jaipur Gramin,Female,49,4,0,2,0,1,7647641.25,0
2304,8213737126,Jat,737,Jaipur City,Male,45,0,10598945.8,1,0,1,15911502.75,0
2305,8025188819,Jain,791,Jaipur City,Female,35,7,12574595.7,1,1,1,9076784.5,0
2306,8869099680,Khandelwal,578,Jaipur Gramin,Male,29,0,0,1,1,0,12113889.75,0
2307,8337197325,Saini,716,Jaipur Gramin,Female,34,2,10757508.2,1,1,0,6233426.55,0
2308,8727663671,Maheshwari,612,Jaipur  Urban,Male,57,6,9089739.35,2,0,1,15862059.95,0
2309,8563749091,Saini,466,Jaipur  Urban,Female,33,4,11900199.75,1,1,0,10507173.85,0
2310,8587643728,Singh,599,Jaipur  Urban,Male,46,9,10492801.2,1,1,1,2666286.8,1
2311,8334487700,Gupta,817,Jaipur Gramin,Male,32,6,12504172.35,1,1,1,3405690.75,0
2312,8965379117,Choudhary,654,Jaipur Gramin,Male,19,9,10923761.4,1,0,0,14957381.15,0
2313,8888214671,Meena,534,Jaipur Gramin,Female,55,5,0,1,0,0,852955.45,1
2314,8324714221,Aggarwal,596,Jaipur  Urban,Female,40,9,9074260.85,2,1,0,12849274.9,0
2315,8730308367,Saini,553,Jaipur City,Female,28,3,0,2,1,0,16267959.6,0
2316,8257733239,Meena,674,Jaipur Gramin,Female,37,6,0,2,1,0,4354479.45,0
2317,8088835411,Singh,659,Jaipur  Urban,Female,50,5,13208432.2,1,1,1,7424870.7,1
2318,8542151068,Sharma,636,Jaipur Gramin,Female,36,2,9385230.8,1,1,1,4163720.75,0
2319,8517506779,Agarwal,686,Jaipur City,Male,33,2,0,2,1,1,15532730,0
2320,8754123271,Jain,643,Jaipur  Urban,Female,37,9,13353374.2,1,1,1,13050497.95,0
2321,8296015191,Choudhary,592,Jaipur  Urban,Female,38,5,7278261,1,1,1,10631770.25,0
2322,8013072770,Maheshwari,534,Jaipur  Urban,Male,45,6,7972695.7,2,1,1,13797307.1,0
2323,8565685720,Verma,560,Jaipur City,Female,41,1,0,2,1,0,290251.2,0
2324,8696264978,Khandelwal,580,Jaipur Gramin,Male,51,6,10647782.55,2,1,0,14031991.25,0
2325,8824228192,Meena,697,Jaipur Gramin,Female,29,2,12592226.4,1,1,1,4421818.15,0
2326,8698358849,Sharma,794,Jaipur City,Male,29,10,9821353.05,2,1,0,12601796.55,0
2327,8531694165,Aggarwal,658,Jaipur City,Male,35,7,0,2,0,0,10446415.85,0
2328,8372029051,Jat,653,Jaipur Gramin,Male,30,5,3818954.8,1,1,1,915574.1,0
2329,8007818441,Jain,727,Jaipur City,Male,29,2,0,2,1,1,1551718.35,0
2330,8726511569,Verma,900,Jaipur Gramin,Male,35,3,13807599.75,1,1,0,15603176.3,0
2331,8805934741,Maheshwari,461,Jaipur City,Female,39,5,0,2,1,1,14894050.2,0
2332,8688499245,Jain,490,Jaipur  Urban,Male,28,0,8178174.7,2,1,0,12572652.6,0
2333,8385226864,Singh,407,Jaipur Gramin,Female,29,6,13308401.55,1,1,0,15350886.1,0
2334,8947903578,Jat,461,Jaipur City,Male,36,8,0,2,1,0,15821600.8,0
2335,8940681356,Jain,844,Jaipur City,Female,37,1,0,2,0,0,633692,0
2336,8211090720,Paliwal,749,Jaipur  Urban,Female,48,6,9389376.25,2,1,1,6846929.35,1
2337,8158857092,Aggarwal,648,Jaipur Gramin,Male,33,7,13138939.6,1,1,0,2186393.8,1
2338,8820605657,Sharma,721,Jaipur City,Female,35,9,0,2,0,0,14534733.1,0
2339,8174004634,Khandelwal,524,Jaipur Gramin,Male,37,3,0,2,1,1,1751282.2,0
2340,8456339832,Saini,661,Jaipur  Urban,Male,26,5,12498172.2,1,0,0,12049877.1,0
2341,8875996543,Jat,508,Jaipur  Urban,Male,41,0,10138486.35,1,0,0,10394172.3,1
2342,8761132877,Maheshwari,740,Jaipur Gramin,Female,25,7,9236512.25,2,1,0,16151007.25,0
2343,8221887639,Singh,592,Jaipur City,Male,44,5,0,1,1,0,10883993.3,0
2344,8838033218,Paliwal,727,Jaipur  Urban,Male,38,5,13857959.7,2,1,1,11531284.45,0
2345,8575607534,Verma,737,Jaipur  Urban,Female,49,4,7910043.9,1,1,0,643578.35,1
2346,8499249778,Gupta,833,Jaipur City,Male,38,9,15264411.35,1,1,0,2005680.4,0
2347,8448392510,Rathore,502,Jaipur  Urban,Male,46,4,9658204.05,1,0,0,7881830.7,1
2348,8602694626,Meena,587,Jaipur  Urban,Male,55,7,10196725.8,1,1,0,5538330.55,1
2349,8095843887,Khandelwal,869,Jaipur Gramin,Male,45,3,10982805.8,1,0,0,5112900.45,0
2350,8683168446,Jain,743,Jaipur  Urban,Female,42,5,11664298.4,3,1,0,12673277.3,1
2351,8504666573,Saini,620,Jaipur  Urban,Female,58,3,10117103.75,2,1,0,2991935.4,1
2352,8125085707,Jat,661,Jaipur Gramin,Male,35,7,6342997.5,3,1,0,11003359.65,1
2353,8008582299,Jain,644,Jaipur City,Female,45,2,13424003.25,1,1,1,12336431.65,1
2354,8082067115,Agarwal,545,Jaipur Gramin,Female,26,7,7871583.1,2,1,0,16380323.65,0
2355,8733393372,Meena,757,Jaipur  Urban,Male,35,2,10868349.05,2,1,0,11822114.5,0
2356,8652446634,Gupta,563,Jaipur City,Female,42,1,0,1,1,1,7108516,1
2357,8350421392,Paliwal,630,Jaipur  Urban,Female,37,4,12130503.85,1,1,0,3028159.85,0
2358,8843336487,Maheshwari,590,Jaipur Gramin,Female,38,4,0,2,1,0,3003811.6,0
2359,8143796400,Aggarwal,683,Jaipur Gramin,Male,43,1,13868587.25,1,0,1,1326238,0
2360,8217714004,Paliwal,676,Jaipur  Urban,Male,32,3,9229883.1,1,1,1,15500192.85,0
2361,8414007352,Paliwal,502,Jaipur  Urban,Female,41,5,9403124.15,1,1,0,7592851.95,0
2362,8835215190,Rathore,703,Jaipur  Urban,Female,43,5,13161930.4,2,1,1,12911806,0
2363,8498337619,Sharma,731,Jaipur  Urban,Male,45,4,10448005.35,1,1,1,984.3,1
2364,8911724991,Paliwal,565,Jaipur Gramin,Female,33,9,0,2,0,1,6589167.7,0
2365,8245272778,Jain,728,Jaipur Gramin,Female,31,2,7036974.05,2,0,0,7771013.65,0
2366,8086478520,Gupta,721,Jaipur  Urban,Male,32,5,8712528.9,1,0,0,9034460.45,0
2367,8100013688,Gupta,686,Jaipur Gramin,Male,34,9,0,2,1,0,13753065.45,0
2368,8965169889,Aggarwal,624,Jaipur  Urban,Male,39,9,13556887.15,1,1,0,6849498.9,1
2369,8501428425,Choudhary,548,Jaipur City,Male,48,10,0,2,1,1,15733030.8,0
2370,8036046153,Aggarwal,658,Jaipur City,Female,54,7,10050486.7,1,1,0,14669885.65,1
2371,8554330474,Jain,455,Jaipur Gramin,Female,35,2,9612684,1,1,0,16630232.15,0
2372,8294605691,Maheshwari,756,Jaipur Gramin,Female,22,9,5589903.45,1,1,1,12392320.85,0
2373,8158308805,Choudhary,764,Jaipur  Urban,Female,43,1,10670677.3,1,1,0,11773350.85,1
2374,8642529635,Choudhary,619,Jaipur Gramin,Male,31,3,8012432.35,2,1,0,14356080.1,0
2375,8801312983,Saini,647,Jaipur City,Male,29,4,11341938.45,2,1,0,8328592.4,0
2376,8137149387,Saini,858,Jaipur City,Female,39,6,0,1,1,1,7239269.8,0
2377,8250620458,Verma,823,Jaipur City,Male,31,9,0,2,1,1,1547880.6,0
2378,8839060342,Jat,539,Jaipur Gramin,Male,50,9,8053644.6,2,0,1,1156695.3,0
2379,8513425430,Jat,626,Jaipur Gramin,Female,38,4,8384462.9,1,1,1,9388929.15,0
2380,8372582554,Singh,629,Jaipur Gramin,Male,26,9,6347961.5,2,0,0,2654664.75,0
2381,8060540089,Khandelwal,889,Jaipur Gramin,Male,34,4,0,2,1,0,12034526.1,0
2382,8452880632,Sharma,617,Jaipur City,Female,41,7,15292847.25,1,0,0,1246639.75,1
2383,8245220132,Jat,691,Jaipur Gramin,Male,30,1,10897614.55,1,1,1,4709014.45,0
2384,8156082309,Saini,716,Jaipur Gramin,Male,42,9,11282837.1,2,0,0,14846750.25,0
2385,8742281536,Verma,758,Jaipur Gramin,Female,40,10,0,2,1,0,13106071.8,0
2386,8437430661,Paliwal,628,Jaipur Gramin,Male,27,4,10243333.85,1,0,0,12084487.4,0
2387,8130671025,Verma,529,Jaipur Gramin,Male,46,4,10586506.05,2,1,0,8032420.1,0
2388,8981373973,Paliwal,808,Jaipur City,Female,39,4,0,2,0,1,15476923.25,0
2389,8699159400,Maheshwari,794,Jaipur  Urban,Male,34,4,7549322.6,2,1,0,5827792.1,1
2390,8857574999,Maheshwari,666,Jaipur City,Female,35,1,6989678.35,2,1,0,7547831.7,0
2391,8387280536,Choudhary,602,Jaipur  Urban,Male,32,7,15700848.1,2,1,0,9671469.15,0
2392,8520854652,Singh,900,Jaipur Gramin,Male,31,3,0,2,1,0,10358683.95,0
2393,8741751886,Khandelwal,659,Jaipur City,Male,51,4,0,1,1,1,12783198.45,0
2394,8007297881,Aggarwal,900,Jaipur  Urban,Male,28,4,12577636.15,1,1,0,5160241.2,1
2395,8862760903,Sharma,532,Jaipur Gramin,Male,43,9,0,2,1,1,6702935.95,0
2396,8968378418,Jain,686,Jaipur Gramin,Male,52,8,14450751.4,1,0,0,4794630.7,1
2397,8239238871,Choudhary,600,Jaipur Gramin,Female,27,3,0,2,0,1,10684412.45,0
2398,8486324399,Aggarwal,685,Jaipur City,Female,34,10,0,1,1,0,1975007.3,0
2399,8105229157,Jat,727,Jaipur City,Female,42,8,8107879.7,1,1,1,6437241.25,0
2400,8671588604,Singh,529,Jaipur  Urban,Male,51,7,7681728.8,2,1,0,15288252.15,0
2401,8652268485,Choudhary,733,Jaipur  Urban,Male,34,4,11344760.45,2,1,1,3653014.4,0
2402,8126628578,Meena,636,Jaipur City,Male,30,3,0,2,0,1,891368.65,0
2403,8175350889,Jat,517,Jaipur Gramin,Male,31,3,8184502.1,1,1,0,4827552.05,0
2404,8073747648,Aggarwal,649,Jaipur Gramin,Female,26,4,7781566.4,2,0,1,2393373.9,0
2405,8293606715,Sharma,637,Jaipur  Urban,Male,37,8,11754874.4,2,0,0,12955947.35,1
2406,8956440877,Jain,702,Jaipur Gramin,Male,35,9,0,1,1,0,14197875.55,0
2407,8737352227,Aggarwal,722,Jaipur City,Male,32,8,6091757.9,1,1,1,10716985.3,0
2408,8153937849,Paliwal,730,Jaipur  Urban,Female,43,0,10114561.4,1,1,0,15427480.45,1
2409,8248384203,Maheshwari,664,Jaipur City,Male,55,7,0,2,1,1,3567197.55,0
2410,8305418149,Choudhary,665,Jaipur  Urban,Male,37,2,12376855.95,2,0,0,15835550.15,0
2411,8828406538,Choudhary,595,Jaipur Gramin,Female,33,1,11743838.85,1,1,0,7260065.9,0
2412,8410843403,Jain,539,Jaipur  Urban,Female,31,9,11476717.85,2,1,1,1984170.3,0
2413,8239963305,Gupta,785,Jaipur Gramin,Male,38,2,0,2,1,0,15359357.2,0
2414,8856965670,Sharma,858,Jaipur  Urban,Female,25,8,11488741.95,1,1,1,11566039.25,0
2415,8807933382,Agarwal,547,Jaipur Gramin,Female,52,9,0,1,1,0,14887682,1
2416,8695860874,Jat,727,Jaipur Gramin,Male,32,6,8031349.95,1,1,1,12490727.9,0
2417,8291149091,Verma,900,Jaipur Gramin,Male,46,9,9999433.15,1,1,0,7558257.8,0
2418,8594413107,Jain,758,Jaipur City,Female,33,8,9467261.75,1,1,1,3833382.7,0
2419,8211855134,Sharma,617,Jaipur Gramin,Male,40,6,0,1,1,1,1728882.15,1
2420,8711956256,Verma,576,Jaipur City,Female,57,0,11629784.15,1,0,1,9224942.9,0
2421,8772199564,Sharma,592,Jaipur Gramin,Female,46,7,8393963.35,1,1,0,12372632.3,0
2422,8105966737,Sharma,664,Jaipur  Urban,Female,25,2,13452645.7,3,1,1,16945365.4,0
2423,8849817000,Aggarwal,775,Jaipur Gramin,Female,29,4,8975971.95,1,1,1,3664024.45,0
2424,8598610233,Khandelwal,674,Jaipur Gramin,Female,29,10,0,2,1,0,11688206.35,0
2425,8297660599,Paliwal,568,Jaipur Gramin,Male,31,2,0,2,1,1,7816378.15,0
2426,8377951895,Sharma,701,Jaipur City,Female,39,4,11876531.5,1,1,1,10252029.35,0
2427,8886538952,Khandelwal,832,Jaipur Gramin,Female,41,3,12053549.1,1,1,0,8748299.45,0
2428,8673736831,Gupta,838,Jaipur  Urban,Female,49,5,11268591.95,1,1,1,2693338.05,1
2429,8471110942,Agarwal,509,Jaipur Gramin,Male,40,2,15343936.5,1,1,0,15300205.7,0
2430,8375250742,Choudhary,859,Jaipur Gramin,Male,31,8,0,2,1,1,2414629,0
2431,8025222396,Rathore,770,Jaipur  Urban,Female,41,4,7888486.2,1,0,1,6268235.75,1
2432,8366800872,Verma,528,Jaipur Gramin,Male,22,4,0,3,1,1,15829827.1,1
2433,8674639625,Choudhary,524,Jaipur  Urban,Male,39,3,11501295.6,1,1,0,2696953.1,1
2434,8858151611,Rathore,791,Jaipur City,Female,74,6,10958016.4,1,1,1,4100794.4,0
2435,8763136385,Agarwal,809,Jaipur Gramin,Female,52,2,4809379.05,1,1,0,9627633.8,1
2436,8027299045,Paliwal,610,Jaipur  Urban,Male,42,8,11168213.75,2,1,0,6050137.65,0
2437,8973816078,Agarwal,725,Jaipur City,Male,37,4,0,2,0,0,2183219.05,0
2438,8189556482,Verma,577,Jaipur Gramin,Male,41,8,0,2,0,0,2527656.9,0
2439,8438006570,Maheshwari,634,Jaipur  Urban,Female,61,1,8275741.1,1,1,1,12743402.3,1
2440,8848031941,Verma,559,Jaipur Gramin,Female,42,6,0,1,1,0,15359680.2,1
2441,8621686082,Agarwal,721,Jaipur City,Male,59,7,0,2,0,1,2345795.15,0
2442,8388678711,Rathore,762,Jaipur City,Male,29,10,0,2,1,1,8077147.95,0
2443,8075885374,Jain,696,Jaipur Gramin,Female,34,1,0,2,1,0,14197980.95,0
2444,8689766158,Sharma,552,Jaipur Gramin,Male,57,0,0,2,0,1,9926445.35,0
2445,8056178284,Jat,676,Jaipur  Urban,Female,29,4,8730745.25,2,0,0,1799518.85,0
2446,8638218867,Singh,678,Jaipur Gramin,Female,34,5,5764421.2,1,1,1,2519534.3,0
2447,8963732059,Khandelwal,790,Jaipur Gramin,Male,51,8,6945389.1,1,1,1,9904205.95,0
2448,8628167817,Meena,625,Jaipur Gramin,Male,26,2,6395190.9,1,0,1,3758734,0
2449,8814134693,Singh,797,Jaipur  Urban,Male,28,10,10541970.3,1,1,0,14126003.8,0
2450,8797630254,Choudhary,524,Jaipur  Urban,Female,46,5,8561837.5,1,0,1,11972909.6,1
2451,8610907192,Aggarwal,587,Jaipur Gramin,Female,46,10,9115302.25,2,1,0,3147063.8,0
2452,8468067889,Choudhary,546,Jaipur Gramin,Male,24,5,0,2,1,0,2338644.95,0
2453,8777137137,Aggarwal,761,Jaipur Gramin,Female,29,0,11899546.1,1,1,0,1508301.2,0
2454,8381278278,Rathore,820,Jaipur City,Female,59,9,10729113.95,1,1,1,376008.55,0
2455,8850416526,Maheshwari,694,Jaipur  Urban,Female,51,1,12388837.55,1,0,0,9326067.4,1
2456,8493899665,Aggarwal,673,Jaipur Gramin,Male,47,5,0,1,0,1,9115681.35,1
2457,8807547473,Verma,608,Jaipur City,Female,25,4,10299185.65,1,0,1,9799500.4,0
2458,8303310195,Jain,524,Jaipur City,Female,38,1,0,2,0,1,3504887.45,0
2459,8681799272,Jat,496,Jaipur City,Male,88,10,0,2,1,1,4500940.4,0
2460,8765928023,Jat,571,Jaipur Gramin,Male,63,9,6005715.8,1,0,0,6711243,1
2461,8768451073,Verma,672,Jaipur  Urban,Male,41,1,11041602.85,1,1,0,2212176,1
2462,8367482963,Jain,644,Jaipur Gramin,Male,40,8,10665018.85,1,1,1,14835574.45,0
2463,8721419233,Paliwal,686,Jaipur Gramin,Female,53,9,14399538.05,4,1,1,12521474.95,1
2464,8090940458,Gupta,635,Jaipur Gramin,Male,32,2,0,2,0,1,6627062.4,0
2465,8005119641,Paliwal,580,Jaipur  Urban,Male,40,4,9098510.5,1,1,1,479028.55,0
2466,8643287878,Maheshwari,796,Jaipur City,Female,32,10,8088070.45,1,0,1,6911358.5,0
2467,8303085477,Singh,499,Jaipur  Urban,Male,32,3,12339117.65,2,0,0,9470823.25,0
2468,8281659997,Maheshwari,620,Jaipur Gramin,Female,27,4,0,2,0,0,16172882.85,0
2469,8579728169,Rathore,720,Jaipur Gramin,Male,38,9,5606823.55,1,1,1,8580790.8,0
2470,8985331844,Singh,752,Jaipur  Urban,Male,36,6,11935598.85,1,1,1,9607867.05,1
2471,8198327690,Gupta,707,Jaipur City,Female,31,3,11882968.55,1,0,1,10256403.45,0
2472,8256484416,Gupta,631,Jaipur  Urban,Male,49,9,14601966.4,2,1,0,15911339.55,0
2473,8310456609,Choudhary,703,Jaipur Gramin,Male,38,6,12685312.45,1,1,1,8315144.55,0
2474,8468154743,Agarwal,301,Jaipur  Urban,Female,57,4,13867449.1,1,1,0,14417843.65,1
2475,8824005376,Choudhary,767,Jaipur Gramin,Female,37,8,0,2,1,0,16282353.5,1
2476,8250644946,Agarwal,632,Jaipur Gramin,Male,32,10,0,2,1,0,8779447.7,0
2477,8415403905,Maheshwari,421,Jaipur  Urban,Female,38,9,5226009.95,1,1,1,14240786.1,0
2478,8592956628,Meena,494,Jaipur Gramin,Female,41,8,12337773.8,1,1,0,5513892.2,1
2479,8197418556,Maheshwari,809,Jaipur Gramin,Female,41,5,10766981.45,1,1,0,8706215.1,0
2480,8616370646,Aggarwal,662,Jaipur Gramin,Female,40,8,7173218,2,0,1,9169477,0
2481,8239470740,Jain,646,Jaipur  Urban,Male,37,2,7626953.1,2,1,1,3170064.8,0
2482,8029159511,Agarwal,450,Jaipur Gramin,Female,57,1,0,2,1,0,7586164.15,0
2483,8312868163,Paliwal,560,Jaipur City,Male,40,4,10083448,1,0,0,7817758.55,0
2484,8352190334,Singh,780,Jaipur Gramin,Male,37,3,0,2,1,0,1433967,0
2485,8784431499,Verma,900,Jaipur Gramin,Male,39,6,8233366.05,1,1,1,10342901.15,0
2486,8620842387,Choudhary,784,Jaipur Gramin,Female,38,6,12092393.25,1,0,1,2867086.55,0
2487,8652749905,Jain,700,Jaipur City,Female,36,7,0,2,1,0,8906860.15,0
2488,8183363200,Rathore,732,Jaipur Gramin,Female,32,3,0,1,1,0,8057178.9,0
2489,8559711517,Jain,654,Jaipur City,Female,21,1,0,2,0,0,2441715.95,0
2490,8125173117,Khandelwal,737,Jaipur Gramin,Male,28,6,10431571.45,1,1,1,5699867.95,0
2491,8410714976,Aggarwal,715,Jaipur  Urban,Female,35,4,14866692.1,1,1,0,5871787.25,0
2492,8628633367,Khandelwal,614,Jaipur City,Female,26,4,0,2,1,1,15281362.9,0
2493,8247829773,Meena,504,Jaipur  Urban,Female,31,3,9257704.45,1,1,1,15603653.15,1
2494,8529616163,Agarwal,818,Jaipur City,Male,23,10,8334476.1,1,1,1,12119922.2,0
2495,8178859722,Meena,679,Jaipur Gramin,Male,46,5,10529221.15,1,1,1,15116745.1,0
2496,8271671319,Rathore,439,Jaipur  Urban,Female,56,2,9513211.05,3,1,0,16798899.35,1
2497,8346327995,Paliwal,560,Jaipur Gramin,Female,45,4,0,2,0,1,10289521.15,0
2498,8565688158,Gupta,616,Jaipur Gramin,Male,20,3,0,2,1,1,12717170.45,0
2499,8306372918,Khandelwal,742,Jaipur Gramin,Male,37,8,0,2,1,1,12138.85,0
2500,8467056076,Jat,617,Jaipur Gramin,Female,37,8,6387778.9,4,0,1,11200166.95,1
2501,8461587663,Khandelwal,733,Jaipur Gramin,Male,38,10,0,2,0,0,4531501.3,0
2502,8574594839,Rathore,709,Jaipur  Urban,Female,38,5,9754069.6,1,1,0,9151526.7,0
2503,8099462860,Saini,512,Jaipur Gramin,Male,32,0,0,1,1,0,9309529.8,0
2504,8013748887,Rathore,451,Jaipur Gramin,Female,32,6,9509114.05,1,0,0,9531293.1,0
2505,8534616501,Meena,623,Jaipur City,Female,45,0,0,2,0,0,9659859,0
2506,8237493785,Jain,608,Jaipur  Urban,Female,37,4,11553800.1,1,0,0,15375684,0
2507,8186544833,Verma,714,Jaipur City,Male,44,8,0,2,1,1,6032801.05,0
2508,8118453583,Choudhary,664,Jaipur Gramin,Male,33,1,0,2,0,0,4537259.2,0
2509,8047366565,Verma,692,Jaipur Gramin,Male,46,2,4848207.9,1,1,1,13475135.85,0
2510,8667592429,Meena,666,Jaipur Gramin,Female,50,10,0,4,1,0,15237774.9,1
2511,8540145984,Choudhary,630,Jaipur Gramin,Female,52,2,6754861.6,1,1,1,7191512.55,0
2512,8010074698,Saini,695,Jaipur  Urban,Female,34,7,10290427.25,1,1,0,4843689.3,0
2513,8491357106,Jat,761,Jaipur Gramin,Male,51,1,10075684.95,1,1,1,9937558.25,0
2514,8075785378,Aggarwal,679,Jaipur Gramin,Male,39,10,0,2,1,0,8754943.05,0
2515,8254986026,Singh,590,Jaipur  Urban,Female,26,4,8931975.95,2,1,0,11288133.45,0
2516,8073041436,Meena,557,Jaipur Gramin,Male,40,4,0,1,1,0,7263727.7,1
2517,8833789092,Jain,857,Jaipur Gramin,Female,36,6,0,2,1,1,8385845.85,0
2518,8127013712,Agarwal,590,Jaipur  Urban,Male,36,2,8899725.25,2,1,0,9175641.2,0
2519,8069254841,Meena,790,Jaipur Gramin,Female,50,2,8144169.6,3,1,1,5775247.65,1
2520,8648033845,Meena,614,Jaipur City,Female,62,0,14197261.85,2,1,1,16395824.25,0
2521,8526808358,Khandelwal,478,Jaipur  Urban,Male,61,7,8708527.1,1,1,0,15916042.6,1
2522,8203552809,Khandelwal,646,Jaipur  Urban,Male,25,4,12583863.25,2,1,1,9751405.7,0
2523,8436840347,Choudhary,550,Jaipur Gramin,Male,35,1,0,2,0,0,9493443.45,0
2524,8780502300,Maheshwari,787,Jaipur Gramin,Female,24,1,0,2,1,0,15655491.25,0
2525,8186764202,Maheshwari,818,Jaipur City,Male,52,4,0,1,1,1,4484584.7,1
2526,8892453250,Sharma,486,Jaipur Gramin,Male,34,10,8882397.15,1,0,1,10748346.9,0
2527,8312399859,Rathore,685,Jaipur City,Female,29,6,0,2,0,0,1024136.95,0
2528,8210232457,Jain,841,Jaipur Gramin,Male,42,6,0,2,1,1,8143368.05,0
2529,8172362938,Sharma,605,Jaipur Gramin,Male,26,8,12711114.2,2,0,1,16822479.2,0
2530,8227792873,Paliwal,739,Jaipur Gramin,Female,29,10,7475443.15,1,1,1,15515197.9,0
2531,8935361421,Saini,629,Jaipur Gramin,Female,45,3,5834363.45,1,1,0,14280196.35,1
2532,8709792459,Maheshwari,608,Jaipur  Urban,Male,47,4,12650237.2,1,1,1,6753301.85,0
2533,8760371630,Agarwal,872,Jaipur Gramin,Female,60,2,0,2,0,1,5152345.55,0
2534,8144087593,Khandelwal,607,Jaipur Gramin,Male,61,5,9194117.65,2,0,1,734672.85,0
2535,8228544349,Jat,740,Jaipur  Urban,Female,35,5,8773250.35,1,1,0,14634679.5,0
2536,8145505695,Gupta,661,Jaipur  Urban,Male,40,1,11454617.85,2,0,0,14826895.1,1
2537,8265759519,Saini,709,Jaipur Gramin,Male,58,3,0,1,0,1,16569075.5,1
2538,8997683625,Gupta,568,Jaipur Gramin,Female,33,0,7660594.4,1,1,0,11685520.35,0
2539,8943085593,Jain,748,Jaipur City,Male,38,6,0,2,1,1,8025326,0
2540,8695184754,Jain,581,Jaipur  Urban,Female,46,6,7425686.7,2,1,0,10232033.95,1
2541,8467587456,Paliwal,540,Jaipur  Urban,Female,45,8,9456895.15,1,0,0,8297990.7,1
2542,8453247031,Gupta,613,Jaipur Gramin,Female,61,3,11184605.15,4,0,1,5630249.55,1
2543,8472632572,Jain,539,Jaipur  Urban,Male,41,9,8076768,3,1,1,11195400.15,1
2544,8252795513,Jat,900,Jaipur City,Female,24,1,0,2,0,1,5869493.95,0
2545,8569016425,Verma,682,Jaipur  Urban,Male,34,5,6820601.45,2,0,0,4826382.45,0
2546,8191990913,Sharma,703,Jaipur Gramin,Female,43,0,0,1,1,1,14456196.5,0
2547,8234175312,Meena,672,Jaipur Gramin,Male,50,1,0,3,1,1,16307177.75,1
2548,8305857181,Aggarwal,698,Jaipur City,Female,59,0,10426218.15,1,0,1,7208319.6,0
2549,8106770807,Gupta,509,Jaipur Gramin,Male,50,4,0,2,1,1,2706450.15,1
2550,8016810950,Agarwal,654,Jaipur Gramin,Female,36,8,0,2,1,1,1028211.85,1
2551,8553861427,Saini,900,Jaipur Gramin,Male,42,0,0,2,1,0,3754096.4,0
2552,8975849562,Verma,524,Jaipur Gramin,Female,53,3,0,1,1,1,7769562.7,0
2553,8226635144,Gupta,599,Jaipur City,Female,46,7,6948141.4,2,1,0,7078987.85,0
2554,8671759893,Verma,752,Jaipur City,Male,71,8,0,1,1,1,16867987.35,1
2555,8899134241,Maheshwari,787,Jaipur City,Male,30,2,12335867.25,1,0,0,642147.8,0
2556,8434913389,Verma,786,Jaipur Gramin,Male,38,9,12657557.4,1,1,0,6835373.6,0
2557,8291900976,Gupta,641,Jaipur City,Female,41,4,0,2,1,1,13986727.9,0
2558,8208238208,Choudhary,884,Jaipur Gramin,Male,26,4,7641520.4,2,1,0,14915547.55,0
2559,8772758088,Rathore,752,Jaipur  Urban,Female,30,8,10117318.8,2,1,1,11721800.9,0
2560,8073724243,Agarwal,560,Jaipur  Urban,Female,40,2,8943943.1,2,1,0,7972648.1,0
2561,8193631796,Meena,660,Jaipur City,Female,30,6,0,1,0,0,5779756.05,1
2562,8693492067,Meena,666,Jaipur City,Male,34,1,9869769.05,1,1,1,4206832.75,0
2563,8976340859,Agarwal,796,Jaipur Gramin,Female,58,9,15972481.75,1,0,1,3045140.3,0
2564,8658305191,Choudhary,892,Jaipur Gramin,Female,27,5,0,2,1,1,5737009.55,0
2565,8383271468,Khandelwal,680,Jaipur Gramin,Female,38,6,12276723.4,1,1,1,6286869.45,1
2566,8423255491,Jain,726,Jaipur Gramin,Female,50,4,6550601.5,2,0,1,12338537.1,0
2567,8996769896,Meena,672,Jaipur  Urban,Female,29,6,15344224.65,1,1,1,10527299.3,0
2568,8810321919,Khandelwal,544,Jaipur Gramin,Male,42,1,0,2,0,0,2024873.4,0
2569,8897218709,Verma,614,Jaipur  Urban,Female,47,6,11052113.95,1,1,1,3888767.85,1
2570,8937476241,Jat,649,Jaipur  Urban,Female,40,2,9357368.65,1,1,0,13580716.9,0
2571,8316730059,Saini,496,Jaipur City,Female,31,5,14862544.1,1,1,0,7160283.55,0
2572,8560284521,Maheshwari,696,Jaipur Gramin,Male,44,7,9241623.3,1,0,1,6148089.1,0
2573,8459686186,Sharma,733,Jaipur Gramin,Male,58,9,7759236.05,2,1,1,2275267.25,0
2574,8054021286,Meena,707,Jaipur City,Male,40,2,0,2,1,1,14005349.7,0
2575,8709129928,Agarwal,678,Jaipur  Urban,Female,51,9,9401884.85,2,0,1,94584.6,1
2576,8661267077,Jat,541,Jaipur  Urban,Male,54,5,8754493.4,1,1,0,15017813.6,1
2577,8383711954,Gupta,654,Jaipur City,Male,36,4,5090977.25,2,1,0,3739969.4,0
2578,8881998895,Paliwal,619,Jaipur  Urban,Male,29,8,12692076.75,1,1,0,11963421.05,0
2579,8806515325,Rathore,578,Jaipur Gramin,Female,32,1,9894811.75,1,0,1,12987228.2,0
2580,8990997510,Agarwal,318,Jaipur  Urban,Male,30,0,10859605.95,1,1,0,6930717.25,1
2581,8938887631,Jain,716,Jaipur  Urban,Female,38,6,11270265.6,1,1,1,627963,1
2582,8176937412,Paliwal,725,Jaipur Gramin,Male,31,0,0,2,1,0,15558258.05,0
2583,8392135439,Paliwal,667,Jaipur Gramin,Female,46,5,9639181.9,2,1,1,11802170.1,0
2584,8095638400,Verma,734,Jaipur Gramin,Female,31,7,0,2,1,0,14478337.3,0
2585,8587727218,Rathore,778,Jaipur Gramin,Male,40,0,0,1,0,0,5135424.6,0
2586,8324386340,Saini,749,Jaipur Gramin,Male,28,9,0,2,1,1,8520417,0
2587,8596378086,Saini,709,Jaipur Gramin,Male,50,6,11641044.95,1,1,1,229923.3,0
2588,8333208786,Choudhary,556,Jaipur Gramin,Male,33,8,0,2,0,1,5849279.25,0
2589,8763082916,Khandelwal,769,Jaipur Gramin,Male,32,5,0,1,1,1,5511334.55,0
2590,8150998140,Aggarwal,814,Jaipur Gramin,Male,44,8,10528409.4,1,1,0,12282069.9,0
2591,8412591440,Paliwal,898,Jaipur City,Male,22,7,10269010.65,1,1,1,15768378.9,0
2592,8322425023,Choudhary,641,Jaipur  Urban,Male,38,2,12616596.75,1,1,1,4764736.2,0
2593,8385053401,Jain,486,Jaipur  Urban,Male,40,6,4068923.65,2,1,1,13180267.45,0
2594,8157124821,Khandelwal,710,Jaipur  Urban,Male,53,7,12828794.15,2,0,0,10184461.15,0
2595,8375204413,Maheshwari,524,Jaipur  Urban,Female,47,6,8768884.75,1,1,0,1382069.4,1
2596,8074251591,Paliwal,640,Jaipur Gramin,Male,29,10,11067533.8,1,1,0,15695663.95,0
2597,8385262524,Jat,880,Jaipur Gramin,Female,28,4,11617333.35,2,0,0,448696.3,0
2598,8213393788,Rathore,590,Jaipur City,Female,40,2,17027408.25,1,1,1,9625802.05,0
2599,8908573344,Aggarwal,584,Jaipur City,Male,48,1,0,2,1,1,757180,0
2600,8462843457,Gupta,540,Jaipur City,Male,62,7,6878842.6,1,0,1,5481706.95,0
2601,8245936925,Verma,696,Jaipur Gramin,Female,24,10,0,3,1,0,13172588.55,1
2602,8962511086,Rathore,626,Jaipur City,Female,41,9,0,2,1,1,13241843.15,0
2603,8900365843,Choudhary,593,Jaipur  Urban,Male,28,0,12118850.35,2,1,0,10972209.7,0
2604,8017636027,Sharma,652,Jaipur  Urban,Female,34,7,13636215.95,1,0,1,16025314.35,0
2605,8960365649,Singh,528,Jaipur Gramin,Male,25,5,9873619.55,1,1,0,1139991.95,0
2606,8047301994,Aggarwal,642,Jaipur City,Female,34,5,8388094.95,2,1,0,1337321.15,0
2607,8787933688,Aggarwal,668,Jaipur Gramin,Male,32,3,10100467.55,2,1,1,6215846.85,0
2608,8715696329,Jain,857,Jaipur Gramin,Male,31,1,10104028.2,1,1,0,8644856.15,0
2609,8406289303,Verma,600,Jaipur Gramin,Male,32,1,0,1,1,1,8668823.6,0
2610,8665757175,Meena,698,Jaipur Gramin,Female,46,2,0,1,1,1,9727626.1,0
2611,8691422851,Saini,698,Jaipur Gramin,Male,38,4,9111352.3,1,1,1,1331879.45,0
2612,8706310180,Saini,559,Jaipur Gramin,Male,42,3,9180916.3,1,1,1,13386318.5,0
2613,8271288963,Maheshwari,540,Jaipur City,Male,34,3,0,2,0,0,11158908.8,0
2614,8896785996,Sharma,636,Jaipur Gramin,Male,26,7,11036206.2,2,0,1,16745097.75,0
2615,8832253528,Jat,535,Jaipur  Urban,Female,58,3,9048956.35,4,1,0,10954958.95,1
2616,8763987916,Jain,463,Jaipur Gramin,Male,63,9,8245777.75,1,1,1,7233585,0
2617,8016450961,Jat,794,Jaipur City,Male,35,9,10449000.7,2,0,0,12734873.4,0
2618,8594995964,Gupta,710,Jaipur  Urban,Male,45,6,12945230.55,4,0,1,9183473.1,1
2619,8824237911,Khandelwal,478,Jaipur Gramin,Female,30,1,0,2,0,0,11542620.05,0
2620,8809376449,Rathore,900,Jaipur City,Male,49,8,0,1,0,0,2198751.95,1
2621,8613518511,Maheshwari,604,Jaipur Gramin,Male,35,6,10964469.6,2,1,0,11091102.6,0
2622,8734808608,Maheshwari,541,Jaipur Gramin,Female,36,5,0,1,1,0,15595725.2,0
2623,8061210169,Singh,632,Jaipur  Urban,Male,27,0,15747733.25,2,1,1,6547323.9,0
2624,8486376914,Agarwal,498,Jaipur Gramin,Female,28,9,0,2,0,0,8002048.75,0
2625,8171689160,Meena,606,Jaipur City,Female,29,3,9928494.7,1,0,0,347883.75,0
2626,8301451803,Choudhary,560,Jaipur  Urban,Male,29,5,11028807.8,1,1,0,9286895.15,0
2627,8598269474,Paliwal,562,Jaipur  Urban,Female,29,2,10980045.85,2,0,1,8892529.15,0
2628,8480365560,Agarwal,565,Jaipur  Urban,Male,25,6,7013071.2,2,1,0,14254930.95,0
2629,8444381158,Khandelwal,641,Jaipur  Urban,Male,48,2,9116053.65,1,1,1,8815524.25,1
2630,8975429244,Agarwal,802,Jaipur City,Female,42,3,0,1,0,0,13705654.15,1
2631,8567819305,Jain,545,Jaipur  Urban,Female,36,3,13411379.05,2,1,0,517576.05,0
2632,8769536596,Paliwal,635,Jaipur Gramin,Male,35,1,14634480.6,1,1,1,13581076.45,0
2633,8789793160,Aggarwal,646,Jaipur City,Male,48,2,0,2,1,1,673121.8,0
2634,8318149307,Sharma,571,Jaipur Gramin,Male,41,1,0,1,1,1,16003341,0
2635,8678150584,Saini,673,Jaipur City,Female,42,9,6405722.4,1,1,0,2346690.2,1
2636,8966072132,Gupta,590,Jaipur Gramin,Female,27,4,0,2,1,1,15603386.25,0
2637,8160642664,Jat,722,Jaipur City,Male,30,2,0,2,1,1,12370672.2,0
2638,8490415609,Singh,656,Jaipur Gramin,Female,29,0,8352394.1,2,1,0,14001025.75,0
2639,8248589205,Jain,592,Jaipur Gramin,Male,43,9,0,2,1,1,6490381.55,0
2640,8078678335,Sharma,734,Jaipur  Urban,Female,40,3,9291247.15,2,1,0,10213491.2,1
2641,8233249320,Aggarwal,630,Jaipur City,Female,31,8,0,2,1,0,12906700.9,0
2642,8375155926,Choudhary,526,Jaipur  Urban,Female,28,6,13971062.4,1,0,1,484412.45,0
2643,8371332166,Gupta,644,Jaipur City,Female,22,5,8398000,1,1,0,10443571.75,0
2644,8748229175,Jain,638,Jaipur Gramin,Male,27,4,16415697.25,1,1,1,12976597.25,0
2645,8006134678,Aggarwal,763,Jaipur Gramin,Male,27,5,4379433.75,1,0,1,16331200.45,0
2646,8914362603,Singh,786,Jaipur Gramin,Male,23,5,7164180.8,2,1,1,5342386,0
2647,8857203992,Saini,390,Jaipur City,Female,39,5,0,2,1,0,11980024.95,0
2648,8754109402,Maheshwari,433,Jaipur Gramin,Male,51,9,10190636.4,1,0,0,4825251.95,1
2649,8373075560,Saini,774,Jaipur Gramin,Male,21,4,11722388.25,1,1,1,15064994.55,0
2650,8762605445,Jain,619,Jaipur Gramin,Female,37,6,0,2,1,0,7330585.3,0
2651,8310591350,Saini,584,Jaipur Gramin,Male,33,5,8509929.7,1,1,0,2908324.3,0
2652,8709387425,Sharma,900,Jaipur  Urban,Male,40,4,14116982.75,2,0,1,3774524.45,0
2653,8924300296,Sharma,601,Jaipur Gramin,Female,38,0,0,2,1,0,14041715.25,0
2654,8158255163,Jat,756,Jaipur City,Male,26,3,0,1,1,0,2936104.85,0
2655,8271391612,Jain,518,Jaipur Gramin,Male,44,3,12630621.75,1,1,0,6361284.4,1
2656,8130803504,Jat,900,Jaipur  Urban,Male,53,2,7996712.45,2,1,0,3143345.9,0
2657,8421712096,Jain,815,Jaipur City,Female,34,5,0,2,0,1,9492513.55,0
2658,8686118706,Maheshwari,554,Jaipur Gramin,Male,29,9,0,1,1,1,2197987.8,0
2659,8437340859,Maheshwari,684,Jaipur  Urban,Male,40,2,14020663.3,3,0,0,15047380,1
2660,8704647749,Choudhary,755,Jaipur Gramin,Female,62,4,11946699,1,1,0,2634163.6,1
2661,8277028644,Jain,800,Jaipur Gramin,Female,44,2,12963286.25,1,1,1,11637787.75,0
2662,8151125278,Singh,770,Jaipur Gramin,Female,28,2,16308483.35,1,1,0,9218929.15,1
2663,8955726817,Khandelwal,683,Jaipur Gramin,Female,44,8,8195537.65,1,0,0,11186805.8,1
2664,8183996584,Gupta,530,Jaipur City,Male,32,2,11215404.9,1,0,1,13577692.6,0
2665,8189107261,Verma,583,Jaipur Gramin,Male,29,3,0,2,1,1,12090275.9,0
2666,8668970332,Paliwal,614,Jaipur  Urban,Male,30,9,12147362.75,1,1,0,9000696.75,1
2667,8256820665,Verma,768,Jaipur Gramin,Female,37,7,0,2,1,1,16513027.35,0
2668,8966742029,Aggarwal,581,Jaipur Gramin,Male,35,3,12436484.3,1,1,1,8962694.95,0
2669,8086395043,Maheshwari,509,Jaipur Gramin,Male,52,2,7471012.1,1,1,0,14781450.7,1
2670,8997676451,Saini,617,Jaipur Gramin,Female,19,5,8282866.65,2,1,0,10439983.9,0
2671,8475589364,Gupta,598,Jaipur Gramin,Female,64,9,0,1,0,1,1120416.45,1
2672,8563918670,Agarwal,839,Jaipur City,Male,35,7,0,2,0,1,11966368,0
2673,8061416967,Khandelwal,749,Jaipur Gramin,Male,34,2,13131287.9,2,0,0,6677654.4,0
2674,8336103065,Sharma,601,Jaipur Gramin,Male,50,2,9828130.95,1,1,0,15797692.85,0
2675,8159950371,Rathore,845,Jaipur Gramin,Male,25,7,9213716.95,1,1,0,10903540.75,0
2676,8484646447,Meena,774,Jaipur  Urban,Male,38,5,5533109.85,2,1,1,11916780.7,0
2677,8048701012,Choudhary,680,Jaipur  Urban,Male,43,1,8756568.25,1,1,0,2759303.15,1
2678,8515503131,Saini,502,Jaipur Gramin,Female,38,10,7205007.15,1,1,1,13791581.5,0
2679,8243463875,Saini,863,Jaipur Gramin,Female,38,10,0,2,1,0,2592389.5,0
2680,8584569277,Singh,504,Jaipur City,Female,35,4,9832868.85,1,1,1,7673859.5,0
2681,8214166735,Saini,630,Jaipur Gramin,Female,39,5,0,2,1,0,2772292.85,0
2682,8707513813,Sharma,688,Jaipur  Urban,Male,36,5,6212485.1,2,0,0,16672092.1,0
2683,8444117707,Sharma,667,Jaipur  Urban,Female,27,3,12826927.55,2,1,0,1444891.2,0
2684,8772369359,Meena,900,Jaipur City,Female,23,9,12159662.25,1,0,1,5353381.6,0
2685,8243860274,Paliwal,569,Jaipur City,Female,28,7,0,2,0,0,15781125.5,0
2686,8160020583,Jain,695,Jaipur Gramin,Male,60,6,0,2,1,1,6573200.45,0
2687,8673954533,Agarwal,516,Jaipur  Urban,Female,42,0,8495618.25,1,0,1,8273782.7,0
2688,8064521316,Gupta,490,Jaipur Gramin,Male,44,3,9813339.25,2,0,0,5714918.05,0
2689,8873666076,Saini,550,Jaipur  Urban,Male,32,4,9200052.35,1,1,1,12221578.8,0
2690,8269351550,Verma,377,Jaipur Gramin,Male,38,8,0,1,0,1,6601195.2,1
2691,8378574345,Jat,658,Jaipur City,Male,42,2,8397626.85,2,1,0,7575539.15,0
2692,8235127913,Singh,745,Jaipur Gramin,Female,37,1,0,2,1,0,6018918,0
2693,8593921702,Singh,781,Jaipur Gramin,Male,31,8,0,2,0,0,1491791.65,0
2694,8451037137,Paliwal,674,Jaipur Gramin,Male,34,2,0,2,0,1,1827267.95,0
2695,8756439808,Verma,634,Jaipur  Urban,Male,29,3,9617493.3,2,0,1,10603671.8,0
2696,8996003622,Aggarwal,596,Jaipur  Urban,Female,39,8,13815231.9,3,1,0,3064374.1,1
2697,8224719124,Verma,718,Jaipur City,Female,40,0,7824542.4,1,1,1,12212955.55,0
2698,8013458496,Khandelwal,748,Jaipur Gramin,Male,48,7,0,2,1,1,12809039.3,0
2699,8424699662,Aggarwal,583,Jaipur Gramin,Female,28,5,0,3,1,0,14491429,1
2700,8283192195,Rathore,640,Jaipur  Urban,Female,29,8,8920248.5,1,1,1,8303179.1,0
2701,8104847547,Maheshwari,557,Jaipur Gramin,Male,31,4,0,2,1,0,4549202.55,0
2702,8984579388,Jat,659,Jaipur Gramin,Female,31,2,0,2,1,0,1292051.85,0
2703,8644372371,Maheshwari,626,Jaipur Gramin,Female,30,4,9169718.4,1,0,1,16736042.7,0
2704,8535784585,Singh,431,Jaipur  Urban,Male,46,7,9380295.7,1,1,0,422376.05,1
2705,8121716054,Verma,742,Jaipur Gramin,Male,27,2,0,2,0,0,2229485.4,0
2706,8810543208,Rathore,666,Jaipur City,Female,34,4,9331613.65,2,1,0,11392917.2,0
2707,8821260833,Jain,715,Jaipur Gramin,Male,22,9,12731045,1,1,1,16832799.05,0
2708,8236624251,Choudhary,644,Jaipur Gramin,Female,38,3,8868862.6,1,0,0,10190043.1,0
2709,8480522349,Gupta,636,Jaipur City,Female,21,1,7294545.3,1,1,1,11313695.5,0
2710,8431988655,Rathore,590,Jaipur Gramin,Male,37,4,18078902.45,1,0,0,14993576.7,0
2711,8276095520,Paliwal,641,Jaipur  Urban,Male,37,1,7624231.4,2,1,1,16420289.8,0
2712,8217090401,Khandelwal,610,Jaipur Gramin,Female,28,9,0,2,1,1,10630271.7,0
2713,8688452326,Gupta,558,Jaipur  Urban,Female,32,9,5785715.4,1,1,0,12179444.3,0
2714,8325937468,Verma,796,Jaipur City,Male,67,9,12627996.1,1,0,1,7415094,0
2715,8356295945,Agarwal,678,Jaipur Gramin,Female,55,8,11590103.6,1,1,1,7970440.65,0
2716,8229797557,Jain,659,Jaipur Gramin,Male,38,1,10388190,1,0,1,7562064.1,0
2717,8536684371,Rathore,714,Jaipur Gramin,Male,45,3,0,2,1,1,2617456.85,0
2718,8637711424,Jat,810,Jaipur  Urban,Male,70,6,10173214.8,2,1,1,6335221.7,0
2719,8457634124,Verma,826,Jaipur Gramin,Female,39,3,11486843.05,1,0,1,9612316.8,0
2720,8287389184,Saini,563,Jaipur  Urban,Female,42,9,12418563.75,1,1,0,2768790.85,1
2721,8808989828,Sharma,751,Jaipur City,Female,56,8,10464426.5,3,0,1,11059671.3,1
2722,8933671503,Rathore,557,Jaipur  Urban,Female,44,3,9499634,3,1,1,8901409.95,1
2723,8042066702,Jat,533,Jaipur Gramin,Female,32,9,9411913.15,1,1,1,1237567.7,0
2724,8152813296,Khandelwal,617,Jaipur Gramin,Female,41,8,10332469.1,1,1,1,50898,0
2725,8020021787,Choudhary,424,Jaipur  Urban,Female,38,8,10252972.85,1,1,0,11024329.15,0
2726,8908864222,Saini,445,Jaipur Gramin,Female,58,4,9750653.45,1,1,1,3086777.55,0
2727,8269915631,Maheshwari,875,Jaipur  Urban,Female,37,3,8793909.6,1,0,0,94700.2,0
2728,8807135852,Choudhary,785,Jaipur  Urban,Male,57,2,8596463.95,2,1,1,6031124.85,0
2729,8421098090,Maheshwari,779,Jaipur  Urban,Male,46,10,6641590.6,2,1,1,6245033.3,0
2730,8635911824,Verma,680,Jaipur Gramin,Male,23,1,0,2,1,0,7783721.15,0
2731,8115178864,Sharma,684,Jaipur City,Male,30,3,11342938.9,1,0,0,268170.75,0
2732,8423849825,Rathore,684,Jaipur Gramin,Female,33,7,0,2,1,1,7495963.85,0
2733,8245238668,Rathore,628,Jaipur  Urban,Female,48,1,9186488.05,1,1,0,10102697.1,1
2734,8342761357,Agarwal,565,Jaipur Gramin,Male,32,5,11165111.25,1,1,0,10646805.05,0
2735,8474779274,Singh,649,Jaipur  Urban,Female,37,7,5352844.4,2,0,1,3316396.55,0
2736,8549170971,Agarwal,541,Jaipur  Urban,Female,30,2,12183937.4,1,1,0,12392701.65,0
2737,8942270249,Paliwal,769,Jaipur  Urban,Male,36,8,9944441.55,2,1,0,14349378.7,0
2738,8494900191,Verma,446,Jaipur Gramin,Male,31,4,4986348.2,2,0,1,6232370,0
2739,8920627298,Verma,660,Jaipur City,Male,41,3,10948735.25,3,0,0,9662590.05,1
2740,8152099132,Sharma,630,Jaipur Gramin,Male,45,7,11692212.4,1,0,0,10591654.5,0
2741,8787056762,Agarwal,660,Jaipur  Urban,Male,34,4,12103414.35,1,1,1,958500.8,0
2742,8164924735,Jat,522,Jaipur Gramin,Female,38,8,0,2,1,0,11612754.4,0
2743,8213424926,Maheshwari,659,Jaipur Gramin,Female,41,2,10691744.55,1,1,1,5994533.2,0
2744,8292505168,Jat,707,Jaipur Gramin,Male,22,4,11597761.25,1,1,0,4418321.25,1
2745,8892975560,Sharma,713,Jaipur City,Male,38,7,10329829,1,1,0,9645886.7,0
2746,8757281289,Jain,666,Jaipur  Urban,Male,52,9,12299223.75,1,1,1,4167192.15,0
2747,8318978567,Singh,624,Jaipur Gramin,Male,36,8,0,2,1,1,12404729.15,0
2748,8359506836,Jat,572,Jaipur Gramin,Female,35,10,0,2,1,1,2138736.85,0
2749,8278491852,Aggarwal,361,Jaipur  Urban,Male,48,8,10891914.45,1,1,0,14939051.75,1
2750,8285481274,Paliwal,599,Jaipur Gramin,Male,25,6,10232589.85,1,1,1,2116762.65,0
2751,8771620785,Gupta,457,Jaipur Gramin,Female,57,9,0,3,1,1,14426144.75,1
2752,8103058116,Sharma,725,Jaipur Gramin,Male,42,8,11027500.5,2,1,1,15263073.45,0
2753,8428481221,Sharma,718,Jaipur City,Female,31,8,15731652.1,1,0,0,9803707.9,1
2754,8223649309,Meena,456,Jaipur Gramin,Female,28,6,0,2,0,0,4091213.2,0
2755,8234126814,Maheshwari,698,Jaipur Gramin,Male,42,0,0,1,1,1,13670463.3,0
2756,8055068560,Paliwal,720,Jaipur City,Male,31,7,0,2,0,1,12337916.6,0
2757,8715222986,Saini,470,Jaipur Gramin,Male,29,1,12290316.6,1,1,1,16684969.6,0
2758,8195611667,Saini,413,Jaipur Gramin,Female,45,4,0,2,1,0,13740547.5,1
2759,8247116335,Aggarwal,629,Jaipur Gramin,Male,36,6,0,2,0,0,7194029.4,0
2760,8975586248,Agarwal,731,Jaipur Gramin,Male,37,7,0,1,1,0,13556374.6,0
2761,8037297281,Paliwal,548,Jaipur  Urban,Male,68,2,8516527.4,1,1,1,3280688.9,0
2762,8562130212,Jain,655,Jaipur  Urban,Male,50,6,12350101.35,2,1,1,2364252.9,0
2763,8234995584,Verma,743,Jaipur  Urban,Male,28,3,9015974.65,2,1,1,15630931.35,0
2764,8152344931,Verma,727,Jaipur  Urban,Female,47,6,10252860.65,1,1,1,11968314.5,0
2765,8783848501,Choudhary,672,Jaipur Gramin,Male,38,7,0,2,0,1,12459770.05,0
2766,8797787001,Maheshwari,680,Jaipur Gramin,Male,36,9,0,2,1,1,3405294.65,0
2767,8470311704,Aggarwal,726,Jaipur Gramin,Male,30,1,0,1,1,1,15410527.2,0
2768,8419245442,Sharma,598,Jaipur  Urban,Female,27,10,14559132.35,1,1,1,7151570.2,0
2769,8901019912,Aggarwal,683,Jaipur Gramin,Male,26,4,0,2,1,1,16795518.9,0
2770,8255239125,Aggarwal,576,Jaipur  Urban,Female,38,1,10898569.95,1,1,0,10706075.55,1
2771,8997399766,Khandelwal,691,Jaipur Gramin,Female,32,5,0,2,1,1,6414559.85,0
2772,8215403979,Aggarwal,737,Jaipur  Urban,Male,28,7,6610993.15,1,1,0,15107650.95,0
2773,8087289289,Saini,596,Jaipur  Urban,Female,72,6,10623146.15,2,1,1,607279.1,0
2774,8782238497,Khandelwal,551,Jaipur Gramin,Male,29,1,0,2,0,0,13229379.6,0
2775,8967417898,Maheshwari,557,Jaipur Gramin,Female,28,1,0,1,1,1,13806384.25,0
2776,8086881865,Aggarwal,900,Jaipur City,Male,51,3,9332961.75,2,1,1,1058909.6,1
2777,8926727005,Singh,707,Jaipur Gramin,Male,39,7,0,2,0,0,1267952.65,0
2778,8924573509,Gupta,790,Jaipur  Urban,Female,61,8,10658762.85,1,1,0,15485647.65,1
2779,8262442113,Verma,605,Jaipur City,Female,71,10,0,2,1,1,11048657,0
2780,8257376605,Khandelwal,760,Jaipur  Urban,Male,38,9,9464526.45,2,0,1,16564202.45,0
2781,8847150785,Choudhary,814,Jaipur City,Male,40,8,8864769.85,2,1,1,9988104.35,0
2782,8075589151,Paliwal,758,Jaipur  Urban,Female,61,9,8063710.3,2,1,1,13389846,1
2783,8917136489,Gupta,655,Jaipur Gramin,Male,24,8,0,2,0,0,7872094.8,0
2784,8534440847,Choudhary,596,Jaipur Gramin,Female,33,6,11534805.15,2,0,0,6362321.4,0
2785,8756313803,Meena,865,Jaipur  Urban,Female,37,5,9048550.05,2,0,1,10830105,0
2786,8911374336,Choudhary,648,Jaipur Gramin,Male,43,7,11255052.3,1,0,0,5914665.5,1
2787,8665724660,Verma,493,Jaipur  Urban,Female,40,9,10574136,1,1,0,16899210.4,1
2788,8171475527,Verma,846,Jaipur Gramin,Male,46,6,10031875.1,3,1,0,13824667.75,1
2789,8779727279,Khandelwal,528,Jaipur  Urban,Male,39,1,7015144.35,1,1,0,9697864.2,0
2790,8442142001,Aggarwal,726,Jaipur City,Male,44,0,15686930.2,1,1,0,5853125.5,1
2791,8382293900,Rathore,528,Jaipur  Urban,Male,39,4,10818656.35,1,1,1,1372778.9,0
2792,8591093262,Meena,518,Jaipur City,Female,66,3,0,1,1,1,9794296.7,0
2793,8049502260,Khandelwal,522,Jaipur Gramin,Female,45,2,0,2,0,1,14502831.75,0
2794,8314366891,Singh,632,Jaipur  Urban,Male,23,5,15660813.1,1,1,0,8763433.7,0
2795,8723794439,Sharma,655,Jaipur Gramin,Male,52,8,5071901.55,1,0,0,14662143.85,1
2796,8795249993,Jat,498,Jaipur Gramin,Female,25,7,6761205.15,1,0,1,3295689.7,0
2797,8661913133,Paliwal,716,Jaipur Gramin,Female,39,6,12882021.15,1,1,1,3820434.65,0
2798,8486716740,Choudhary,662,Jaipur  Urban,Male,27,2,14154869.8,2,0,1,12410654.5,0
2799,8672287857,Rathore,575,Jaipur  Urban,Male,28,6,12777977.75,1,1,0,12372465.7,0
2800,8602531986,Aggarwal,792,Jaipur Gramin,Male,43,8,10362485.15,1,1,0,16431548.05,0
2801,8500955118,Saini,803,Jaipur Gramin,Male,51,9,13325771.3,2,1,0,3421912.15,0
2802,8455660709,Maheshwari,478,Jaipur City,Male,29,8,10868462.1,1,1,1,3967621.5,0
2803,8511622522,Sharma,809,Jaipur Gramin,Male,53,4,9665288.8,1,1,1,13080474.05,1
2804,8732062858,Jain,726,Jaipur  Urban,Female,43,7,6797836.75,1,1,1,8764208.05,0
2805,8684595828,Agarwal,658,Jaipur Gramin,Female,44,2,0,2,1,1,4985439.55,0
2806,8166813994,Rathore,706,Jaipur Gramin,Female,51,5,0,1,1,0,7788049.35,1
2807,8936398099,Maheshwari,590,Jaipur City,Male,38,0,0,1,1,0,5608850.8,1
2808,8367667091,Saini,726,Jaipur Gramin,Male,33,3,12276376.6,2,1,0,9676841.15,0
2809,8707592980,Meena,665,Jaipur Gramin,Male,42,7,8437362.65,1,1,1,5746671.5,0
2810,8392352593,Jain,629,Jaipur Gramin,Female,32,2,6746353.95,2,1,1,12365114.9,0
2811,8717045560,Khandelwal,593,Jaipur Gramin,Female,30,10,0,2,1,1,10546095.35,0
2812,8941455537,Aggarwal,714,Jaipur City,Female,34,9,0,2,1,1,5737680.2,0
2813,8520358729,Sharma,596,Jaipur Gramin,Male,28,2,0,3,1,1,6690177.45,0
2814,8366826649,Sharma,790,Jaipur Gramin,Female,52,7,10633154.9,1,1,0,14551135.55,1
2815,8062072733,Sharma,764,Jaipur  Urban,Female,40,2,13811293,2,1,0,12697412.2,0
2816,8684805320,Meena,713,Jaipur  Urban,Male,37,1,8131849.7,2,1,0,8528521.75,0
2817,8347857773,Jain,700,Jaipur Gramin,Male,25,4,0,2,1,0,12979350.4,0
2818,8831607922,Choudhary,526,Jaipur City,Female,30,8,0,2,1,1,3501400.75,0
2819,8375598750,Agarwal,683,Jaipur Gramin,Male,37,4,0,1,1,0,11265928.05,0
2820,8714188329,Singh,756,Jaipur Gramin,Female,34,5,6306777.3,2,1,0,8234419.2,0
2821,8257121014,Meena,626,Jaipur Gramin,Female,31,1,7623559.9,1,1,1,12945964.95,0
2822,8854060099,Jat,737,Jaipur City,Female,33,10,8765313.05,2,1,1,4222120.85,0
2823,8032251324,Paliwal,563,Jaipur City,Female,34,3,0,1,1,0,11389790.05,0
2824,8425249212,Paliwal,682,Jaipur  Urban,Female,59,5,10214455.95,1,0,1,4288658,0
2825,8649624901,Agarwal,634,Jaipur Gramin,Male,32,9,12676586.35,2,1,1,1394179.35,0
2826,8308100941,Verma,600,Jaipur Gramin,Male,40,1,11996627.15,1,1,1,5763325.55,0
2827,8451308227,Paliwal,712,Jaipur Gramin,Female,43,4,12949031.75,1,1,0,785551.3,0
2828,8973920857,Aggarwal,725,Jaipur Gramin,Male,36,7,10202293.3,2,0,1,8551147.05,0
2829,8781334126,Meena,512,Jaipur City,Male,33,9,11234303.8,1,0,0,8392402.75,0
2830,8779495279,Saini,544,Jaipur  Urban,Male,43,6,7242069.7,2,1,1,13648797.65,0
2831,8584541542,Agarwal,570,Jaipur City,Male,53,1,7216783.05,2,0,1,2211343,0
2832,8680366224,Jat,631,Jaipur Gramin,Female,32,0,0,2,0,0,15909665.9,0
2833,8815286546,Verma,578,Jaipur Gramin,Male,20,4,0,1,1,1,4739911.1,0
2834,8134392316,Choudhary,700,Jaipur City,Male,40,8,0,1,1,0,6447098.7,0
2835,8439981234,Jain,900,Jaipur Gramin,Male,30,9,10330490.3,1,0,0,3426644.95,0
2836,8083327728,Saini,664,Jaipur City,Male,35,6,9916351.6,2,1,1,2028457.85,0
2837,8460621637,Khandelwal,695,Jaipur Gramin,Male,60,8,0,2,1,1,4367376.5,0
2838,8330741566,Agarwal,539,Jaipur  Urban,Female,49,6,10610478.6,1,0,1,7951865.6,0
2839,8035084764,Aggarwal,900,Jaipur City,Female,36,2,13190347.6,2,0,0,14400320.9,0
2840,8549578570,Jain,550,Jaipur  Urban,Female,32,1,9202343.95,1,1,1,589501.35,0
2841,8108191133,Saini,514,Jaipur City,Male,40,4,0,2,1,0,2158974.5,0
2842,8685419623,Verma,841,Jaipur Gramin,Male,38,5,0,2,1,0,5631782.95,0
2843,8554681418,Saini,496,Jaipur City,Male,48,2,0,1,1,1,9750276.05,1
2844,8575050879,Maheshwari,679,Jaipur  Urban,Male,38,6,8484094.8,2,1,1,13460427.45,0
2845,8516654790,Jain,607,Jaipur Gramin,Male,35,2,11233962.1,1,0,1,14009325.15,0
2846,8308837017,Gupta,599,Jaipur  Urban,Male,45,10,8804559.25,1,1,0,11230853.65,1
2847,8971313719,Maheshwari,533,Jaipur  Urban,Male,39,4,12104546.55,2,1,0,12464183.25,0
2848,8682923797,Singh,515,Jaipur City,Male,38,7,8486612.5,2,1,0,7671765.1,1
2849,8527551832,Rathore,900,Jaipur Gramin,Female,41,5,0,2,1,1,2960331.55,0
2850,8892350994,Choudhary,476,Jaipur Gramin,Male,41,9,0,1,0,0,1876330.8,0
2851,8277305502,Paliwal,797,Jaipur Gramin,Female,39,5,6888605.7,1,0,1,9333439.45,0
2852,8333772313,Verma,604,Jaipur Gramin,Female,48,5,0,1,1,0,8540681,1
2853,8138986152,Jain,611,Jaipur Gramin,Male,40,6,0,2,1,1,8280388.9,0
2854,8861708259,Singh,464,Jaipur Gramin,Male,53,4,16973606.65,1,1,1,2057668.1,1
2855,8229197846,Singh,778,Jaipur Gramin,Male,33,1,12124861.55,1,0,0,5876276.1,0
2856,8924005422,Khandelwal,732,Jaipur City,Female,75,5,0,2,1,1,797035.65,0
2857,8613489164,Saini,398,Jaipur  Urban,Female,45,3,9368626.9,1,1,0,3658969.5,1
2858,8278967000,Rathore,521,Jaipur City,Male,51,3,0,2,0,1,1772786.35,0
2859,8771596097,Singh,608,Jaipur Gramin,Male,25,3,0,2,0,0,15899141.2,0
2860,8242230977,Rathore,541,Jaipur City,Male,32,4,0,2,1,0,4540745.05,0
2861,8335317135,Maheshwari,689,Jaipur Gramin,Male,45,7,12076121.7,1,1,0,3146129.65,0
2862,8654081608,Saini,510,Jaipur Gramin,Female,25,6,0,2,1,0,7613164.4,0
2863,8893264539,Jain,654,Jaipur  Urban,Male,33,8,12712991.85,1,0,0,12742676.4,0
2864,8060024396,Maheshwari,786,Jaipur Gramin,Female,43,9,0,2,1,0,1535668.65,0
2865,8013196706,Aggarwal,730,Jaipur  Urban,Male,37,8,13036121.05,1,1,1,2287548.9,0
2866,8762389160,Gupta,738,Jaipur Gramin,Male,21,6,6499708.6,1,1,1,14748496.2,0
2867,8356115404,Singh,752,Jaipur Gramin,Female,26,9,10328203.8,1,1,1,12476762.4,0
2868,8515401812,Meena,551,Jaipur City,Female,27,1,0,1,0,1,89278.05,0
2869,8370690463,Maheshwari,534,Jaipur City,Male,36,8,6222945.2,2,1,0,7614923.9,1
2870,8387504821,Gupta,509,Jaipur Gramin,Male,22,9,0,2,1,0,6324453.9,0
2871,8337603041,Saini,728,Jaipur Gramin,Female,55,1,0,2,0,1,4624805.8,0
2872,8454945223,Khandelwal,685,Jaipur City,Male,38,0,7877369.9,2,1,0,310043.45,0
2873,8149951290,Choudhary,407,Jaipur City,Male,52,3,8176680.4,4,1,0,16904334.2,1
2874,8793186600,Meena,680,Jaipur  Urban,Female,36,1,9723287.7,1,1,1,4540065.9,0
2875,8980470895,Verma,877,Jaipur  Urban,Male,32,9,6822326.1,1,1,0,16563761.3,0
2876,8828239809,Paliwal,534,Jaipur City,Female,33,7,14733179.2,1,1,0,12788494.8,0
2877,8775828709,Khandelwal,605,Jaipur City,Female,35,7,12519269.2,1,1,1,4913599.25,0
2878,8820792415,Gupta,668,Jaipur City,Male,67,5,10181764.95,2,1,1,9140417.2,0
2879,8080591527,Saini,464,Jaipur City,Female,36,1,11911657.75,1,1,0,16496233.05,0
2880,8876927353,Gupta,780,Jaipur  Urban,Female,52,6,9134742.6,1,1,0,10729820.3,1
2881,8066948251,Paliwal,713,Jaipur  Urban,Female,37,8,8348533.4,2,1,0,15500129.1,1
2882,8127949220,Singh,733,Jaipur  Urban,Female,35,2,11356658.75,1,1,1,10249837.2,0
2883,8074016872,Khandelwal,541,Jaipur Gramin,Male,37,3,0,2,1,1,4299164,0
2884,8042002112,Maheshwari,551,Jaipur Gramin,Female,38,8,8086849.85,1,1,1,7358914.1,0
2885,8884279272,Jain,624,Jaipur Gramin,Female,29,3,0,2,0,1,13038343.8,0
2886,8322650441,Meena,672,Jaipur City,Male,42,5,0,2,1,0,9818315.15,0
2887,8307890614,Jat,419,Jaipur Gramin,Female,37,6,0,2,1,0,6985000.8,0
2888,8153158787,Agarwal,724,Jaipur  Urban,Female,26,1,8273151.15,1,1,0,5415986.65,0
2889,8925509474,Gupta,834,Jaipur  Urban,Male,37,2,11837578.55,2,1,1,16893404.9,0
2890,8448631165,Paliwal,593,Jaipur Gramin,Female,31,9,0,1,0,1,486124.35,0
2891,8829769865,Verma,583,Jaipur City,Male,34,5,14287990.85,1,0,0,1704981.85,0
2892,8020978606,Verma,616,Jaipur  Urban,Female,30,5,11182929.8,2,1,0,14504313.3,0
2893,8780530506,Sharma,601,Jaipur Gramin,Male,44,3,0,2,1,0,2601604.35,0
2894,8801704205,Khandelwal,668,Jaipur Gramin,Male,50,9,0,2,0,0,3159574.1,0
2895,8888507941,Gupta,517,Jaipur Gramin,Male,31,3,0,1,1,1,3620093.05,0
2896,8456462731,Agarwal,625,Jaipur  Urban,Male,47,7,9125879.65,1,1,1,5677938.8,0
2897,8464797228,Aggarwal,818,Jaipur Gramin,Female,33,2,8031907.55,1,0,1,8658643.15,0
2898,8395066256,Paliwal,514,Jaipur  Urban,Female,29,9,14468209.55,2,1,0,4189140,0
2899,8641665487,Singh,715,Jaipur Gramin,Male,52,6,11881390.1,1,1,0,2332859,1
2900,8042885569,Rathore,583,Jaipur Gramin,Female,35,7,0,2,1,0,6014658.65,0
2901,8684434762,Maheshwari,631,Jaipur City,Female,26,8,12631884.85,3,0,1,8882671.7,1
2902,8904445180,Jain,478,Jaipur Gramin,Male,73,2,14470544.5,2,1,1,14059676.6,0
2903,8045883048,Agarwal,709,Jaipur Gramin,Female,33,1,10906080.55,1,1,1,9654367.15,0
2904,8647509954,Rathore,562,Jaipur Gramin,Female,47,7,0,2,1,1,3908163.15,0
2905,8975164700,Khandelwal,738,Jaipur Gramin,Female,35,3,0,1,1,1,12921050.6,0
2906,8773117201,Maheshwari,696,Jaipur  Urban,Male,32,7,14913590,1,0,1,6574743.2,0
2907,8364640275,Rathore,842,Jaipur City,Male,41,6,0,2,1,0,4022374.25,0
2908,8573667566,Maheshwari,527,Jaipur Gramin,Female,22,0,8575304.05,2,1,1,3295675.25,0
2909,8025281805,Jat,473,Jaipur Gramin,Male,69,9,7932268,1,1,1,2081602.4,0
2910,8628079925,Sharma,593,Jaipur  Urban,Male,38,6,5369997.4,2,1,1,1229616.8,0
2911,8479472670,Agarwal,595,Jaipur Gramin,Male,33,2,11853391.95,1,0,0,5367080.2,0
2912,8243558201,Khandelwal,659,Jaipur Gramin,Female,52,8,4174668.75,1,1,0,3557966.55,0
2913,8495651943,Agarwal,719,Jaipur  Urban,Male,32,1,10532028.7,3,1,1,10832724.7,1
2914,8015703721,Jat,824,Jaipur Gramin,Female,40,6,0,2,1,1,7152918.3,0
2915,8221360313,Gupta,605,Jaipur Gramin,Male,28,7,0,2,0,0,4980629.4,0
2916,8300903551,Gupta,467,Jaipur  Urban,Female,52,1,11172528.35,1,1,0,3165409.35,1
2917,8126231761,Gupta,661,Jaipur Gramin,Male,56,2,0,1,1,0,9734427.8,1
2918,8737764765,Choudhary,718,Jaipur Gramin,Male,57,6,11587665.8,2,1,1,6166687.95,1
2919,8994667800,Rathore,574,Jaipur  Urban,Female,38,4,9617787.4,2,1,0,15020570.15,1
2920,8986623934,Choudhary,526,Jaipur City,Female,42,9,0,1,0,0,12992756.6,0
2921,8775528700,Sharma,715,Jaipur Gramin,Female,33,4,0,2,1,1,6236590.25,0
2922,8857153554,Jain,488,Jaipur  Urban,Female,46,8,8736738.6,1,1,1,5977512.8,0
2923,8467471047,Jat,702,Jaipur City,Male,34,6,7077463.8,1,0,0,821378.8,0
2924,8162283227,Khandelwal,726,Jaipur  Urban,Male,41,4,6141474.4,2,1,1,12113746.1,0
2925,8553505927,Agarwal,479,Jaipur  Urban,Female,29,6,12584379.2,1,1,0,10083034.9,0
2926,8615768286,Maheshwari,740,Jaipur Gramin,Female,76,9,11771621.1,1,1,1,5814011.9,0
2927,8055181314,Singh,492,Jaipur Gramin,Male,63,8,0,2,1,1,9799808.1,0
2928,8053731266,Khandelwal,638,Jaipur Gramin,Male,32,6,9485093.05,1,1,1,14482554.15,0
2929,8065586411,Rathore,682,Jaipur  Urban,Female,39,0,10378907.15,1,1,0,9600466.95,1
2930,8224829438,Choudhary,773,Jaipur  Urban,Male,32,4,8169080.55,1,1,1,6784085.45,0
2931,8456389461,Choudhary,676,Jaipur  Urban,Male,42,7,9854123.95,1,1,0,1688336.3,0
2932,8992048592,Saini,646,Jaipur  Urban,Female,37,7,10583661.1,2,1,0,13481925.65,0
2933,8103436515,Choudhary,706,Jaipur Gramin,Female,54,9,0,1,1,0,16253073.55,1
2934,8222968720,Jain,586,Jaipur City,Male,46,8,0,1,1,0,5264152.85,0
2935,8219747981,Aggarwal,637,Jaipur Gramin,Male,33,7,0,1,1,1,4933656.7,1
2936,8435892722,Agarwal,704,Jaipur City,Male,35,8,8584013.15,2,1,0,1891017.95,0
2937,8546228744,Aggarwal,599,Jaipur Gramin,Male,44,10,10079065.4,1,1,1,2673124.2,0
2938,8658573149,Maheshwari,742,Jaipur City,Male,28,6,0,2,1,0,12484448.1,0
2939,8713268116,Agarwal,756,Jaipur Gramin,Male,27,5,0,2,1,1,9866964.05,0
2940,8299319243,Jat,520,Jaipur Gramin,Female,39,2,0,1,0,1,6261944.9,1
2941,8978624164,Agarwal,733,Jaipur City,Female,28,5,0,2,1,1,7986596.6,0
2942,8250042335,Aggarwal,546,Jaipur City,Female,26,9,0,2,0,1,13508032.55,0
2943,8861418634,Khandelwal,900,Jaipur Gramin,Female,42,9,9631444.35,1,1,1,16846468.75,0
2944,8760227091,Agarwal,694,Jaipur Gramin,Female,41,9,0,1,0,0,1118602.55,0
2945,8924961058,Jat,571,Jaipur Gramin,Male,32,7,0,2,1,0,396177.35,0
2946,8637609012,Jat,882,Jaipur  Urban,Male,20,4,10571060.7,1,0,0,15316807.9,1
2947,8179818158,Sharma,590,Jaipur Gramin,Male,42,1,12516189.65,2,1,1,5356956.7,0
2948,8556625005,Agarwal,809,Jaipur Gramin,Male,36,7,8813496.15,1,0,1,10112597.9,0
2949,8741987018,Singh,624,Jaipur Gramin,Female,29,1,11792920.4,2,0,0,13149551.85,0
2950,8021734323,Saini,503,Jaipur City,Male,39,4,9511511.9,1,1,1,8294059.45,0
2951,8555620999,Gupta,761,Jaipur City,Female,37,0,12984620.4,1,1,1,4164192.5,0
2952,8740137987,Verma,796,Jaipur  Urban,Male,31,7,12237135.5,2,1,1,11922351.6,1
2953,8690777754,Jat,760,Jaipur Gramin,Male,51,10,12032341.6,1,1,0,11066110.05,0
2954,8134007467,Meena,660,Jaipur Gramin,Female,43,6,0,2,1,1,1385662.35,0
2955,8495415207,Gupta,526,Jaipur Gramin,Female,33,5,0,2,1,0,10791804.85,0
2956,8424657765,Jain,572,Jaipur Gramin,Female,46,1,0,1,1,1,13493795.05,0
2957,8695555118,Rathore,830,Jaipur Gramin,Male,30,8,0,2,1,0,16969757,0
2958,8267059293,Agarwal,703,Jaipur Gramin,Female,41,10,0,1,1,1,12263180.35,1
2959,8792038315,Aggarwal,587,Jaipur Gramin,Male,29,2,0,2,0,1,8357222.95,0
2960,8498315823,Verma,516,Jaipur Gramin,Male,25,9,13817627.2,1,1,0,5450967.55,0
2961,8208152303,Meena,814,Jaipur  Urban,Female,29,7,10474504.1,1,1,0,15403792.65,0
2962,8739458906,Gupta,619,Jaipur City,Male,31,7,6516585.35,2,1,1,13923771.8,0
2963,8903129300,Agarwal,540,Jaipur Gramin,Male,38,9,11923714.15,3,1,1,14573850.1,1
2964,8431694259,Sharma,666,Jaipur Gramin,Female,51,3,0,2,0,1,1343086.7,0
2965,8282989395,Rathore,745,Jaipur Gramin,Male,46,1,9839967.2,2,0,0,8750817.15,0
2966,8549100027,Verma,479,Jaipur  Urban,Male,36,5,11147115.05,2,1,0,14868069.1,0
2967,8496294723,Saini,493,Jaipur Gramin,Male,45,5,5811897.95,1,1,0,16418621.25,1
2968,8212294282,Maheshwari,575,Jaipur  Urban,Female,39,5,10015830.5,3,0,0,495635,1
2969,8169898188,Sharma,715,Jaipur City,Female,36,7,0,2,1,1,6995380.15,0
2970,8670783868,Meena,697,Jaipur Gramin,Male,34,7,0,2,0,0,11108360.15,0
2971,8657296456,Jain,858,Jaipur Gramin,Male,45,7,0,1,0,1,4495244.55,1
2972,8567954947,Verma,697,Jaipur City,Male,30,2,9442905.85,1,1,0,5863809.15,0
2973,8640611403,Sharma,649,Jaipur City,Male,42,9,11275891.75,1,1,0,3006211.15,0
2974,8136544072,Rathore,589,Jaipur Gramin,Female,56,9,10955011.65,1,1,1,16680564.9,1
2975,8850706508,Saini,558,Jaipur  Urban,Male,59,9,5876015.15,1,1,1,14509970.05,0
2976,8953410351,Sharma,464,Jaipur Gramin,Male,37,6,0,2,1,1,10750579.85,0
2977,8593306367,Choudhary,755,Jaipur Gramin,Male,39,4,10319394.4,1,1,1,13567544.45,0
2978,8480500121,Saini,486,Jaipur City,Female,45,9,11165200.5,3,1,0,16608603.05,1
2979,8303066725,Maheshwari,576,Jaipur Gramin,Female,35,1,8678273.05,1,0,1,14304297.25,0
2980,8661758057,Meena,650,Jaipur Gramin,Male,40,1,13163367.75,1,1,1,11734463.35,0
2981,8401665868,Jain,900,Jaipur City,Female,41,3,8495404.05,2,1,0,6050241.35,0
2982,8049781286,Rathore,619,Jaipur  Urban,Male,39,2,10344867.2,2,1,0,4722285.5,0
2983,8760692187,Singh,511,Jaipur City,Female,43,3,0,2,1,0,2694941.15,0
2984,8682576697,Agarwal,508,Jaipur  Urban,Male,35,8,11796534.6,1,1,1,15820109.05,0
2985,8552996114,Aggarwal,676,Jaipur Gramin,Male,35,9,0,2,1,1,16624323.8,0
2986,8229603415,Paliwal,888,Jaipur Gramin,Male,30,8,11584795.35,1,1,0,4599637.3,0
2987,8848787154,Khandelwal,564,Jaipur  Urban,Male,42,0,9167808.45,2,1,0,10839951.4,0
2988,8840489840,Khandelwal,691,Jaipur  Urban,Female,26,1,9209636.1,1,0,0,5119697.9,1
2989,8967101516,Aggarwal,707,Jaipur Gramin,Male,47,1,7979115.75,3,1,0,13334665.7,1
2990,8211954764,Paliwal,724,Jaipur City,Female,45,1,0,1,1,0,15536649.35,1
2991,8288875961,Aggarwal,469,Jaipur  Urban,Male,19,2,10698117,1,0,0,11023692.5,0
2992,8297789979,Verma,581,Jaipur Gramin,Male,49,8,14680642.4,1,1,0,9678168.85,0
2993,8070025460,Meena,852,Jaipur Gramin,Female,51,5,0,2,0,1,15684602.9,0
2994,8570067521,Rathore,774,Jaipur City,Female,59,8,0,1,1,1,3070623.3,0
2995,8030877053,Saini,630,Jaipur Gramin,Female,39,3,11116888.2,1,0,1,10311865.95,0
2996,8257844181,Verma,522,Jaipur Gramin,Female,29,2,9551223.9,1,1,0,15778614.6,0
2997,8239008460,Meena,755,Jaipur City,Female,45,7,7742740.1,2,1,0,6046315.2,0
2998,8266149433,Agarwal,666,Jaipur Gramin,Female,26,7,9026872.5,1,0,1,2721735.7,0
2999,8399357640,Choudhary,781,Jaipur Gramin,Male,47,5,12126944.05,2,1,0,13834681.6,0
3000,8503164640,Khandelwal,510,Jaipur Gramin,Male,33,1,9590834.75,1,0,1,14890177.6,0
3001,8161849485,Rathore,518,Jaipur Gramin,Female,40,5,0,2,0,1,15053475.35,0
3002,8743064444,Aggarwal,715,Jaipur City,Female,43,4,0,2,1,1,5644541.45,0
3003,8020239727,Sharma,823,Jaipur  Urban,Female,32,2,8868596.55,2,0,0,5062583.85,0
3004,8201710675,Singh,576,Jaipur Gramin,Male,55,6,8865987.9,1,0,1,14938767.85,0
3005,8310910094,Rathore,595,Jaipur  Urban,Male,47,5,11915903.5,2,1,1,14816460.5,0
3006,8284854623,Jat,700,Jaipur Gramin,Male,39,4,0,2,1,0,14595928.85,0
3007,8173380128,Jain,776,Jaipur Gramin,Female,45,1,9771525.2,1,1,0,16095803.15,1
3008,8057101200,Paliwal,602,Jaipur Gramin,Male,33,5,13999872.3,1,0,1,15360868.5,1
3009,8567945367,Meena,815,Jaipur Gramin,Male,62,10,10123206.75,1,0,1,9943120.65,0
3010,8586275997,Gupta,541,Jaipur Gramin,Male,31,1,0,2,1,1,15733962.4,0
3011,8631424445,Agarwal,679,Jaipur Gramin,Male,47,2,0,1,1,0,2978992.45,1
3012,8982133388,Choudhary,511,Jaipur City,Male,30,8,0,1,1,0,3081335,0
3013,8905784253,Agarwal,899,Jaipur Gramin,Female,41,9,9814548.8,1,1,0,8769832.5,0
3014,8569062138,Rathore,445,Jaipur Gramin,Female,27,4,0,2,1,0,10424577.65,0
3015,8959352110,Khandelwal,634,Jaipur City,Male,43,3,15718761.85,1,1,0,10449693.45,0
3016,8086422127,Paliwal,689,Jaipur  Urban,Male,43,8,7306419.8,2,1,0,744378.15,0
3017,8174236303,Gupta,836,Jaipur Gramin,Male,32,10,9697191,1,0,1,10691494.65,0
3018,8011712961,Jat,588,Jaipur City,Female,29,2,14189114.6,2,1,0,10411457.05,0
3019,8961098975,Saini,586,Jaipur Gramin,Female,27,8,0,1,1,0,1705642.3,0
3020,8680173610,Sharma,572,Jaipur Gramin,Male,29,7,0,2,1,1,4715217.75,0
3021,8845129991,Gupta,565,Jaipur Gramin,Female,38,6,9111474.7,2,0,0,3311849.9,0
3022,8399892211,Meena,696,Jaipur Gramin,Male,36,3,9883385.2,1,1,1,5422643,0
3023,8030479362,Aggarwal,658,Jaipur City,Female,27,7,0,2,1,1,13860136.55,0
3024,8936912508,Jat,622,Jaipur Gramin,Male,39,2,7740827.6,1,1,0,2259188.65,0
3025,8298063115,Sharma,658,Jaipur  Urban,Male,41,5,10459182.85,1,0,1,430674.6,0
3026,8590738003,Singh,791,Jaipur Gramin,Female,39,6,0,2,1,1,11942301.95,0
3027,8471694351,Choudhary,582,Jaipur Gramin,Male,40,7,0,2,0,0,12423343.3,0
3028,8606731597,Aggarwal,809,Jaipur Gramin,Female,42,3,11711440.25,1,0,0,16941876.15,0
3029,8175087055,Rathore,716,Jaipur  Urban,Female,48,2,9190961.6,2,1,1,8835271.45,0
3030,8702848058,Gupta,606,Jaipur City,Male,39,10,8952007.05,2,1,0,11731815.6,0
3031,8761500660,Khandelwal,691,Jaipur Gramin,Male,20,1,6848427.05,1,0,0,5832868.3,0
3032,8183879856,Sharma,694,Jaipur Gramin,Female,22,4,14862495.65,1,1,1,2392670.1,0
3033,8870287422,Jain,474,Jaipur City,Female,45,3,7578509.9,3,1,0,11489429.6,1
3034,8537297853,Verma,824,Jaipur Gramin,Female,85,10,0,2,1,1,9905726.6,0
3035,8884677610,Jain,804,Jaipur Gramin,Male,36,2,7633011.9,1,1,1,9003428.65,0
3036,8038404656,Saini,860,Jaipur  Urban,Male,45,9,8602658.75,1,0,0,7497945.2,1
3037,8134604082,Jain,671,Jaipur Gramin,Male,43,1,9017345.7,2,1,0,2286553.55,0
3038,8296541429,Singh,712,Jaipur Gramin,Male,21,1,0,2,1,1,296991.7,0
3039,8643040544,Saini,773,Jaipur Gramin,Male,47,9,0,2,1,0,9618869.45,0
3040,8940459805,Jat,875,Jaipur City,Female,26,8,8622430.6,2,1,1,1642582.5,0
3041,8874900410,Choudhary,739,Jaipur Gramin,Male,38,4,0,2,1,0,16122689.5,0
3042,8786312523,Jat,685,Jaipur Gramin,Male,34,7,9061317.9,2,1,1,2242955.35,0
3043,8610358798,Verma,882,Jaipur  Urban,Female,29,10,11085717,2,0,0,9033506.75,0
3044,8518280017,Meena,643,Jaipur Gramin,Female,38,1,0,1,1,0,3826307.3,0
3045,8206804222,Choudhary,659,Jaipur City,Male,29,2,3826889.55,1,1,1,14747140.45,0
3046,8738003547,Jain,625,Jaipur  Urban,Male,27,1,6315366.55,1,1,1,4469466.6,0
3047,8543159805,Khandelwal,670,Jaipur  Urban,Female,31,3,11305257.55,1,0,1,12438837.95,1
3048,8821634838,Agarwal,821,Jaipur City,Male,48,7,0,2,1,1,15521847.45,0
3049,8397518541,Meena,820,Jaipur City,Female,37,1,11618621.1,1,1,0,16820705.25,0
3050,8656396893,Choudhary,618,Jaipur Gramin,Male,32,4,0,2,1,1,529178.55,0
3051,8481816288,Choudhary,829,Jaipur Gramin,Female,44,5,0,2,1,1,10538118.1,1
3052,8431341356,Verma,794,Jaipur Gramin,Male,53,1,8714231.45,1,1,1,14466609,0
3053,8689212221,Rathore,608,Jaipur Gramin,Male,35,2,0,2,1,1,9706175.5,0
3054,8705779150,Jain,601,Jaipur Gramin,Female,34,5,0,2,1,0,2296918.45,0
3055,8948399302,Verma,528,Jaipur City,Male,67,1,7512470.85,1,0,1,5053845,0
3056,8482694414,Choudhary,854,Jaipur Gramin,Male,44,4,9779177.75,2,1,0,14028264.85,0
3057,8854396915,Sharma,702,Jaipur Gramin,Male,58,1,8907705.9,1,1,1,13105419.85,0
3058,8324829929,Meena,696,Jaipur Gramin,Male,33,1,10461976.8,1,1,0,11471683.3,0
3059,8436740653,Verma,696,Jaipur City,Female,58,8,0,2,1,1,5585222.5,0
3060,8330987583,Rathore,637,Jaipur Gramin,Female,33,8,0,2,0,0,9976808.7,0
3061,8260631781,Paliwal,563,Jaipur Gramin,Female,43,7,0,2,1,1,6604771.15,0
3062,8612582317,Gupta,581,Jaipur  Urban,Male,33,3,7506475.8,2,1,1,15100367.3,0
3063,8701550519,Jat,578,Jaipur Gramin,Female,40,9,0,3,1,1,5181128.25,0
3064,8428820728,Choudhary,611,Jaipur Gramin,Male,32,7,6109136.15,1,1,1,12913616.5,0
3065,8200209653,Jain,487,Jaipur City,Male,35,6,9353989.05,2,1,0,2237092.05,0
3066,8182600619,Agarwal,484,Jaipur Gramin,Male,42,8,8876556.8,1,1,1,12542405.35,0
3067,8799065674,Gupta,484,Jaipur Gramin,Female,28,5,0,2,1,0,10703044.45,0
3068,8719280284,Saini,847,Jaipur  Urban,Male,31,10,11785548.35,1,1,0,16218286.45,0
3069,8554075837,Khandelwal,664,Jaipur Gramin,Female,31,7,8718878.4,1,1,1,938700.9,0
3070,8334685144,Khandelwal,679,Jaipur Gramin,Male,43,7,11711362.9,2,1,1,10123504.25,1
3071,8444851763,Maheshwari,689,Jaipur City,Male,32,2,0,2,1,0,11949229.45,0
3072,8091238325,Maheshwari,838,Jaipur Gramin,Male,32,7,0,2,0,1,3207215.75,0
3073,8568949847,Aggarwal,768,Jaipur Gramin,Female,30,8,8942810.9,1,1,0,157469.3,0
3074,8166700344,Rathore,517,Jaipur  Urban,Female,32,0,9313467.85,2,1,1,14624236.4,0
3075,8739948370,Agarwal,617,Jaipur  Urban,Female,44,6,10090848.1,1,1,0,11355244.35,1
3076,8833776705,Paliwal,547,Jaipur Gramin,Male,35,10,0,2,1,1,16383850.3,0
3077,8037331605,Paliwal,694,Jaipur  Urban,Female,43,2,13038420.3,2,1,1,16475402.95,0
3078,8157228051,Aggarwal,584,Jaipur  Urban,Male,33,6,11271285.6,1,1,0,4740936.2,0
3079,8949714976,Rathore,512,Jaipur City,Female,36,6,0,2,1,1,8693824.65,0
3080,8793804615,Jain,788,Jaipur  Urban,Female,34,1,10998830.85,2,0,0,3822062.4,0
3081,8441055000,Sharma,442,Jaipur City,Male,28,3,0,2,1,0,14506186.7,0
3082,8364886573,Jain,712,Jaipur Gramin,Male,29,2,12864982.9,1,0,0,16757400.65,0
3083,8325138504,Jat,460,Jaipur Gramin,Female,44,5,11631101.65,1,1,0,16350591.5,1
3084,8397432673,Gupta,439,Jaipur Gramin,Male,40,4,7785325.1,1,1,0,12002865.3,1
3085,8955956024,Meena,804,Jaipur Gramin,Female,30,8,0,2,1,0,8547347.55,0
3086,8228527446,Paliwal,761,Jaipur Gramin,Female,54,3,0,1,1,0,11118470.9,1
3087,8547210372,Khandelwal,739,Jaipur Gramin,Female,22,8,0,2,1,1,7871593.3,0
3088,8770722870,Rathore,407,Jaipur Gramin,Male,36,2,14070583.8,2,1,1,10536330.55,0
3089,8173006908,Jain,526,Jaipur  Urban,Male,25,5,5311050.75,1,1,1,8734466.55,0
3090,8947924824,Meena,772,Jaipur Gramin,Male,40,8,5793225.15,1,1,0,8064515.25,0
3091,8235505159,Jat,761,Jaipur City,Female,43,3,4747533.05,2,0,1,8059007.25,1
3092,8675905807,Choudhary,667,Jaipur Gramin,Male,37,2,0,2,0,1,5766468.85,0
3093,8511047925,Saini,679,Jaipur Gramin,Female,31,2,6765101.55,1,0,0,344298.45,0
3094,8133436591,Gupta,632,Jaipur City,Male,41,5,8574864.6,1,0,1,11446546.25,0
3095,8449335276,Jat,456,Jaipur  Urban,Female,25,3,14818079.75,2,0,0,15440006.05,0
3096,8845691507,Jat,830,Jaipur Gramin,Male,19,7,12188193.35,1,1,0,2829041.4,0
3097,8224210236,Jain,616,Jaipur  Urban,Male,59,8,7770339.6,1,0,0,2377025,1
3098,8424176320,Sharma,451,Jaipur  Urban,Male,30,3,11421145.7,1,1,0,5809200.05,0
3099,8832693378,Aggarwal,527,Jaipur Gramin,Female,24,3,0,2,1,1,16843690.95,0
3100,8358110309,Paliwal,715,Jaipur City,Male,60,8,7546878.85,1,1,1,16732964,0
3101,8685617461,Saini,852,Jaipur  Urban,Male,35,3,8229229.1,2,1,1,10243437.55,0
3102,8766684941,Gupta,796,Jaipur  Urban,Male,32,9,13657834.85,1,1,0,2625339.75,0
3103,8628274467,Choudhary,648,Jaipur Gramin,Female,29,3,0,2,1,0,233213.65,0
3104,8342468305,Choudhary,666,Jaipur Gramin,Female,47,10,0,2,1,0,14261182.7,0
3105,8663534062,Verma,511,Jaipur  Urban,Male,31,5,12370662.85,1,1,0,11254394.4,0
3106,8717417832,Jat,694,Jaipur Gramin,Female,28,4,0,2,1,1,12275969.45,1
3107,8883155281,Rathore,545,Jaipur Gramin,Female,45,6,0,2,1,1,15402382.5,0
3108,8693967426,Sharma,596,Jaipur City,Female,30,2,10146459.35,1,1,1,15531728.7,1
3109,8883728393,Saini,552,Jaipur City,Female,28,1,0,2,1,1,10274861.2,0
3110,8410685488,Jain,900,Jaipur  Urban,Female,47,10,11422429.2,1,0,0,2279095.65,1
3111,8304256486,Choudhary,535,Jaipur  Urban,Female,74,8,9765542.9,2,1,1,5672273.55,1
3112,8521869934,Gupta,628,Jaipur  Urban,Male,42,1,12693260.8,2,1,0,8570908.7,0
3113,8166642394,Verma,718,Jaipur Gramin,Female,40,7,8930247.9,3,1,0,9164301.35,1
3114,8692993592,Khandelwal,624,Jaipur Gramin,Male,32,7,0,2,1,1,2946592.15,0
3115,8802181914,Paliwal,623,Jaipur Gramin,Female,40,10,0,1,1,1,12502976.4,1
3116,8609876938,Gupta,553,Jaipur Gramin,Male,21,4,0,1,1,1,3140099.75,0
3117,8348948080,Sharma,784,Jaipur Gramin,Female,39,7,13180338,1,1,1,1399165.45,0
3118,8509825156,Rathore,745,Jaipur City,Male,43,3,7547858.9,1,0,0,3876903.55,0
3119,8072019526,Verma,421,Jaipur Gramin,Male,33,6,0,2,1,0,15721099.35,0
3120,8816154706,Khandelwal,696,Jaipur  Urban,Female,51,5,12166888.95,1,0,0,4062611.55,1
3121,8432257080,Verma,588,Jaipur City,Female,23,7,0,2,1,0,16727141.5,0
3122,8589197687,Aggarwal,641,Jaipur  Urban,Male,27,3,9097339.2,1,1,0,14741182.8,0
3123,8544647516,Saini,691,Jaipur Gramin,Male,29,4,11961279.05,1,1,0,3078800.3,0
3124,8412782862,Verma,650,Jaipur Gramin,Male,30,8,6881988.45,2,1,0,14852747,0
3125,8144115170,Singh,792,Jaipur Gramin,Male,39,6,15179764.1,1,1,0,5706160.5,1
3126,8368887918,Aggarwal,763,Jaipur City,Female,26,4,11550576.05,1,1,1,14083822.55,0
3127,8001035108,Aggarwal,667,Jaipur Gramin,Male,43,7,11468187.25,1,1,0,16548815.75,0
3128,8434977654,Sharma,811,Jaipur  Urban,Male,33,8,9786078.9,1,0,0,11009667.5,1
3129,8755453085,Singh,878,Jaipur City,Female,34,6,11746161.05,2,0,1,12453452,0
3130,8894348819,Meena,637,Jaipur  Urban,Male,37,9,11179156.65,2,1,1,4398935.3,0
3131,8002074242,Gupta,834,Jaipur City,Female,56,5,0,1,1,0,3010588.65,1
3132,8066564424,Paliwal,658,Jaipur  Urban,Female,39,3,10789558.3,2,0,1,4929637.9,0
3133,8240113785,Rathore,618,Jaipur Gramin,Male,39,4,11365102.65,1,1,1,9192983.75,0
3134,8716247080,Agarwal,698,Jaipur Gramin,Female,27,1,8320922,1,1,0,14122323.3,0
3135,8127448230,Gupta,713,Jaipur Gramin,Male,34,5,10871502.55,1,1,0,8647713,0
3136,8458107801,Verma,713,Jaipur Gramin,Male,37,10,12226014.95,1,0,1,2832770.35,0
3137,8822577793,Rathore,608,Jaipur Gramin,Male,44,0,0,2,1,1,6896907.65,0
3138,8898194454,Choudhary,677,Jaipur Gramin,Male,48,10,0,1,1,0,11914719.45,1
3139,8018311446,Meena,787,Jaipur Gramin,Male,60,2,0,1,1,1,14153646.65,1
3140,8090442490,Choudhary,654,Jaipur Gramin,Female,40,3,11015725.45,1,1,1,8774771,0
3141,8496691668,Singh,664,Jaipur City,Male,30,4,0,2,1,0,10262563.4,0
3142,8156446095,Maheshwari,732,Jaipur  Urban,Female,24,2,9384632.4,2,0,0,1345756.55,1
3143,8655163404,Choudhary,716,Jaipur Gramin,Female,76,7,0,2,0,1,16045658.25,0
3144,8337310619,Jain,623,Jaipur  Urban,Female,41,8,12071339.6,2,1,0,9717511.1,0
3145,8314846106,Saini,658,Jaipur City,Male,55,1,6916455.95,1,0,1,15430393.4,0
3146,8457004850,Gupta,458,Jaipur  Urban,Female,48,2,5893004.95,1,0,0,8724444.2,1
3147,8619257663,Agarwal,538,Jaipur Gramin,Female,28,8,9924217.5,2,1,1,13479739.45,1
3148,8979965136,Jain,782,Jaipur City,Male,44,6,7128978.05,1,1,0,15191390.4,0
3149,8217714213,Maheshwari,658,Jaipur Gramin,Female,39,6,11109065.65,2,1,1,13086207.3,1
3150,8286875328,Sharma,652,Jaipur City,Female,34,8,9983374.95,1,1,0,5556863.1,0
3151,8256552337,Agarwal,568,Jaipur  Urban,Female,35,9,17583846.3,2,0,1,8753822.75,0
3152,8900191422,Choudhary,703,Jaipur Gramin,Female,39,3,9494127.7,1,0,0,11614726.4,0
3153,8467086386,Verma,653,Jaipur Gramin,Female,40,9,11669247.1,4,1,0,6550408.55,1
3154,8183233928,Khandelwal,722,Jaipur Gramin,Female,29,6,12683563.15,1,1,1,818805.85,0
3155,8860947084,Meena,662,Jaipur Gramin,Male,51,7,0,2,0,1,3697190.6,0
3156,8445830823,Paliwal,649,Jaipur City,Male,32,7,0,2,1,1,2062718.8,0
3157,8652033846,Jat,710,Jaipur  Urban,Female,41,8,11109609.65,1,1,0,5045110.4,1
3158,8327716558,Agarwal,569,Jaipur City,Male,34,5,0,2,0,0,2402938.1,0
3159,8172095402,Paliwal,652,Jaipur Gramin,Female,31,3,14275705.8,1,1,0,12168798.9,0
3160,8999439659,Paliwal,881,Jaipur Gramin,Male,23,4,11156658.85,1,1,0,1716940.5,0
3161,8502016195,Choudhary,589,Jaipur Gramin,Male,28,5,0,2,1,1,4131588.2,0
3162,8573297056,Meena,444,Jaipur City,Male,34,9,0,2,0,1,7566161.95,0
3163,8012505751,Rathore,610,Jaipur City,Male,34,7,7365771.05,1,0,1,5090674.65,0
3164,8653815203,Gupta,659,Jaipur  Urban,Female,37,8,9752667.1,1,1,1,9065749.8,1
3165,8040457970,Paliwal,678,Jaipur Gramin,Female,38,5,0,2,1,0,13297362.6,0
3166,8716009087,Aggarwal,661,Jaipur Gramin,Female,39,6,0,1,1,0,2054997.4,0
3167,8252513896,Maheshwari,546,Jaipur  Urban,Male,62,4,10184473.05,1,0,1,3698103.5,1
3168,8147267081,Saini,644,Jaipur Gramin,Female,48,7,11118594.15,2,1,1,11220497.25,1
3169,8040371555,Meena,690,Jaipur Gramin,Female,49,0,0,1,1,1,6842220.35,1
3170,8368414867,Verma,692,Jaipur City,Male,40,5,0,2,1,0,7560542.6,0
3171,8584689661,Singh,900,Jaipur  Urban,Female,35,2,6879198.75,1,0,0,1074371.95,1
3172,8372665320,Verma,858,Jaipur Gramin,Female,56,3,0,3,1,1,8011093.6,1
3173,8877094252,Meena,678,Jaipur  Urban,Male,32,1,11235186.95,1,0,0,1008589.6,0
3174,8840653163,Verma,462,Jaipur Gramin,Female,27,3,0,2,1,0,12023238.1,0
3175,8487178186,Paliwal,572,Jaipur City,Male,43,6,0,2,1,1,12703913.85,0
3176,8369876619,Gupta,583,Jaipur Gramin,Female,35,7,14005366.7,3,1,0,10184211.25,1
3177,8717092541,Verma,746,Jaipur  Urban,Male,29,1,9114877.25,2,1,0,2118618.2,0
3178,8064283025,Agarwal,514,Jaipur Gramin,Female,27,7,14979300.95,2,0,1,11855930.05,0
3179,8853120491,Aggarwal,530,Jaipur Gramin,Female,39,4,9345698.15,2,1,1,3507835.25,0
3180,8660068335,Verma,542,Jaipur Gramin,Female,34,5,0,2,1,1,114869.85,0
3181,8161886436,Aggarwal,694,Jaipur Gramin,Female,60,10,10007798.85,1,1,0,12536629.6,1
3182,8485176894,Khandelwal,570,Jaipur City,Female,37,9,11329858.25,1,1,0,9449882.65,0
3183,8702762835,Choudhary,683,Jaipur Gramin,Female,43,1,13640340.15,1,1,1,8156866.9,0
3184,8068811288,Sharma,643,Jaipur Gramin,Male,43,6,0,2,1,0,3665960.75,0
3185,8145907979,Gupta,680,Jaipur  Urban,Male,55,9,13123441.55,1,1,1,11702371.6,1
3186,8390051220,Maheshwari,662,Jaipur  Urban,Female,45,9,9420336.65,1,1,1,13037600.9,1
3187,8621942552,Paliwal,644,Jaipur  Urban,Female,36,10,12388788.25,2,1,1,8216164.6,0
3188,8024794122,Sharma,499,Jaipur City,Female,45,8,9268765.5,1,0,1,9844543.6,0
3189,8627266879,Paliwal,841,Jaipur Gramin,Female,32,4,6389495.9,1,1,1,3221372.5,0
3190,8077258440,Choudhary,710,Jaipur Gramin,Female,42,2,0,2,1,0,12343949.05,0
3191,8646869117,Paliwal,582,Jaipur Gramin,Female,28,6,8992651.5,1,1,1,3503622.65,0
3192,8784996657,Khandelwal,588,Jaipur Gramin,Male,32,5,0,2,1,0,5036235.55,0
3193,8784467645,Gupta,545,Jaipur City,Male,66,8,0,2,1,1,9923547.7,0
3194,8336412158,Meena,671,Jaipur Gramin,Female,49,1,0,1,1,0,9881226.2,1
3195,8571483224,Meena,708,Jaipur Gramin,Female,26,3,10038318.95,1,1,0,5206915.55,0
3196,8808394082,Aggarwal,716,Jaipur  Urban,Male,29,0,14678950.9,1,0,0,12052913.3,0
3197,8985786995,Choudhary,612,Jaipur Gramin,Male,36,4,11002425.5,2,1,0,8724259.75,0
3198,8150353247,Aggarwal,599,Jaipur City,Male,36,4,0,2,0,0,1122897.6,0
3199,8087364272,Khandelwal,533,Jaipur Gramin,Male,23,1,8200052,1,1,0,3021832.45,0
3200,8194509837,Saini,538,Jaipur Gramin,Female,46,1,0,1,1,1,8879870.1,1
3201,8881272064,Verma,642,Jaipur City,Male,24,4,11916760.3,1,1,1,12149545.55,0
3202,8581944528,Jat,746,Jaipur Gramin,Male,20,6,0,2,1,0,16616333.8,0
3203,8848556474,Saini,557,Jaipur Gramin,Female,33,4,11555432.1,1,1,0,5369450,0
3204,8550840135,Verma,743,Jaipur Gramin,Male,69,3,0,2,1,1,4957205.1,0
3205,8341144388,Gupta,536,Jaipur  Urban,Male,50,3,6909651.7,3,0,1,15108497.55,1
3206,8117059972,Aggarwal,900,Jaipur Gramin,Female,42,8,0,1,1,0,1668774.4,1
3207,8226255464,Maheshwari,498,Jaipur  Urban,Male,60,9,9665805.6,1,1,0,1566060.4,1
3208,8772537826,Gupta,680,Jaipur City,Male,56,2,14355061.8,1,0,1,1606311.3,0
3209,8935223442,Khandelwal,608,Jaipur  Urban,Male,36,8,12190847.9,1,1,0,8319716.7,0
3210,8097899016,Jain,510,Jaipur Gramin,Male,26,7,13059773.15,1,1,1,5371819.8,0
3211,8917196381,Jain,607,Jaipur City,Female,53,1,9293055.1,1,1,1,6448100.85,0
3212,8514308529,Jain,703,Jaipur  Urban,Female,27,1,9783149.8,2,0,0,6682909.1,0
3213,8592009359,Khandelwal,613,Jaipur Gramin,Male,35,10,0,1,1,1,2005849.55,1
3214,8226156832,Maheshwari,872,Jaipur City,Male,46,1,15578487.2,1,1,1,1144122.95,0
3215,8881001857,Paliwal,566,Jaipur Gramin,Male,33,9,5796466.2,1,1,0,1699856.35,0
3216,8240140269,Gupta,751,Jaipur Gramin,Female,32,8,0,2,0,0,15731428.55,0
3217,8642580736,Verma,575,Jaipur  Urban,Male,31,6,11877010.9,1,0,1,11544307.3,0
3218,8661323097,Khandelwal,598,Jaipur City,Female,56,4,8361053.05,1,1,1,3761363.05,0
3219,8690734777,Jain,676,Jaipur Gramin,Male,36,10,0,2,1,0,11589711.75,0
3220,8902446424,Maheshwari,486,Jaipur  Urban,Female,37,10,10408587.45,2,1,1,4478989.15,0
3221,8830260623,Choudhary,571,Jaipur  Urban,Male,30,7,11234824.85,2,0,0,7970197.55,0
3222,8065172686,Khandelwal,546,Jaipur City,Female,24,2,0,2,0,1,16818656.75,0
3223,8086889305,Singh,509,Jaipur Gramin,Male,30,1,0,2,1,0,10779092.25,0
3224,8144935854,Paliwal,811,Jaipur City,Male,39,2,8869703.25,1,0,0,6757759.25,0
3225,8760612011,Verma,654,Jaipur  Urban,Female,41,2,11804888.4,1,1,0,11044605.05,1
3226,8801362383,Jain,900,Jaipur  Urban,Female,32,0,9942357.35,1,0,0,14883042.7,0
3227,8122474765,Rathore,604,Jaipur  Urban,Male,35,1,8954412.55,2,1,1,11082257.5,0
3228,8574653660,Meena,709,Jaipur Gramin,Male,26,9,11612971.15,1,1,0,13024380,0
3229,8562703511,Maheshwari,580,Jaipur Gramin,Female,29,10,0,2,1,1,9459297.25,0
3230,8859216494,Meena,581,Jaipur Gramin,Female,66,5,0,1,1,0,4212037.3,1
3231,8433607862,Saini,695,Jaipur Gramin,Female,33,6,0,2,1,1,8331347.25,0
3232,8377171342,Meena,655,Jaipur Gramin,Male,36,6,10577869.2,1,1,0,7520912.2,0
3233,8147308370,Verma,551,Jaipur Gramin,Female,34,5,5864971.1,2,1,1,5684737.95,0
3234,8593129543,Agarwal,594,Jaipur City,Male,36,6,7290315.7,1,1,1,2108235.45,0
3235,8665044250,Aggarwal,512,Jaipur Gramin,Male,47,1,0,1,1,0,1811533.6,1
3236,8749447241,Verma,701,Jaipur City,Male,34,9,8553380,2,1,1,16172421.3,0
3237,8785647970,Paliwal,688,Jaipur City,Female,32,0,0,1,1,1,6194233.05,0
3238,8093386454,Singh,842,Jaipur City,Male,38,7,0,2,0,1,4909995.25,0
3239,8494125552,Verma,690,Jaipur Gramin,Male,54,6,0,1,1,0,9373276.4,1
3240,8057593159,Khandelwal,794,Jaipur City,Female,19,6,0,2,1,0,4717514.45,0
3241,8783561691,Maheshwari,576,Jaipur Gramin,Male,50,0,10680025.6,1,1,0,4890991.8,1
3242,8083521046,Jat,625,Jaipur  Urban,Female,31,8,8531908.15,1,1,1,7682662.1,0
3243,8529021507,Maheshwari,373,Jaipur Gramin,Female,36,10,0,1,0,0,10259019.75,0
3244,8957612941,Aggarwal,858,Jaipur Gramin,Male,24,7,14613431.2,1,0,1,15132461.6,0
3245,8319667646,Rathore,637,Jaipur  Urban,Female,32,2,12478934.15,2,1,1,15384174.65,0
3246,8951124340,Meena,497,Jaipur  Urban,Female,45,3,9267739.55,1,0,1,13209612.85,1
3247,8015855977,Aggarwal,646,Jaipur Gramin,Male,57,6,0,1,1,0,2862500.8,1
3248,8238835804,Meena,829,Jaipur City,Male,25,7,0,1,1,0,7621633.8,0
3249,8784368960,Saini,499,Jaipur Gramin,Male,35,5,10935555.15,1,1,0,10842452.1,0
3250,8250290499,Aggarwal,761,Jaipur Gramin,Male,37,3,6832963.85,1,0,1,6568172.7,0
3251,8317720959,Jain,613,Jaipur Gramin,Male,58,8,0,2,0,1,9151582.8,1
3252,8735138366,Paliwal,900,Jaipur  Urban,Male,43,0,9223249.7,3,1,0,15643808,1
3253,8590148319,Paliwal,649,Jaipur Gramin,Male,31,10,13258144.45,1,1,0,7778410.35,0
3254,8534366944,Meena,582,Jaipur Gramin,Female,38,5,0,1,1,1,7425902.6,0
3255,8243564400,Rathore,542,Jaipur  Urban,Male,50,4,10299922.6,1,1,0,9987930.95,1
3256,8305342809,Jain,488,Jaipur Gramin,Female,29,4,7594704.95,2,0,0,15353267.8,0
3257,8038648934,Sharma,762,Jaipur City,Male,38,7,7321195.35,2,0,0,7945711.6,0
3258,8367688918,Gupta,728,Jaipur Gramin,Female,58,3,8699483.1,1,1,1,9747174.4,0
3259,8033547455,Gupta,718,Jaipur  Urban,Female,36,7,10307407.7,1,1,1,1137969.8,0
3260,8064882335,Rathore,889,Jaipur Gramin,Male,31,2,0,2,1,0,14725444.2,0
3261,8673548147,Jat,706,Jaipur City,Female,33,2,0,1,0,0,2342360.3,1
3262,8784978638,Sharma,617,Jaipur Gramin,Male,51,3,0,2,1,1,471951.45,0
3263,8902218508,Saini,493,Jaipur  Urban,Male,48,6,12726716.8,1,0,0,7506168.95,1
3264,8204778689,Rathore,416,Jaipur Gramin,Male,43,2,0,2,1,0,2879737.1,1
3265,8636093819,Jain,766,Jaipur Gramin,Male,35,5,13708294.25,2,1,0,15421538.95,0
3266,8141510034,Gupta,386,Jaipur Gramin,Female,33,2,0,2,1,0,8725701.35,0
3267,8078848663,Khandelwal,524,Jaipur City,Male,30,1,8766744.45,1,1,1,8207210.7,0
3268,8387094252,Gupta,728,Jaipur  Urban,Female,40,3,9318417.4,1,1,0,16096112.55,0
3269,8661400151,Gupta,708,Jaipur Gramin,Male,54,5,0,1,1,0,1092046.85,1
3270,8103743498,Jain,677,Jaipur  Urban,Male,33,7,8269323.6,2,1,0,12191833.05,0
3271,8509319354,Choudhary,900,Jaipur Gramin,Female,33,7,10030362.1,1,1,0,15638624.7,0
3272,8141736661,Rathore,581,Jaipur City,Male,32,9,7270460.55,1,0,0,14376665.4,0
3273,8257041422,Verma,754,Jaipur Gramin,Female,59,4,0,1,1,1,13886097.25,1
3274,8163105545,Maheshwari,552,Jaipur City,Female,43,4,8086937.4,2,1,0,10470422.4,1
3275,8368483624,Saini,635,Jaipur Gramin,Female,31,6,0,1,1,1,1398046,1
3276,8390564795,Gupta,670,Jaipur Gramin,Male,25,3,0,2,0,1,14785614,0
3277,8996373064,Maheshwari,833,Jaipur  Urban,Female,54,1,6451571.4,1,1,1,16333146.1,0
3278,8743990323,Paliwal,828,Jaipur Gramin,Female,41,2,10762637.95,1,1,0,16849072.3,0
3279,8025788031,Khandelwal,648,Jaipur Gramin,Male,44,7,9505844.95,1,1,0,5712232.9,0
3280,8812948507,Meena,662,Jaipur City,Male,37,7,0,2,1,0,5847144.05,0
3281,8868932160,Rathore,580,Jaipur Gramin,Female,57,3,20262942.6,1,0,1,12577024.15,1
3282,8545901584,Singh,810,Jaipur Gramin,Female,32,2,9239411.6,2,1,1,13690927.05,0
3283,8185415006,Jain,581,Jaipur Gramin,Female,39,2,9578453.65,1,1,1,10858716.85,0
3284,8458372523,Choudhary,642,Jaipur  Urban,Female,48,4,6932335.65,2,1,0,16312721.45,0
3285,8255983241,Paliwal,857,Jaipur Gramin,Male,48,9,11610732.25,1,1,1,15792311.5,0
3286,8397211454,Rathore,762,Jaipur  Urban,Female,43,9,8398633.25,1,0,0,15688453.4,1
3287,8301120740,Saini,694,Jaipur Gramin,Female,31,1,0,2,0,1,11087965.25,0
3288,8367527677,Khandelwal,712,Jaipur Gramin,Male,37,1,0,2,1,1,7043741.75,0
3289,8379472860,Choudhary,648,Jaipur Gramin,Female,30,6,9137474.5,1,1,1,15948738.7,0
3290,8187522257,Saini,808,Jaipur City,Female,23,8,0,2,1,0,4824582.15,0
3291,8662412718,Paliwal,763,Jaipur Gramin,Female,30,9,0,2,1,0,2905328.05,0
3292,8109220582,Rathore,712,Jaipur Gramin,Female,28,8,0,2,1,1,13476346.25,0
3293,8600217328,Verma,475,Jaipur Gramin,Female,41,1,14962044.25,2,1,0,15498728.3,0
3294,8935185989,Paliwal,781,Jaipur Gramin,Female,39,3,0,2,1,1,7154903.9,0
3295,8039365735,Singh,514,Jaipur  Urban,Male,39,0,10848687.7,1,0,1,1886813,1
3296,8307269835,Saini,785,Jaipur City,Female,19,9,0,1,1,0,16119494.35,0
3297,8865002548,Choudhary,562,Jaipur  Urban,Female,26,10,9334628.6,2,1,0,13131768.15,0
3298,8897751979,Choudhary,590,Jaipur City,Female,41,2,11792469.9,1,1,0,7651762.9,0
3299,8487057225,Maheshwari,550,Jaipur  Urban,Male,25,10,9465863.5,2,1,0,16767469.75,0
3300,8821242933,Saini,870,Jaipur Gramin,Male,34,9,0,2,1,1,2714310.1,0
3301,8050128147,Agarwal,692,Jaipur  Urban,Male,28,0,12238980,2,1,0,744233.65,1
3302,8269471054,Rathore,664,Jaipur Gramin,Male,34,5,10101293.75,1,1,1,4489711.05,0
3303,8287724574,Agarwal,592,Jaipur City,Male,35,4,13739208.75,1,1,1,1700719.1,0
3304,8121080889,Jat,638,Jaipur Gramin,Female,44,3,11372480.65,1,1,1,2941606.9,1
3305,8704807016,Rathore,601,Jaipur  Urban,Male,35,8,6082075.55,1,1,0,15077678.25,0
3306,8120462857,Saini,823,Jaipur Gramin,Female,62,8,0,1,1,1,14084724.4,0
3307,8564727279,Sharma,665,Jaipur Gramin,Female,40,3,0,2,1,0,14270573.5,0
3308,8942493948,Khandelwal,566,Jaipur Gramin,Female,38,7,0,2,1,1,11315422.7,0
3309,8712593702,Saini,856,Jaipur Gramin,Female,62,10,5496775.75,2,0,1,11938601.9,0
3310,8962026139,Agarwal,508,Jaipur Gramin,Female,28,2,10298949.35,1,1,1,5094798.85,0
3311,8946324637,Verma,487,Jaipur City,Male,50,3,0,2,1,0,1021427.15,0
3312,8910725668,Khandelwal,496,Jaipur City,Male,72,3,8406760.1,1,1,1,6906355.4,0
3313,8722778742,Saini,677,Jaipur Gramin,Female,31,7,8853501.4,1,1,0,11404437.25,0
3314,8451390530,Saini,701,Jaipur Gramin,Male,54,6,0,2,1,1,8065531,0
3315,8678778609,Verma,610,Jaipur City,Female,63,3,11860044.05,2,1,1,14934173.6,1
3316,8809177386,Saini,512,Jaipur Gramin,Female,25,6,0,2,0,1,8224479.3,0
3317,8821530062,Khandelwal,679,Jaipur Gramin,Male,53,5,5494969.5,1,1,0,10881655.8,1
3318,8680548052,Gupta,815,Jaipur Gramin,Male,71,3,0,2,1,1,12486105.6,1
3319,8073520947,Sharma,635,Jaipur Gramin,Female,40,6,0,2,1,1,11845285.5,0
3320,8161820772,Meena,396,Jaipur Gramin,Male,35,1,10106008.7,1,0,0,248506.85,0
3321,8678964279,Sharma,734,Jaipur Gramin,Male,24,2,0,1,0,1,10304763.35,0
3322,8262150475,Jain,698,Jaipur Gramin,Male,30,9,0,2,1,1,174540.7,0
3323,8233536323,Singh,641,Jaipur Gramin,Female,41,8,5798189.15,1,1,1,542509.1,0
3324,8330254062,Maheshwari,464,Jaipur City,Female,31,1,0,2,1,0,13493761.05,0
3325,8282737032,Saini,850,Jaipur City,Male,47,8,11831660,1,0,1,6292410.6,0
3326,8046378726,Gupta,512,Jaipur Gramin,Female,32,7,0,2,1,1,3748478.75,0
3327,8827093865,Rathore,644,Jaipur  Urban,Male,50,4,10739371.75,1,0,1,1472455,1
3328,8863336828,Saini,842,Jaipur City,Male,40,5,0,2,1,1,14878713.65,0
3329,8308797531,Agarwal,515,Jaipur Gramin,Female,38,2,0,1,1,0,12443052.25,1
3330,8486489878,Paliwal,900,Jaipur Gramin,Female,43,3,0,2,0,0,209593,0
3331,8676299198,Gupta,766,Jaipur Gramin,Male,18,4,0,2,1,1,4062927.75,0
3332,8098271340,Verma,860,Jaipur Gramin,Male,34,5,10988666.55,1,0,0,14072841.4,0
3333,8526053692,Gupta,762,Jaipur Gramin,Male,31,3,10162459.75,1,0,0,6198852.8,0
3334,8146183979,Jain,623,Jaipur  Urban,Female,41,5,7859744.3,1,1,0,3252989.95,0
3335,8147230677,Verma,685,Jaipur Gramin,Male,27,5,0,2,0,0,10275910.95,0
3336,8556038039,Jat,577,Jaipur City,Female,31,6,0,2,1,0,16012062.85,0
3337,8360461746,Meena,708,Jaipur City,Male,36,10,0,2,1,0,4751749.05,0
3338,8687296953,Aggarwal,575,Jaipur City,Male,56,4,8443970.55,1,0,0,384517.9,1
3339,8354048217,Khandelwal,706,Jaipur City,Female,24,3,0,2,1,1,8686588.6,0
3340,8996410589,Gupta,599,Jaipur City,Female,28,4,10780872.15,2,1,0,5171662.65,1
3341,8067226272,Khandelwal,755,Jaipur  Urban,Male,29,5,9322504.2,1,1,1,2171619.95,0
3342,8302626319,Choudhary,742,Jaipur Gramin,Female,29,3,0,1,0,1,11429294.65,0
3343,8299786517,Agarwal,734,Jaipur  Urban,Male,53,6,11452049.15,2,1,1,11279724.4,0
3344,8120876016,Saini,449,Jaipur Gramin,Male,37,3,8366666.45,1,0,0,6434367.4,0
3345,8982266424,Agarwal,558,Jaipur  Urban,Male,33,8,11081306.35,2,1,0,8979606.55,0
3346,8320003645,Khandelwal,670,Jaipur Gramin,Female,31,7,10537871.6,1,1,0,8683068.75,0
3347,8740234225,Sharma,737,Jaipur Gramin,Male,63,4,11736983.6,1,0,1,14167590.9,0
3348,8838044522,Aggarwal,750,Jaipur Gramin,Male,45,1,11037702.2,1,0,0,2058585.25,0
3349,8010029521,Sharma,870,Jaipur Gramin,Male,40,6,11246198.7,1,0,0,9955412.5,0
3350,8140305222,Jat,678,Jaipur  Urban,Female,45,5,13213050.25,2,1,0,4409115.75,1
3351,8694029041,Aggarwal,684,Jaipur City,Male,35,2,10562834.4,2,0,1,7167287.55,0
3352,8905674329,Aggarwal,449,Jaipur  Urban,Female,34,9,14986465.6,1,1,0,13618127.95,0
3353,8232470087,Sharma,589,Jaipur Gramin,Male,40,2,8490345.7,2,1,1,7539091.15,0
3354,8735746885,Verma,490,Jaipur Gramin,Female,31,7,0,2,1,1,520467.75,0
3355,8116596765,Jain,714,Jaipur Gramin,Female,36,2,0,2,0,1,14258710.9,0
3356,8696572262,Khandelwal,672,Jaipur  Urban,Male,24,5,7232590.5,1,1,1,6089230,0
3357,8059971478,Sharma,704,Jaipur  Urban,Male,41,10,11417047.85,2,1,1,16835484.2,0
3358,8021813333,Agarwal,670,Jaipur  Urban,Male,29,5,6408620.05,2,0,1,4667768.2,0
3359,8720517866,Verma,726,Jaipur  Urban,Female,33,5,9925084.5,1,0,0,16206029.45,1
3360,8501889336,Agarwal,767,Jaipur City,Male,60,4,0,1,1,1,4389201.95,0
3361,8848036204,Jain,893,Jaipur Gramin,Male,38,7,9477641.1,1,1,1,10143337.3,0
3362,8542279432,Jat,602,Jaipur  Urban,Female,48,7,6510581.8,2,0,0,10803086.9,0
3363,8726079302,Saini,791,Jaipur Gramin,Female,33,9,13646015.6,2,0,0,7950996.9,0
3364,8542383372,Jain,776,Jaipur  Urban,Male,38,2,11026931,1,1,0,7589610.9,0
3365,8104157881,Singh,688,Jaipur Gramin,Male,47,1,0,2,0,0,9244783.6,0
3366,8840853634,Rathore,685,Jaipur City,Female,34,5,11128966.7,4,1,1,2400251.25,1
3367,8670886690,Verma,648,Jaipur  Urban,Female,74,2,9928021.25,1,1,1,2901086.55,0
3368,8569401312,Jat,577,Jaipur  Urban,Male,40,0,8586405.05,1,0,1,673739.75,1
3369,8952036116,Singh,636,Jaipur Gramin,Male,67,5,0,2,1,1,2323072.95,0
3370,8105969471,Choudhary,724,Jaipur Gramin,Female,33,8,16198165.25,1,1,1,6799756.9,0
3371,8307638622,Jat,718,Jaipur City,Female,47,6,0,1,1,0,4268173.85,1
3372,8063635635,Sharma,770,Jaipur  Urban,Female,43,6,8250753.65,1,0,1,5178202.55,1
3373,8199298849,Maheshwari,662,Jaipur Gramin,Female,37,4,7837725.9,1,0,1,16804483,1
3374,8788526559,Sharma,653,Jaipur Gramin,Male,37,2,15839577.45,2,1,0,7888827.05,0
3375,8532402040,Jain,762,Jaipur City,Male,55,2,8770012.7,1,0,1,13898873.6,0
3376,8944719010,Rathore,812,Jaipur Gramin,Female,58,4,0,1,1,1,5308170.95,1
3377,8541587214,Jat,653,Jaipur  Urban,Female,40,4,6567956.8,2,1,1,9843008.5,1
3378,8016379767,Khandelwal,678,Jaipur  Urban,Female,37,3,9512488.55,1,1,1,9380572.8,1
3379,8606452831,Meena,515,Jaipur  Urban,Male,72,5,8008364.25,1,1,1,6689132.8,0
3380,8940851973,Saini,844,Jaipur City,Female,45,7,0,2,1,1,10912133.4,0
3381,8024293885,Jain,605,Jaipur City,Female,26,3,0,2,1,0,13196132.7,0
3382,8829100396,Sharma,766,Jaipur Gramin,Male,49,6,9075519.7,1,1,0,10497437.95,0
3383,8331332564,Rathore,666,Jaipur  Urban,Female,72,5,11737647.45,2,1,1,8493234.85,0
3384,8506003808,Saini,718,Jaipur  Urban,Male,39,9,11321251.15,2,0,1,4529606.65,0
3385,8241359647,Jat,810,Jaipur Gramin,Female,66,9,0,2,1,1,5747898.9,0
3386,8085786035,Khandelwal,762,Jaipur Gramin,Male,41,7,6301547.25,1,1,1,1001563.5,1
3387,8668423250,Jat,799,Jaipur City,Male,41,6,8432719.1,2,1,0,5304202.3,0
3388,8446502112,Aggarwal,524,Jaipur  Urban,Male,84,8,7840598.9,1,1,1,15830058.3,0
3389,8912102110,Rathore,599,Jaipur  Urban,Male,25,7,9212361.2,1,1,1,6715505.75,0
3390,8131115988,Singh,384,Jaipur City,Female,55,4,7810932.2,1,1,0,12313973.8,1
3391,8602243189,Sharma,689,Jaipur Gramin,Female,32,7,7289424.05,1,1,1,8115885,0
3392,8302662113,Khandelwal,564,Jaipur Gramin,Female,46,3,0,2,0,0,69739.1,0
3393,8087396543,Meena,628,Jaipur  Urban,Male,33,8,8224550.7,1,1,1,14856128.3,0
3394,8362150478,Jat,732,Jaipur Gramin,Male,30,6,0,2,1,1,764249.45,0
3395,8312502861,Meena,439,Jaipur Gramin,Male,29,6,0,2,1,1,237767.95,0
3396,8036625042,Jat,791,Jaipur Gramin,Female,22,5,0,1,1,0,1895769.45,0
3397,8078700650,Sharma,577,Jaipur Gramin,Male,71,4,0,2,1,1,16792776.8,0
3398,8293998973,Saini,864,Jaipur Gramin,Male,33,2,11232772.1,2,1,0,1960777.45,0
3399,8909701902,Gupta,791,Jaipur Gramin,Male,41,9,0,2,0,1,16175000.2,0
3400,8991828357,Saini,634,Jaipur Gramin,Female,31,6,14912718.75,1,1,0,9619209.45,1
3401,8276742387,Jat,691,Jaipur Gramin,Male,31,3,6714162.75,1,1,1,10606056.9,0
3402,8161999432,Agarwal,589,Jaipur Gramin,Female,33,4,9668186.45,1,1,0,10593131.8,0
3403,8347757412,Maheshwari,708,Jaipur Gramin,Female,26,5,13398111.4,1,1,1,4215937.95,0
3404,8987366241,Paliwal,629,Jaipur Gramin,Female,62,7,10638907.7,2,1,1,12869977.5,0
3405,8301083557,Gupta,568,Jaipur Gramin,Female,23,2,0,1,1,0,10451955.3,0
3406,8691201561,Singh,713,Jaipur Gramin,Male,60,9,0,1,1,1,4852562.45,0
3407,8491951313,Gupta,638,Jaipur City,Female,29,7,6878433.75,1,1,0,664766.3,0
3408,8554992219,Maheshwari,638,Jaipur Gramin,Male,40,3,16435163.1,2,1,0,12681014.85,0
3409,8856042486,Meena,878,Jaipur  Urban,Female,40,9,9150159.9,2,1,1,11444312.45,0
3410,8809635762,Rathore,598,Jaipur  Urban,Female,46,7,11200368.4,1,0,0,15723319.55,1
3411,8906761288,Meena,396,Jaipur  Urban,Male,36,1,11814360.8,2,0,0,10401740.7,0
3412,8476841951,Jain,733,Jaipur Gramin,Female,37,8,9681493.2,1,0,0,6818292,0
3413,8223192698,Meena,578,Jaipur  Urban,Male,26,6,9728277.2,1,1,1,1196939.4,0
3414,8533400884,Singh,606,Jaipur Gramin,Male,39,3,0,2,1,0,16948188.25,0
3415,8471363255,Agarwal,668,Jaipur Gramin,Female,37,2,0,2,1,1,651735.8,0
3416,8567086778,Saini,574,Jaipur City,Male,40,6,5406843.2,1,0,0,6372076.85,1
3417,8894441157,Saini,518,Jaipur Gramin,Male,38,9,0,2,0,0,2599635.75,0
3418,8026773069,Paliwal,614,Jaipur Gramin,Female,42,10,6417288.35,1,0,0,12723036.3,0
3419,8053326683,Choudhary,830,Jaipur Gramin,Female,42,2,0,2,1,0,7876447.65,0
3420,8111361209,Jat,689,Jaipur Gramin,Female,26,10,0,2,1,1,11765963.5,0
3421,8665556220,Agarwal,696,Jaipur Gramin,Male,31,1,0,2,1,1,267597,0
3422,8291416362,Choudhary,592,Jaipur Gramin,Female,39,0,10004902.05,1,1,0,16824347.5,0
3423,8587686987,Maheshwari,695,Jaipur  Urban,Male,35,1,11089401.75,2,1,1,3173999.45,0
3424,8413459506,Jain,472,Jaipur City,Male,32,8,3923700.3,1,1,1,6764079,0
3425,8551248658,Sharma,706,Jaipur City,Male,42,5,0,2,0,0,16796194.65,0
3426,8247988372,Maheshwari,803,Jaipur  Urban,Male,43,4,9365515.9,2,1,1,7440672.2,0
3427,8456943737,Jat,577,Jaipur City,Male,49,10,0,2,0,0,3538005.15,0
3428,8415833298,Jat,438,Jaipur Gramin,Male,41,9,9963797.75,1,1,0,14303880.75,0
3429,8433566999,Aggarwal,649,Jaipur Gramin,Female,35,4,0,2,0,0,10708825.3,0
3430,8970906137,Aggarwal,757,Jaipur  Urban,Female,43,9,6725222.95,1,0,0,46624.2,1
3431,8910053036,Verma,630,Jaipur Gramin,Male,37,1,15050885.4,2,1,1,8167525.9,0
3432,8655420653,Maheshwari,442,Jaipur Gramin,Male,36,3,5239142.45,1,0,0,9161930.7,0
3433,8087779703,Verma,828,Jaipur Gramin,Male,26,5,0,1,1,0,1743417.15,0
3434,8885190737,Meena,584,Jaipur  Urban,Female,37,6,8875192.55,1,1,0,16322211.7,0
3435,8904212971,Sharma,710,Jaipur Gramin,Male,66,4,13577221.7,1,1,1,10045992.75,0
3436,8634681699,Gupta,691,Jaipur  Urban,Female,34,4,7602147.55,1,1,1,16110980.75,0
3437,8006191081,Paliwal,565,Jaipur Gramin,Male,41,8,0,1,1,1,5417574.45,0
3438,8320856988,Gupta,720,Jaipur Gramin,Female,32,3,0,1,0,0,8137931.45,0
3439,8994059843,Paliwal,414,Jaipur Gramin,Female,30,3,0,2,1,1,10874831.15,0
3440,8685308971,Aggarwal,775,Jaipur Gramin,Male,36,7,12104065.45,1,1,1,16442288.65,0
3441,8578735084,Aggarwal,746,Jaipur Gramin,Female,47,2,7480969,1,1,1,7705754.9,1
3442,8129209916,Aggarwal,595,Jaipur Gramin,Male,36,2,0,2,1,1,1025728.15,0
3443,8278335610,Agarwal,900,Jaipur  Urban,Female,30,8,13163973.8,1,1,1,4606267.3,0
3444,8091159900,Rathore,596,Jaipur City,Female,46,4,0,2,1,0,4986708.6,1
3445,8979683657,Paliwal,403,Jaipur City,Male,43,5,0,2,1,1,3033431.55,0
3446,8979250584,Maheshwari,672,Jaipur  Urban,Male,28,1,10064191.25,2,1,0,1214559.05,0
3447,8739693534,Verma,659,Jaipur Gramin,Male,37,9,7426864.8,2,1,1,21025.6,0
3448,8950761794,Agarwal,655,Jaipur  Urban,Male,32,8,8958813,1,1,0,6639506.4,1
3449,8397577326,Saini,552,Jaipur City,Female,31,5,10654043.65,1,1,0,6761528.15,0
3450,8754985729,Gupta,732,Jaipur  Urban,Male,49,10,10979014.8,1,1,1,16427671.2,0
3451,8558020600,Jain,496,Jaipur Gramin,Male,40,3,11985379.1,1,1,0,8927419.1,0
3452,8622480472,Singh,608,Jaipur Gramin,Female,21,0,0,2,1,0,9869054.2,0
3453,8008313264,Jat,788,Jaipur Gramin,Male,57,3,7571749.85,1,1,1,4520232.85,1
3454,8020476613,Verma,623,Jaipur  Urban,Male,40,9,8806366.35,2,0,0,11980499.25,0
3455,8451277593,Choudhary,614,Jaipur Gramin,Male,24,1,15529929.25,1,1,1,14606150.1,0
3456,8706634439,Khandelwal,890,Jaipur Gramin,Male,29,8,0,2,1,1,10492149.25,0
3457,8257227874,Saini,736,Jaipur Gramin,Male,33,6,8040870.8,1,0,0,16789171.1,1
3458,8485558810,Maheshwari,668,Jaipur City,Male,36,8,16000489.25,2,0,0,15559973.35,1
3459,8031890577,Jain,804,Jaipur Gramin,Female,37,9,0,2,0,0,1930411.2,0
3460,8021186229,Verma,808,Jaipur Gramin,Female,40,10,0,2,0,1,5890767.75,0
3461,8032420096,Singh,444,Jaipur  Urban,Male,39,5,9984942.35,2,0,0,5415001.5,0
3462,8757683388,Agarwal,817,Jaipur City,Male,35,4,6867212.9,1,1,0,9896508.35,0
3463,8256711919,Maheshwari,394,Jaipur Gramin,Female,62,1,9157554.05,1,0,1,4962450.45,0
3464,8269435750,Sharma,600,Jaipur  Urban,Male,43,8,11337249.85,1,1,0,15077186.1,1
3465,8586759042,Jat,716,Jaipur City,Female,37,7,14285683.95,1,1,0,3013295.05,0
3466,8179359222,Verma,710,Jaipur  Urban,Female,43,2,5866231.65,2,0,0,13992821.55,0
3467,8055989955,Rathore,829,Jaipur Gramin,Male,28,4,0,1,1,0,14827015.8,0
3468,8562983720,Aggarwal,526,Jaipur  Urban,Female,42,1,8376632.7,2,0,1,7994058.75,0
3469,8964475556,Aggarwal,864,Jaipur Gramin,Female,49,1,0,2,1,1,10122416.25,0
3470,8069394226,Jat,695,Jaipur City,Female,26,3,6507095.1,1,1,1,15708022.95,0
3471,8925589774,Singh,659,Jaipur Gramin,Female,36,2,0,2,0,1,6378015.8,0
3472,8783590919,Paliwal,638,Jaipur Gramin,Female,27,3,9126944.7,1,1,1,5329787.3,0
3473,8064807461,Jain,593,Jaipur Gramin,Male,40,9,10405459.45,2,0,1,16225028.65,0
3474,8847426673,Agarwal,698,Jaipur Gramin,Female,42,0,0,1,0,1,7818457.25,1
3475,8511177271,Aggarwal,744,Jaipur City,Male,33,6,8261032.7,1,0,0,7809909.65,0
3476,8583856046,Verma,803,Jaipur Gramin,Male,31,4,5210249.25,2,1,1,605031.7,0
3477,8582040537,Choudhary,775,Jaipur City,Male,30,1,9576666.95,1,0,0,995384,1
3478,8536818022,Gupta,628,Jaipur City,Female,40,7,0,1,1,1,2201850.2,0
3479,8079025801,Paliwal,524,Jaipur Gramin,Male,28,3,13416575.95,1,1,0,7387476.65,0
3480,8355358309,Gupta,442,Jaipur Gramin,Male,46,7,7772718.75,1,1,0,931445.3,0
3481,8483652941,Saini,586,Jaipur  Urban,Female,30,0,9362621.65,1,1,0,492226.5,1
3482,8709027504,Jain,755,Jaipur City,Female,34,9,4530496.6,2,1,1,3642757.45,0
3483,8790219944,Meena,532,Jaipur City,Male,37,3,0,2,1,1,6707832.8,0
3484,8186180946,Paliwal,479,Jaipur City,Male,39,6,0,2,1,1,6919765,0
3485,8788468509,Sharma,821,Jaipur  Urban,Male,28,2,5969867.9,2,1,1,15236482.05,0
3486,8011879286,Jat,605,Jaipur Gramin,Male,33,3,0,1,1,0,3584546.05,1
3487,8810079966,Saini,617,Jaipur City,Female,25,10,6393043.8,1,1,0,5012028.4,0
3488,8672748742,Meena,685,Jaipur Gramin,Female,31,7,3510417.55,1,0,1,8727912.2,0
3489,8044288210,Agarwal,584,Jaipur City,Female,35,3,7079357.6,1,1,0,10672049.2,0
3490,8571937054,Paliwal,592,Jaipur City,Male,43,10,0,2,0,0,4545631.7,0
3491,8731575987,Rathore,424,Jaipur Gramin,Male,29,6,0,1,0,0,16861961.7,1
3492,8191825657,Rathore,564,Jaipur  Urban,Male,35,6,7281830.15,1,1,0,8969655.6,0
3493,8831304422,Sharma,666,Jaipur Gramin,Female,45,7,4872798.4,1,0,1,4024665,0
3494,8886123991,Jain,638,Jaipur City,Male,47,3,0,2,1,0,15199897.2,0
3495,8655128033,Aggarwal,697,Jaipur Gramin,Female,37,7,5916837.25,1,1,1,6130865.55,0
3496,8733444088,Maheshwari,589,Jaipur  Urban,Male,46,4,10987887.95,1,1,0,13897868.05,0
3497,8524678166,Verma,815,Jaipur Gramin,Male,27,1,0,2,1,1,16202956.7,0
3498,8073915951,Saini,427,Jaipur Gramin,Female,63,1,14054801.85,2,0,0,11964435.95,1
3499,8306052204,Khandelwal,703,Jaipur Gramin,Female,41,7,12928973.45,2,0,1,11251824.85,0
3500,8039141671,Paliwal,620,Jaipur Gramin,Male,74,10,0,2,1,1,4585748.3,0
3501,8447784965,Saini,900,Jaipur Gramin,Female,32,5,9034704.4,1,1,0,10368532.05,0
3502,8633309733,Paliwal,655,Jaipur  Urban,Female,30,10,8546636.95,2,0,0,11643620.45,0
3503,8135873192,Jat,762,Jaipur  Urban,Male,46,2,9039320.75,1,1,0,9721563.05,1
3504,8479557475,Paliwal,532,Jaipur Gramin,Male,35,5,11685986.15,1,0,0,5303094.75,0
3505,8444584730,Jat,468,Jaipur Gramin,Female,37,3,9899570.05,1,0,1,2077040.45,0
3506,8282382538,Paliwal,648,Jaipur Gramin,Male,45,1,0,1,1,1,927208.05,0
3507,8461340996,Rathore,414,Jaipur City,Male,45,10,0,2,0,1,7733085.8,0
3508,8922139448,Rathore,793,Jaipur Gramin,Male,36,9,10849223.2,1,1,1,6890349.05,0
3509,8434495248,Jain,391,Jaipur Gramin,Female,34,3,0,2,1,1,5204620.55,0
3510,8806185203,Singh,812,Jaipur Gramin,Male,37,1,0,1,1,1,10781206.2,0
3511,8048673094,Choudhary,521,Jaipur Gramin,Male,35,2,6965897.9,2,1,0,9831825.05,0
3512,8696878042,Choudhary,812,Jaipur Gramin,Female,42,5,12540204.7,1,1,1,3299653.25,0
3513,8208882734,Singh,847,Jaipur City,Male,18,3,0,2,1,1,7394535.9,0
3514,8842138360,Aggarwal,828,Jaipur Gramin,Female,33,10,11485261.2,1,0,0,16592424.15,0
3515,8959471182,Choudhary,652,Jaipur City,Female,32,2,0,1,0,0,11160647.9,0
3516,8810394636,Jain,581,Jaipur City,Female,37,8,0,2,0,1,8570991.15,0
3517,8565068682,Khandelwal,646,Jaipur Gramin,Female,34,7,0,2,1,1,16912431.3,0
3518,8175052155,Khandelwal,805,Jaipur City,Male,18,1,0,2,0,0,3531150.75,0
3519,8224526700,Verma,600,Jaipur Gramin,Female,39,5,0,2,0,0,10053125.95,0
3520,8936173145,Verma,673,Jaipur City,Female,41,5,2387050.75,1,1,0,5914832.95,1
3521,8623136085,Khandelwal,545,Jaipur Gramin,Female,43,10,0,2,1,0,12718476.05,1
3522,8022257499,Saini,632,Jaipur City,Male,49,4,9442437.5,1,0,1,12467821.25,0
3523,8953712407,Maheshwari,671,Jaipur Gramin,Female,38,9,0,2,1,1,11288780.3,0
3524,8465876188,Gupta,882,Jaipur Gramin,Male,35,6,10805205.95,1,1,0,2440153.65,0
3525,8469547080,Singh,796,Jaipur Gramin,Female,35,7,9830386,2,1,1,8900034.65,0
3526,8199245545,Verma,630,Jaipur  Urban,Male,31,4,6608155.85,2,1,0,6403532.8,0
3527,8472522499,Maheshwari,839,Jaipur Gramin,Female,30,9,0,2,1,0,11630376.6,0
3528,8298399344,Maheshwari,899,Jaipur Gramin,Male,69,7,6119667.65,1,1,1,11820604.9,0
3529,8847946797,Meena,710,Jaipur Gramin,Male,28,5,5234467.45,1,1,1,5965292.35,0
3530,8400178679,Rathore,628,Jaipur Gramin,Female,24,5,0,2,1,0,9873603.4,0
3531,8744567057,Jat,424,Jaipur City,Female,42,5,0,3,1,0,7055721.65,1
3532,8264502826,Jain,370,Jaipur Gramin,Female,84,8,7469238.15,1,0,0,16021184.2,1
3533,8039987407,Khandelwal,814,Jaipur  Urban,Female,37,0,8977507.05,2,1,1,11364484.7,1
3534,8314144672,Choudhary,714,Jaipur Gramin,Female,42,5,0,1,0,1,6134631.05,1
3535,8826324828,Singh,692,Jaipur  Urban,Female,44,4,12645501.85,2,1,1,16239909.6,0
3536,8062893670,Saini,674,Jaipur City,Male,37,5,8066592.65,1,1,1,4099868.75,0
3537,8197865595,Khandelwal,521,Jaipur Gramin,Male,29,7,14862411.5,1,1,1,6730156.35,0
3538,8148982793,Sharma,602,Jaipur Gramin,Male,59,7,0,2,1,1,13799499.25,0
3539,8188454216,Jat,545,Jaipur  Urban,Female,43,2,10272004.35,1,1,0,646986.85,1
3540,8591023290,Meena,680,Jaipur Gramin,Male,42,6,0,1,1,0,7555654.25,0
3541,8380336670,Maheshwari,686,Jaipur Gramin,Male,43,5,0,1,0,0,5425812.65,0
3542,8506164891,Choudhary,886,Jaipur City,Female,67,4,8777763,1,1,1,6656353.4,0
3543,8959645755,Meena,710,Jaipur City,Female,34,4,9324421.8,1,1,1,3221407.35,0
3544,8613424888,Rathore,690,Jaipur Gramin,Male,49,8,11486338.15,1,0,1,15259305.4,1
3545,8486062978,Khandelwal,757,Jaipur City,Male,33,1,0,1,1,0,11111791.6,0
3546,8841304949,Paliwal,442,Jaipur Gramin,Female,32,8,11700204.95,1,0,0,16890714.65,0
3547,8510246838,Rathore,530,Jaipur City,Male,43,6,9653274.9,1,1,0,7611176.25,0
3548,8706857741,Jain,674,Jaipur City,Female,35,6,0,2,0,0,206031.5,1
3549,8695361977,Maheshwari,804,Jaipur  Urban,Male,37,5,12031517.1,2,0,1,15327780.55,0
3550,8015807704,Aggarwal,690,Jaipur Gramin,Female,61,5,5274689.45,3,1,0,14135938.6,1
3551,8790483854,Saini,656,Jaipur  Urban,Male,51,4,11148324.6,1,1,0,2540108.55,0
3552,8936784897,Maheshwari,605,Jaipur Gramin,Male,31,6,11461194.3,1,1,0,16322481.15,0
3553,8298190359,Jat,880,Jaipur Gramin,Female,39,3,0,2,1,0,145425.65,0
3554,8126928589,Agarwal,769,Jaipur City,Male,40,4,8906659.55,1,1,0,11488919.6,1
3555,8668220223,Agarwal,670,Jaipur City,Male,36,1,0,2,0,1,7218830.7,0
3556,8096418799,Jat,514,Jaipur Gramin,Female,36,1,13340614.85,1,1,1,12742543.8,1
3557,8514365126,Sharma,588,Jaipur Gramin,Female,60,6,12558898.75,1,1,0,7497513.4,1
3558,8429006179,Jain,690,Jaipur Gramin,Male,34,1,10592643.05,2,0,1,13911742.6,0
3559,8137151089,Saini,798,Jaipur Gramin,Male,41,4,10555487.85,1,0,0,8513041.55,0
3560,8839282455,Meena,660,Jaipur Gramin,Female,64,7,12072410.6,1,1,0,2743382.65,1
3561,8148227738,Sharma,860,Jaipur Gramin,Male,44,8,0,1,0,0,5567662.35,1
3562,8324091044,Gupta,719,Jaipur  Urban,Female,31,10,10696218.1,2,1,0,16098376.1,0
3563,8202126309,Jat,474,Jaipur  Urban,Female,34,9,9958627.2,1,1,1,9865885.4,1
3564,8240528093,Meena,469,Jaipur City,Female,61,8,0,2,0,1,11888230.05,0
3565,8723902554,Agarwal,896,Jaipur Gramin,Male,51,5,8293087.9,1,0,0,12255645.1,1
3566,8988305574,Verma,691,Jaipur City,Female,30,5,0,2,0,1,13420522.5,0
3567,8484346814,Singh,775,Jaipur City,Female,25,3,8910872.15,1,0,0,6112460.5,0
3568,8151916750,Aggarwal,444,Jaipur City,Female,31,2,8642393.7,2,1,0,3827868.75,0
3569,8699661593,Agarwal,737,Jaipur City,Male,20,3,0,2,0,1,12789604.05,0
3570,8726385728,Saini,714,Jaipur Gramin,Female,50,8,0,1,1,0,10742436,1
3571,8268064631,Paliwal,689,Jaipur Gramin,Male,46,2,14849589.25,1,1,0,7666126.2,1
3572,8311169539,Rathore,677,Jaipur  Urban,Male,36,6,6047135.45,2,1,0,10406812.65,0
3573,8444081308,Singh,716,Jaipur  Urban,Male,31,3,9248460.7,2,0,1,10525195.55,0
3574,8816996088,Singh,684,Jaipur Gramin,Male,68,4,0,2,1,1,971269.5,0
3575,8705836800,Verma,529,Jaipur Gramin,Female,32,4,0,1,1,1,9770870.7,0
3576,8357382890,Aggarwal,648,Jaipur Gramin,Female,66,9,9863209.6,1,0,1,15694064.25,0
3577,8065648945,Khandelwal,656,Jaipur Gramin,Male,28,8,0,2,1,1,7739697.95,0
3578,8770549613,Aggarwal,788,Jaipur Gramin,Male,23,2,6857286.6,2,1,0,7989290.25,0
3579,8661223381,Gupta,725,Jaipur  Urban,Female,39,1,10594443.35,1,1,0,9903445.2,1
3580,8551571850,Gupta,814,Jaipur  Urban,Male,31,9,15493394.55,2,1,0,16203654.55,0
3581,8303494217,Choudhary,647,Jaipur  Urban,Female,41,5,8384040.45,1,1,0,16997512.9,0
3582,8622534842,Agarwal,644,Jaipur Gramin,Male,33,5,0,2,1,0,11895509.45,0
3583,8224790077,Agarwal,703,Jaipur Gramin,Male,35,4,0,1,1,0,749391.45,0
3584,8017313104,Agarwal,572,Jaipur City,Male,43,8,6779362.85,1,1,0,11530311.2,1
3585,8216927907,Choudhary,487,Jaipur  Urban,Male,28,8,4509569.6,1,0,1,2089073.9,0
3586,8997013047,Jain,788,Jaipur Gramin,Male,28,7,10277498.75,2,1,1,11156204.1,0
3587,8188467822,Sharma,871,Jaipur Gramin,Male,55,4,9799297.25,1,1,0,11910724.45,0
3588,8946495727,Paliwal,745,Jaipur Gramin,Male,41,2,0,2,1,0,14298678.75,0
3589,8751520276,Paliwal,467,Jaipur City,Male,40,3,18830288,1,1,0,14608701.8,0
3590,8835285132,Aggarwal,415,Jaipur Gramin,Female,51,4,8929771.05,1,0,0,6002149.2,0
3591,8153197832,Verma,692,Jaipur Gramin,Male,37,3,7510857.55,1,0,1,10025435.5,0
3592,8027025546,Saini,803,Jaipur Gramin,Male,29,2,10519389.2,2,1,0,7214176.1,0
3593,8325470666,Aggarwal,692,Jaipur City,Male,56,5,10536597.45,1,1,1,5150211.2,1
3594,8817819717,Gupta,546,Jaipur  Urban,Female,62,10,9759924.4,1,0,1,717782.5,0
3595,8287764864,Singh,662,Jaipur  Urban,Female,37,9,12343640.5,1,1,0,13526290.55,0
3596,8729944693,Meena,746,Jaipur  Urban,Female,32,5,9078649.4,1,1,1,6544888.65,0
3597,8682010821,Maheshwari,652,Jaipur Gramin,Male,36,0,12593575.35,1,0,0,4746031.1,0
3598,8001724620,Rathore,835,Jaipur  Urban,Female,40,1,8478405.75,1,1,0,15089556.15,0
3599,8329737941,Choudhary,744,Jaipur  Urban,Female,37,8,13284037.15,1,1,0,3908769.2,0
3600,8240050743,Jat,616,Jaipur Gramin,Male,41,7,0,2,1,0,5125306.2,0
3601,8340374485,Meena,487,Jaipur Gramin,Female,57,6,0,2,0,1,16525795.2,1
3602,8342111012,Saini,610,Jaipur Gramin,Male,50,6,0,1,1,0,7953345.45,1
3603,8822441646,Agarwal,680,Jaipur City,Male,77,2,0,1,1,1,2949748.2,0
3604,8208575322,Gupta,780,Jaipur Gramin,Female,47,7,10316972.75,2,1,0,4630256,1
3605,8585130865,Maheshwari,612,Jaipur Gramin,Male,33,4,9484479.35,1,0,0,9685169.45,0
3606,8850204659,Khandelwal,586,Jaipur  Urban,Female,34,10,11000514.7,1,1,0,13066822.2,0
3607,8840262271,Gupta,455,Jaipur Gramin,Female,26,1,0,2,1,1,1624942.45,0
3608,8450950574,Gupta,698,Jaipur Gramin,Male,37,5,0,2,0,1,9567147.8,0
3609,8625536889,Agarwal,692,Jaipur Gramin,Female,36,7,0,1,1,0,4022093.75,0
3610,8303706436,Jat,900,Jaipur  Urban,Male,40,6,8041601.8,1,1,0,3118691.65,0
3611,8541823417,Choudhary,576,Jaipur Gramin,Female,56,1,11166305.5,1,1,0,9088086.95,1
3612,8918762275,Meena,775,Jaipur Gramin,Female,21,8,14185060.95,2,0,1,16537910.25,0
3613,8529500447,Agarwal,642,Jaipur City,Female,37,3,0,2,1,0,7742372.05,0
3614,8608080097,Saini,677,Jaipur  Urban,Male,25,6,14689081.2,2,1,1,9180735.25,0
3615,8633304127,Choudhary,550,Jaipur  Urban,Female,36,0,10761563.55,2,1,1,14650899.2,0
3616,8100643782,Saini,378,Jaipur Gramin,Male,46,9,11470766.15,3,0,0,15179925.6,1
3617,8127716265,Choudhary,838,Jaipur Gramin,Female,60,6,8241268.5,1,1,0,2712132.4,1
3618,8773849647,Jat,830,Jaipur  Urban,Female,29,4,9146152.15,1,1,0,1608385.3,1
3619,8308085449,Rathore,467,Jaipur  Urban,Female,46,8,7825105.1,1,1,0,12513950.75,1
3620,8536908273,Saini,756,Jaipur Gramin,Male,33,0,0,2,1,0,125357.15,0
3621,8686635856,Agarwal,808,Jaipur Gramin,Male,41,4,0,2,1,1,2118618.2,0
3622,8221002653,Choudhary,733,Jaipur Gramin,Male,36,9,11703540.35,1,1,1,3985148.5,0
3623,8779898772,Paliwal,590,Jaipur City,Male,55,8,7296861.55,2,1,1,10958065.7,0
3624,8406116411,Gupta,714,Jaipur  Urban,Male,27,6,10672001.6,1,1,0,8949757.1,0
3625,8058424716,Jain,648,Jaipur Gramin,Female,33,1,14220365.7,1,0,1,12357440.25,0
3626,8036012288,Aggarwal,444,Jaipur City,Male,31,4,4737298.2,2,1,1,8822365.05,0
3627,8455325934,Khandelwal,827,Jaipur  Urban,Female,37,6,9408570.95,1,1,1,6045288.4,1
3628,8683048736,Gupta,605,Jaipur City,Female,39,7,8376249.35,1,1,1,4447843.45,0
3629,8301989925,Sharma,472,Jaipur  Urban,Female,35,8,15156996,1,0,0,16781434.4,0
3630,8216705048,Rathore,685,Jaipur Gramin,Female,48,8,9835676.4,2,0,0,7072921.4,0
3631,8230109593,Rathore,667,Jaipur Gramin,Male,46,9,12177706.9,2,0,0,16413451.55,0
3632,8449094092,Gupta,767,Jaipur City,Male,19,5,7628767.85,1,1,0,16405724.2,0
3633,8603438650,Khandelwal,552,Jaipur City,Female,26,3,9908998.25,1,1,0,13393226.45,0
3634,8562658267,Paliwal,872,Jaipur  Urban,Female,47,8,12155127.5,2,1,0,9263087.5,0
3635,8526345632,Meena,697,Jaipur Gramin,Male,23,7,13409732.6,1,0,0,12559586.4,0
3636,8118094180,Jat,768,Jaipur Gramin,Female,37,5,0,2,1,1,2339914,0
3637,8892596606,Saini,676,Jaipur City,Male,31,4,8791559.35,2,0,1,3100737.95,0
3638,8321423144,Agarwal,894,Jaipur City,Female,52,0,0,1,1,0,2696774.6,1
3639,8017480861,Rathore,546,Jaipur City,Male,27,5,0,2,0,0,8193873.35,0
3640,8457896504,Gupta,696,Jaipur  Urban,Female,48,8,9784807.3,1,1,0,11862481,1
3641,8192765360,Gupta,646,Jaipur  Urban,Female,39,0,10412608.8,2,1,1,8075663,0
3642,8763106351,Jat,648,Jaipur City,Male,62,3,0,1,1,1,8641394.95,0
3643,8143912263,Paliwal,814,Jaipur Gramin,Male,42,6,0,2,1,1,9026782.4,0
3644,8858259888,Jat,695,Jaipur Gramin,Male,45,3,12474450.4,1,1,0,4119685.65,0
3645,8852229550,Verma,592,Jaipur Gramin,Female,32,3,0,2,1,1,12918160.6,0
3646,8235474999,Paliwal,826,Jaipur Gramin,Male,55,3,0,1,0,1,1129519.1,1
3647,8397130304,Verma,804,Jaipur Gramin,Female,70,9,9412805.65,1,1,0,1926675.45,1
3648,8390928651,Meena,755,Jaipur Gramin,Male,67,2,8007323,1,0,1,8703240.1,0
3649,8955086916,Maheshwari,534,Jaipur Gramin,Male,47,8,8992361.65,1,0,1,5765567,1
3650,8909952727,Jain,596,Jaipur Gramin,Male,41,4,13021849.55,1,1,1,7827680.6,0
3651,8334981119,Jain,524,Jaipur Gramin,Male,38,3,0,2,0,0,11986955.85,0
3652,8203608965,Meena,758,Jaipur Gramin,Male,79,10,5253954.55,1,1,1,8858938,0
3653,8455824984,Sharma,530,Jaipur Gramin,Male,34,8,8594865.1,1,1,0,16693579.25,0
3654,8275963328,Maheshwari,706,Jaipur  Urban,Female,46,0,6328951.25,1,0,1,583636.35,0
3655,8613220608,Paliwal,530,Jaipur  Urban,Male,33,8,12144057.95,2,0,0,6607718.1,0
3656,8690258591,Meena,785,Jaipur  Urban,Male,35,6,8379804.9,2,0,1,9019931.4,0
3657,8376603113,Choudhary,780,Jaipur Gramin,Female,37,6,0,1,1,1,10025580,1
3658,8980392681,Jat,757,Jaipur Gramin,Male,30,7,0,2,1,1,15689442.8,0
3659,8626175618,Khandelwal,719,Jaipur Gramin,Female,43,3,6864942.55,1,1,0,16947179.3,1
3660,8680839216,Jain,521,Jaipur Gramin,Female,42,9,12308167.45,1,0,1,1061088.15,1
3661,8657933970,Paliwal,473,Jaipur City,Male,27,2,0,2,1,0,1904394.4,0
3662,8425426922,Agarwal,476,Jaipur  Urban,Male,35,7,9354557.7,2,1,1,7895400.1,0
3663,8490146204,Choudhary,638,Jaipur Gramin,Female,28,5,10105718.85,1,0,1,12338427.45,0
3664,8928682417,Saini,749,Jaipur Gramin,Male,31,5,0,1,1,0,11465645.75,1
3665,8598660097,Maheshwari,781,Jaipur  Urban,Female,37,0,12853613.3,1,1,1,9291289.65,0
3666,8221704008,Gupta,760,Jaipur Gramin,Male,42,9,12793112.85,1,0,1,14446950.2,0
3667,8554207159,Meena,721,Jaipur City,Female,21,9,0,2,1,1,2237830.7,0
3668,8560139408,Khandelwal,510,Jaipur  Urban,Male,33,4,11137019.6,2,0,0,4681199.05,0
3669,8774453179,Gupta,679,Jaipur  Urban,Female,44,2,10396732.5,1,0,0,5828864.8,1
3670,8184362349,Paliwal,664,Jaipur Gramin,Male,29,2,0,2,1,1,3542103.85,0
3671,8106107299,Rathore,900,Jaipur Gramin,Male,28,4,0,2,1,1,1054765.85,0
3672,8530601532,Sharma,655,Jaipur  Urban,Female,52,6,9497849,2,0,1,5811210.3,0
3673,8591638288,Rathore,780,Jaipur Gramin,Male,43,6,9679996.35,1,1,1,6337974.85,0
3674,8730015280,Sharma,797,Jaipur Gramin,Male,24,7,8342631.85,1,1,0,2281719.6,0
3675,8174314315,Verma,670,Jaipur Gramin,Female,32,9,0,2,1,0,13325853.75,0
3676,8309155259,Maheshwari,752,Jaipur Gramin,Male,32,1,5038104.7,1,1,1,3911651.55,0
3677,8703204243,Gupta,704,Jaipur Gramin,Female,31,2,0,2,0,1,12359968.15,0
3678,8028692913,Sharma,637,Jaipur City,Male,33,2,0,2,1,1,13452851.4,0
3679,8356457090,Singh,836,Jaipur Gramin,Male,30,10,5900142.4,1,1,1,6344193.45,0
3680,8918697514,Jain,660,Jaipur City,Male,25,7,13650920.1,2,1,1,2413279.2,0
3681,8204314680,Singh,900,Jaipur City,Male,22,3,0,1,1,1,12272770.9,0
3682,8987921969,Maheshwari,691,Jaipur Gramin,Female,40,2,12563295.8,1,1,0,8090390.1,1
3683,8168752067,Singh,624,Jaipur City,Male,44,8,0,2,1,1,1328338.35,0
3684,8654525392,Aggarwal,571,Jaipur Gramin,Female,52,9,14469430.15,2,0,0,12620593.45,1
3685,8134061233,Jain,458,Jaipur Gramin,Female,35,2,11314497.05,1,0,1,6796425.75,0
3686,8650505508,Choudhary,714,Jaipur City,Female,39,5,0,2,0,0,8734913.65,0
3687,8931430445,Khandelwal,727,Jaipur Gramin,Male,18,2,14971857.5,2,1,0,11020608.7,0
3688,8823985321,Sharma,682,Jaipur Gramin,Female,32,2,0,2,1,1,3455448.05,0
3689,8114224398,Sharma,695,Jaipur  Urban,Male,35,1,9370836.05,1,1,1,15154742.65,0
3690,8088871328,Choudhary,724,Jaipur Gramin,Female,45,5,0,2,1,0,11212047.4,0
3691,8228840271,Gupta,684,Jaipur City,Male,67,6,13491163.45,1,1,1,10081629,0
3692,8060184714,Gupta,588,Jaipur Gramin,Female,76,5,13683272.8,1,0,1,1177129.3,0
3693,8483541238,Maheshwari,616,Jaipur City,Male,35,4,10502400.25,2,0,1,14526789,0
3694,8023186579,Singh,770,Jaipur Gramin,Female,60,4,0,1,1,1,1118741.1,1
3695,8285208805,Maheshwari,610,Jaipur Gramin,Female,33,4,0,1,1,0,6740872.3,1
3696,8723723031,Choudhary,565,Jaipur Gramin,Male,40,10,9596233.1,1,1,1,10319215.05,0
3697,8956174015,Maheshwari,594,Jaipur Gramin,Female,39,7,10281781.05,1,0,0,1980925.85,0
3698,8168757621,Paliwal,774,Jaipur  Urban,Male,48,10,8164126.75,1,1,0,6333405.25,0
3699,8458816591,Jain,587,Jaipur Gramin,Female,21,3,0,2,0,1,4726122.4,0
3700,8665321053,Singh,779,Jaipur Gramin,Male,37,10,15730414.5,2,1,1,11434783.95,0
3701,8515060449,Rathore,694,Jaipur Gramin,Female,22,6,10035519.05,2,1,1,16611040.85,0
3702,8827794496,Aggarwal,604,Jaipur Gramin,Male,46,2,0,2,1,1,5062896.65,0
3703,8303796311,Agarwal,485,Jaipur Gramin,Female,73,8,0,1,1,1,2940624.3,0
3704,8854338647,Saini,767,Jaipur  Urban,Male,40,5,12676137.55,3,1,1,5103144.15,1
3705,8505266888,Aggarwal,605,Jaipur Gramin,Female,34,7,0,2,1,0,16406826.65,0
3706,8998872267,Gupta,614,Jaipur Gramin,Female,35,3,0,1,1,1,4089241.2,0
3707,8137811856,Khandelwal,635,Jaipur City,Female,44,6,10668603.3,2,0,0,6722034.6,0
3708,8462550397,Agarwal,662,Jaipur City,Female,42,3,7096825.95,2,1,0,3222700.2,0
3709,8997962328,Verma,558,Jaipur Gramin,Male,34,7,0,1,0,0,6340476.4,0
3710,8655717851,Meena,728,Jaipur Gramin,Female,49,10,0,1,1,0,7052277.45,1
3711,8871304764,Khandelwal,654,Jaipur Gramin,Male,30,1,10687837.1,1,1,1,16442504.55,0
3712,8892681998,Singh,794,Jaipur  Urban,Female,34,8,8380394.8,1,0,1,16302174.65,1
3713,8292101725,Sharma,647,Jaipur City,Female,39,1,12052077.75,1,1,0,7858756.6,0
3714,8272330546,Paliwal,731,Jaipur  Urban,Male,22,0,9600725.35,1,0,0,13194681.75,0
3715,8832317978,Paliwal,868,Jaipur Gramin,Male,34,3,8929873.05,1,1,0,783523.2,0
3716,8921548873,Choudhary,860,Jaipur  Urban,Female,46,0,7572470.65,1,0,1,7475057.25,1
3717,8694028348,Khandelwal,678,Jaipur  Urban,Female,27,2,12532056.6,1,0,0,15938185.1,0
3718,8812344538,Choudhary,655,Jaipur  Urban,Male,39,0,13127388.1,1,1,0,14579120.1,0
3719,8420292619,Sharma,562,Jaipur Gramin,Male,30,8,6209621.45,2,1,1,2296020,0
3720,8315644717,Singh,900,Jaipur Gramin,Female,62,1,10597659.75,1,1,0,6027860,1
3721,8327101854,Khandelwal,448,Jaipur  Urban,Male,40,8,12968981.25,2,1,0,6211262.8,0
3722,8924465183,Meena,757,Jaipur Gramin,Female,41,9,12940703.45,1,1,1,7546605.15,0
3723,8230544543,Saini,623,Jaipur Gramin,Male,25,4,0,1,1,0,12369570.6,0
3724,8479425512,Meena,738,Jaipur  Urban,Male,42,2,7490282.45,2,1,1,1813323.7,0
3725,8809107450,Agarwal,806,Jaipur  Urban,Female,51,9,12234128.2,1,0,1,3967418.35,1
3726,8825430252,Meena,703,Jaipur Gramin,Female,31,1,0,2,1,0,408191.25,0
3727,8241577698,Paliwal,779,Jaipur  Urban,Female,29,7,11650019.25,3,1,0,8752936.2,1
3728,8079426740,Agarwal,817,Jaipur Gramin,Female,27,7,15857476.75,1,1,1,14881059.65,1
3729,8346640188,Meena,690,Jaipur City,Male,66,5,9830629.95,2,1,1,11217523.1,0
3730,8439413293,Saini,756,Jaipur City,Male,29,2,0,2,1,0,1204797.65,0
3731,8144241743,Khandelwal,700,Jaipur City,Male,38,3,10722991.4,1,0,0,1307193.75,0
3732,8213807750,Saini,545,Jaipur  Urban,Female,51,7,8984662.35,1,0,1,15282812.15,1
3733,8738680579,Gupta,746,Jaipur Gramin,Male,46,6,0,1,1,1,7983002.8,1
3734,8079457242,Sharma,707,Jaipur  Urban,Male,67,9,13353056.3,1,1,1,8456650.85,0
3735,8837753651,Saini,835,Jaipur  Urban,Male,40,2,9624412.3,2,1,1,3945282.65,0
3736,8662437622,Agarwal,416,Jaipur Gramin,Female,32,10,0,1,1,1,12904339.6,0
3737,8904384984,Saini,478,Jaipur  Urban,Male,37,8,9216794.8,2,1,1,1263529.25,0
3738,8144383646,Gupta,676,Jaipur City,Male,27,8,0,1,1,1,15980679.15,0
3739,8612695754,Choudhary,478,Jaipur  Urban,Female,44,2,10259726.95,2,1,1,8344937.9,0
3740,8833400943,Agarwal,632,Jaipur Gramin,Female,32,1,0,1,1,0,9082394.5,0
3741,8039006163,Gupta,659,Jaipur Gramin,Male,45,7,0,2,0,1,6392357.85,0
3742,8628256035,Paliwal,766,Jaipur  Urban,Female,29,9,11824026.15,1,1,0,12059124.25,1
3743,8342290357,Rathore,584,Jaipur  Urban,Female,39,6,8657403,2,1,0,603815.35,0
3744,8832636725,Rathore,666,Jaipur  Urban,Female,32,6,11129522.6,1,1,0,785555.55,1
3745,8428652150,Verma,656,Jaipur  Urban,Male,37,3,9903349.15,1,1,1,12709005.35,1
3746,8750882832,Meena,811,Jaipur  Urban,Female,37,1,7915543.4,2,1,1,16666742.2,0
3747,8054014444,Sharma,706,Jaipur  Urban,Male,35,5,9484145.3,1,0,0,14124104.05,1
3748,8550550858,Jat,606,Jaipur Gramin,Male,32,9,0,2,1,1,4736560.4,0
3749,8076340125,Aggarwal,595,Jaipur Gramin,Female,39,10,7356434.65,1,0,1,11200363.3,0
3750,8527945442,Gupta,392,Jaipur Gramin,Male,33,8,0,1,1,1,1178010.75,0
3751,8880256872,Choudhary,635,Jaipur Gramin,Male,39,2,11021892.2,2,1,0,7035795.95,0
3752,8513541605,Aggarwal,475,Jaipur City,Male,29,2,0,2,1,0,4708115.15,0
3753,8948264341,Choudhary,740,Jaipur City,Female,36,2,13987425.75,1,0,1,6998622.05,0
3754,8753905780,Paliwal,812,Jaipur Gramin,Male,23,6,0,2,1,1,13874165.8,0
3755,8887522858,Jain,522,Jaipur City,Male,35,8,10114143.2,1,1,1,11520621.2,0
3756,8117392239,Jain,773,Jaipur Gramin,Male,29,1,0,1,0,0,7005952.45,0
3757,8818792562,Jain,786,Jaipur Gramin,Male,31,5,0,2,0,1,16546166.3,0
3758,8243447578,Aggarwal,592,Jaipur City,Female,45,6,6737078.75,1,1,0,4704518.8,0
3759,8340682276,Maheshwari,497,Jaipur Gramin,Male,38,4,9539582.3,1,1,0,1420954.35,1
3760,8626031405,Gupta,745,Jaipur Gramin,Male,40,9,10041038.95,1,1,1,13623600.25,0
3761,8181249648,Jat,882,Jaipur City,Male,38,7,7380047.65,1,0,0,14952007.45,0
3762,8058056226,Aggarwal,698,Jaipur Gramin,Female,64,10,10906069.5,1,0,1,5613470.55,0
3763,8696517967,Gupta,588,Jaipur  Urban,Female,40,2,9999521.55,2,0,0,7836834.25,0
3764,8190959951,Saini,664,Jaipur  Urban,Female,37,3,10687407,2,1,0,11443132.65,1
3765,8723446681,Paliwal,884,Jaipur Gramin,Male,49,8,8780701.45,1,1,1,4332838.45,0
3766,8326389624,Jat,889,Jaipur Gramin,Male,27,8,0,1,1,0,14613431.2,0
3767,8044945123,Jain,581,Jaipur City,Male,36,4,7029167.65,2,0,0,7059941.9,0
3768,8767889554,Agarwal,803,Jaipur Gramin,Male,29,4,12365066.45,1,1,0,16012535.45,0
3769,8756269136,Paliwal,599,Jaipur City,Male,34,2,8628066.1,1,0,0,16832570.4,0
3770,8840845996,Choudhary,718,Jaipur Gramin,Male,47,5,13282551.35,2,0,0,89731.1,0
3771,8930799257,Jain,452,Jaipur Gramin,Male,27,1,10927173.3,1,1,1,11319721.15,0
3772,8846563989,Rathore,452,Jaipur  Urban,Male,34,8,11896561.75,2,1,1,16139445.55,0
3773,8884722038,Meena,774,Jaipur City,Male,34,7,11300285.05,1,1,1,2703248.2,0
3774,8538431033,Rathore,779,Jaipur Gramin,Female,35,3,0,3,1,1,11275237.25,0
3775,8878293495,Jain,900,Jaipur Gramin,Male,61,1,0,1,1,0,4510765.55,1
3776,8084329115,Paliwal,514,Jaipur  Urban,Male,22,5,7951514.55,2,0,1,81733.45,0
3777,8875514304,Jat,780,Jaipur Gramin,Male,33,2,12945731.2,1,1,0,6063342.4,0
3778,8664735147,Agarwal,532,Jaipur Gramin,Female,31,2,12552312.1,1,1,1,1415994.6,0
3779,8174422883,Choudhary,575,Jaipur City,Female,59,3,12581795.2,1,1,1,6364648.7,0
3780,8601664938,Maheshwari,629,Jaipur Gramin,Male,37,0,0,2,0,0,9528886.75,0
3781,8427779492,Agarwal,594,Jaipur  Urban,Male,46,5,12100652.7,2,1,0,4115819,1
3782,8835577153,Aggarwal,595,Jaipur  Urban,Female,27,2,12837342.6,1,1,0,14477249.3,0
3783,8988422032,Khandelwal,397,Jaipur  Urban,Female,44,2,11801714.5,1,1,0,3203506.35,1
3784,8995056295,Choudhary,656,Jaipur City,Female,26,8,9346442.75,1,1,1,11610340.4,1
3785,8529171621,Jain,648,Jaipur Gramin,Female,31,9,11802895.15,1,1,0,4134465.45,0
3786,8662058580,Aggarwal,782,Jaipur  Urban,Female,45,3,8961252.5,2,0,1,7630743.25,0
3787,8453736072,Khandelwal,732,Jaipur  Urban,Female,41,9,12678220.05,2,1,0,3581157.1,1
3788,8339859916,Gupta,646,Jaipur  Urban,Male,27,4,11483164.25,1,1,1,15854516.2,1
3789,8063005130,Jat,672,Jaipur  Urban,Male,28,2,14525654.25,2,1,0,3549506.5,0
3790,8812082364,Singh,611,Jaipur City,Female,45,4,7575395.5,1,1,1,16936843.3,0
3791,8453980623,Gupta,595,Jaipur City,Female,54,0,6640733.8,1,1,1,13046047.35,1
3792,8648143759,Verma,726,Jaipur Gramin,Female,38,3,10531026.55,1,1,0,1800053.5,0
3793,8833534330,Agarwal,413,Jaipur Gramin,Male,36,7,0,2,0,1,11793228.1,0
3794,8748127233,Singh,752,Jaipur  Urban,Male,58,5,9087641.55,1,1,0,2199885,1
3795,8082304617,Aggarwal,475,Jaipur Gramin,Male,32,4,10866895.55,1,1,0,5649882,0
3796,8572385643,Saini,545,Jaipur Gramin,Female,22,8,0,2,0,1,12127001.85,0
3797,8206405703,Gupta,524,Jaipur Gramin,Male,26,7,9043808.75,1,0,0,8802874.55,0
3798,8427333034,Verma,887,Jaipur Gramin,Female,51,3,0,1,1,1,5873604.55,1
3799,8741051005,Sharma,720,Jaipur City,Female,43,0,0,2,1,0,5055404.75,0
3800,8447423657,Singh,430,Jaipur City,Female,35,5,14151860.8,1,1,0,11499457.9,0
3801,8207609036,Rathore,900,Jaipur Gramin,Female,28,2,0,2,1,1,3295767.9,0
3802,8519522104,Choudhary,719,Jaipur City,Male,31,6,9731962.8,1,0,0,11763687.2,0
3803,8055945552,Maheshwari,618,Jaipur  Urban,Female,44,9,10718923.3,2,0,1,9411031.7,0
3804,8338003942,Maheshwari,900,Jaipur  Urban,Male,51,4,10576209.15,1,0,0,10076366.65,1
3805,8702692823,Verma,605,Jaipur Gramin,Female,40,1,0,2,1,0,10472609.45,0
3806,8117299394,Jat,682,Jaipur City,Male,34,0,0,1,0,0,8498713.1,0
3807,8484331165,Singh,593,Jaipur City,Female,38,10,0,2,1,0,4958297.35,0
3808,8656208883,Gupta,444,Jaipur Gramin,Male,30,3,8596964.6,1,1,1,4327065.25,0
3809,8004240012,Jat,721,Jaipur  Urban,Male,41,0,12821819.9,1,0,1,10847985.6,0
3810,8381437202,Maheshwari,677,Jaipur City,Male,35,1,9777082.5,1,0,1,14421592.15,0
3811,8787845126,Rathore,452,Jaipur Gramin,Female,30,6,11159349.1,1,1,0,16502278.25,0
3812,8383206280,Saini,787,Jaipur Gramin,Female,42,9,0,2,1,0,3032240.7,0
3813,8789744594,Agarwal,630,Jaipur Gramin,Female,40,7,12007751.95,1,0,1,15078786.65,0
3814,8777316332,Agarwal,724,Jaipur City,Male,73,5,11709731.75,1,1,1,13572584.1,0
3815,8007903797,Jain,655,Jaipur Gramin,Male,30,7,0,2,1,0,13053192.45,0
3816,8750703207,Jat,660,Jaipur Gramin,Male,33,0,8335522.45,1,1,0,4455019.15,0
3817,8120020821,Paliwal,677,Jaipur Gramin,Female,31,9,9734163.45,2,0,1,6733871.7,0
3818,8392301116,Aggarwal,698,Jaipur  Urban,Female,29,6,8586085.45,1,0,0,2770140.65,1
3819,8262638166,Saini,750,Jaipur Gramin,Female,44,10,0,1,0,1,7971096.85,0
3820,8342594305,Agarwal,544,Jaipur  Urban,Male,46,3,6994743.5,1,1,0,9566749.15,1
3821,8805035185,Saini,571,Jaipur Gramin,Male,39,9,7201198.3,1,0,0,16240385.6,0
3822,8510822641,Verma,610,Jaipur City,Female,56,5,0,2,0,1,13073884.85,0
3823,8323919050,Saini,900,Jaipur Gramin,Female,39,0,8872855.05,1,1,0,9000375.45,0
3824,8141243934,Meena,632,Jaipur Gramin,Male,31,8,10891197.05,1,1,0,8171174.95,0
3825,8406900512,Rathore,680,Jaipur Gramin,Male,44,2,10438590.75,1,0,0,1285273.1,0
3826,8622208461,Agarwal,538,Jaipur City,Male,44,8,0,1,1,0,1444130.45,0
3827,8970107983,Saini,809,Jaipur Gramin,Male,76,4,9563425.65,1,1,1,12166320.3,0
3828,8103964170,Jat,833,Jaipur  Urban,Male,57,3,9949799.1,1,1,0,7933639.05,1
3829,8155731360,Sharma,476,Jaipur  Urban,Female,55,7,11201186.1,1,1,1,847674.4,0
3830,8423494397,Meena,584,Jaipur Gramin,Female,36,1,6016662.95,1,1,0,2599284.7,0
3831,8746500479,Meena,900,Jaipur Gramin,Female,29,10,0,2,1,1,16980931.95,0
3832,8952625542,Aggarwal,746,Jaipur Gramin,Male,46,5,0,2,1,0,15292240.35,0
3833,8643660671,Saini,546,Jaipur City,Female,35,1,0,2,1,0,8641695,0
3834,8343981854,Jain,611,Jaipur  Urban,Male,38,6,11963925.1,2,0,1,14571563.6,0
3835,8106074108,Aggarwal,761,Jaipur City,Female,39,6,7830732.1,2,0,0,9602733.9,0
3836,8786707119,Khandelwal,742,Jaipur  Urban,Female,39,7,7917642.9,2,1,1,16213442.3,0
3837,8258811005,Aggarwal,654,Jaipur City,Female,49,5,9361266.75,3,0,1,15953642.35,1
3838,8383479277,Sharma,598,Jaipur City,Female,23,6,0,2,1,0,13024481.15,0
3839,8157102126,Verma,634,Jaipur  Urban,Male,50,4,10389355.35,1,0,1,1208510.45,1
3840,8257670861,Saini,635,Jaipur  Urban,Male,40,2,10340040.9,2,1,1,5512227.9,1
3841,8121191899,Gupta,767,Jaipur  Urban,Male,58,1,9400809.6,1,0,1,13610426.1,1
3842,8264604266,Maheshwari,664,Jaipur Gramin,Female,60,2,10262168.15,4,1,1,11743609.35,1
3843,8268919247,Agarwal,733,Jaipur Gramin,Male,28,8,0,2,1,1,5464343.15,0
3844,8697925394,Aggarwal,820,Jaipur City,Male,38,1,0,3,1,1,6815175.9,1
3845,8552245072,Rathore,697,Jaipur Gramin,Male,38,6,13066409.95,1,1,0,8612179.6,0
3846,8622915706,Choudhary,734,Jaipur Gramin,Male,34,8,9697507.2,1,1,0,7887541.85,0
3847,8078945753,Rathore,545,Jaipur Gramin,Female,48,7,0,2,1,1,5415185.95,0
3848,8798967941,Sharma,613,Jaipur Gramin,Female,37,6,0,2,1,0,9416544.8,0
3849,8814491242,Sharma,552,Jaipur  Urban,Male,41,4,12965245.5,1,0,0,916273.65,0
3850,8220726088,Jat,655,Jaipur City,Male,32,1,0,2,1,0,15579583.7,0
3851,8281753137,Khandelwal,696,Jaipur Gramin,Male,34,3,12179900.75,1,1,0,5654710.85,0
3852,8541096784,Khandelwal,637,Jaipur Gramin,Male,26,1,12677291.85,1,0,1,10514325.75,0
3853,8818686558,Verma,775,Jaipur Gramin,Male,36,9,10808348.4,1,1,1,13234512.75,0
3854,8646584075,Jain,665,Jaipur  Urban,Male,43,9,7197219.45,2,0,1,6976914.75,0
3855,8310988822,Agarwal,704,Jaipur  Urban,Male,33,9,11556804,2,1,0,10348576.6,0
3856,8940769845,Singh,730,Jaipur  Urban,Male,32,3,12893772.4,2,1,1,14688893.35,0
3857,8663656309,Aggarwal,695,Jaipur  Urban,Female,32,0,7508479.25,1,0,0,13564708.85,0
3858,8019004157,Rathore,643,Jaipur Gramin,Female,45,7,11888034.55,1,1,1,9214215.9,0
3859,8487957444,Choudhary,714,Jaipur Gramin,Male,45,9,3666445.25,1,0,1,6573079.75,0
3860,8365406442,Sharma,692,Jaipur Gramin,Male,42,5,8464311.05,1,1,0,1785676.6,0
3861,8931210211,Sharma,744,Jaipur Gramin,Female,34,6,9410977.3,1,1,1,798868.25,0
3862,8056564794,Verma,816,Jaipur Gramin,Female,37,3,0,2,0,0,15483328.85,1
3863,8728474787,Choudhary,664,Jaipur City,Female,36,3,0,2,0,0,9394676,0
3864,8947761977,Paliwal,689,Jaipur Gramin,Female,28,3,0,1,1,0,4380644.15,0
3865,8355340503,Choudhary,624,Jaipur  Urban,Male,40,5,9196754.35,2,1,0,4226398.9,0
3866,8754691254,Verma,628,Jaipur Gramin,Male,40,6,0,2,1,1,5620120.95,0
3867,8305716792,Sharma,536,Jaipur Gramin,Female,29,6,8878323.1,1,1,1,3158623.8,0
3868,8417112720,Agarwal,516,Jaipur Gramin,Male,39,2,0,2,1,0,16823459.25,0
3869,8384486310,Saini,775,Jaipur Gramin,Female,34,4,0,1,0,1,5539161,0
3870,8748119129,Saini,494,Jaipur Gramin,Female,31,7,0,2,0,0,4192715.95,0
3871,8789321667,Verma,636,Jaipur Gramin,Male,40,8,0,2,1,1,3612143.85,0
3872,8844771638,Choudhary,564,Jaipur City,Male,21,7,9868484.7,1,1,1,12587447.7,0
3873,8454378028,Aggarwal,606,Jaipur Gramin,Male,39,6,9449442.35,1,0,0,819519,0
3874,8017812427,Verma,516,Jaipur City,Male,37,4,0,2,1,1,14011771.45,0
3875,8069298432,Agarwal,856,Jaipur  Urban,Female,25,5,10507396.55,1,0,1,11301543.05,0
3876,8322701844,Verma,725,Jaipur City,Female,37,9,13227664.3,1,1,1,11482529.3,0
3877,8235528146,Meena,558,Jaipur  Urban,Male,31,2,7612463.15,2,1,1,377530.9,0
3878,8807067699,Khandelwal,654,Jaipur City,Male,45,4,0,1,0,1,14867932.25,1
3879,8186426705,Rathore,511,Jaipur  Urban,Female,32,6,11214808.2,2,1,1,152654.05,0
3880,8489432234,Choudhary,814,Jaipur Gramin,Female,33,9,12900673.55,2,0,0,15321244.9,1
3881,8235196339,Jain,692,Jaipur Gramin,Female,72,8,0,2,1,1,13056377.4,0
3882,8209865794,Jat,586,Jaipur Gramin,Female,64,3,0,1,1,1,16124810.25,0
3883,8780861436,Maheshwari,466,Jaipur Gramin,Female,22,6,0,2,1,1,5643480.65,0
3884,8828860016,Jat,503,Jaipur Gramin,Male,39,1,8304501.7,1,1,1,2610267.55,0
3885,8368982315,Choudhary,731,Jaipur Gramin,Male,31,6,0,2,1,1,6035836.4,0
3886,8498991775,Jain,650,Jaipur  Urban,Female,56,6,8775813.1,2,1,0,12159226.2,1
3887,8919634697,Singh,732,Jaipur  Urban,Male,34,8,12565830.5,2,0,1,132734.3,0
3888,8499307327,Agarwal,664,Jaipur Gramin,Female,46,5,0,2,1,0,4225167.25,0
3889,8842819815,Meena,772,Jaipur Gramin,Male,71,0,0,2,0,1,2536200.25,0
3890,8832605134,Meena,382,Jaipur Gramin,Female,39,2,0,2,0,0,768545.35,0
3891,8816367428,Maheshwari,684,Jaipur  Urban,Female,33,9,7184325.8,2,0,1,16831449.25,0
3892,8807521347,Sharma,748,Jaipur  Urban,Female,28,5,7814756.35,1,1,0,12195957.25,0
3893,8602912249,Rathore,539,Jaipur  Urban,Male,45,6,10560479.05,1,1,1,12441663.35,0
3894,8657717275,Saini,532,Jaipur Gramin,Female,42,5,0,2,0,0,8661953.9,0
3895,8711997364,Gupta,594,Jaipur City,Male,37,2,13352224.15,1,1,0,11455206.05,0
3896,8637730419,Agarwal,688,Jaipur  Urban,Female,25,3,9200809.7,2,1,1,8803786.6,0
3897,8941360178,Maheshwari,769,Jaipur Gramin,Female,21,9,0,2,0,1,11837060.9,0
3898,8233219764,Gupta,490,Jaipur  Urban,Female,41,5,6983744.5,2,1,0,15961001.65,0
3899,8505554179,Paliwal,674,Jaipur  Urban,Male,59,2,8888314.85,1,1,0,685052.4,1
3900,8116601422,Gupta,782,Jaipur Gramin,Female,36,2,10192559.1,1,1,0,10570168.2,0
3901,8432159504,Choudhary,851,Jaipur Gramin,Male,36,9,5854935.15,2,0,1,9276484.35,0
3902,8256116674,Maheshwari,570,Jaipur City,Male,30,2,0,2,1,1,6988943.1,0
3903,8236694089,Jat,589,Jaipur City,Female,40,1,7341984.65,1,0,1,11625208.6,1
3904,8703233710,Jat,652,Jaipur City,Female,45,9,12821402.55,2,1,0,13218889.75,0
3905,8592159721,Saini,718,Jaipur  Urban,Male,55,8,13180023.5,2,1,1,12289664.65,0
3906,8712038583,Maheshwari,475,Jaipur Gramin,Female,29,4,0,2,1,0,14008585.65,0
3907,8871842838,Choudhary,596,Jaipur Gramin,Male,44,8,6640891.05,2,0,1,9278008.4,0
3908,8155582225,Gupta,604,Jaipur  Urban,Male,46,4,8406479.6,2,1,1,7326178.9,0
3909,8928254080,Jain,666,Jaipur City,Male,37,1,0,1,1,1,9013482.45,0
3910,8902383906,Paliwal,397,Jaipur Gramin,Male,63,6,13683545.65,1,1,1,14280694.45,0
3911,8787719999,Singh,624,Jaipur Gramin,Female,70,3,7473730.4,2,1,0,2834772.1,1
3912,8830849524,Khandelwal,818,Jaipur Gramin,Female,35,4,0,1,1,1,10163053.9,0
3913,8780224697,Aggarwal,577,Jaipur City,Male,46,2,6747742.85,2,0,0,16021889.7,0
3914,8903541214,Jat,544,Jaipur  Urban,Male,53,5,10879815.55,1,1,0,14057186.1,1
3915,8290190906,Agarwal,670,Jaipur Gramin,Male,44,2,14313688.9,1,1,1,1205192.05,0
3916,8098986475,Jain,703,Jaipur  Urban,Male,43,2,11466162.55,1,1,1,8316999.25,0
3917,8399217152,Agarwal,527,Jaipur City,Male,36,6,0,3,1,1,10111569.4,0
3918,8630271618,Sharma,702,Jaipur Gramin,Female,50,6,8010293.75,2,1,1,4306445.95,1
3919,8087858242,Maheshwari,900,Jaipur Gramin,Male,29,1,0,2,0,0,13004735.65,0
3920,8904978212,Verma,796,Jaipur City,Female,39,7,0,2,1,0,1653993.75,0
3921,8475929042,Aggarwal,641,Jaipur  Urban,Male,43,3,18079187.2,1,1,0,9797853.1,0
3922,8977250588,Jat,560,Jaipur Gramin,Male,59,3,0,2,1,0,2196714.5,1
3923,8023380568,Paliwal,527,Jaipur Gramin,Male,39,3,11828062.8,2,1,0,12551298.05,0
3924,8127137184,Meena,797,Jaipur Gramin,Male,41,7,0,2,0,0,11464658.9,0
3925,8151073891,Jat,664,Jaipur Gramin,Female,40,0,0,2,1,0,3042647.25,0
3926,8547213500,Jain,559,Jaipur City,Male,44,5,0,2,1,0,5649337.15,0
3927,8695018460,Sharma,737,Jaipur  Urban,Male,29,6,7895406.05,1,1,1,5914171.65,0
3928,8598129529,Agarwal,576,Jaipur City,Female,65,1,0,2,0,1,8770509.1,0
3929,8108799833,Gupta,538,Jaipur Gramin,Male,29,5,7092653.3,1,0,1,15046478.15,0
3930,8322736515,Meena,655,Jaipur  Urban,Female,36,6,12305729.65,2,1,0,4523470.5,0
3931,8862025968,Choudhary,626,Jaipur  Urban,Female,52,9,9517787.45,1,1,1,13834284.65,1
3932,8576395021,Rathore,727,Jaipur Gramin,Female,35,8,15132765.05,1,0,1,3585442.8,0
3933,8015505393,Gupta,696,Jaipur Gramin,Male,23,5,11900611.15,1,0,1,2695696.8,0
3934,8621725402,Rathore,718,Jaipur Gramin,Male,37,5,8364051.85,2,0,0,2126468.8,0
3935,8883214752,Aggarwal,577,Jaipur City,Female,46,1,0,2,1,0,8863123.4,0
3936,8385089429,Singh,754,Jaipur  Urban,Male,45,3,9258568.05,2,1,0,7165534,1
3937,8094873775,Verma,728,Jaipur City,Female,32,4,11291022.6,1,0,0,11634565.4,0
3938,8893129090,Singh,793,Jaipur Gramin,Female,26,1,0,2,1,1,16949781.15,0
3939,8396731862,Meena,460,Jaipur  Urban,Male,41,1,10058427.4,1,0,0,13867579.15,1
3940,8246637396,Saini,763,Jaipur  Urban,Female,25,9,6947294.8,2,1,0,11602268.8,0
3941,8045554920,Meena,739,Jaipur  Urban,Male,66,5,10320011.5,1,0,0,855984,1
3942,8025860758,Singh,665,Jaipur Gramin,Male,32,9,10323730.25,1,1,0,16155825.05,1
3943,8722461123,Jat,659,Jaipur City,Male,20,5,0,2,1,1,4956310.9,0
3944,8647801108,Jain,659,Jaipur Gramin,Male,46,5,0,2,1,1,6540461,0
3945,8358948068,Agarwal,614,Jaipur Gramin,Female,31,8,10029129.6,1,1,1,4601038.1,0
3946,8499391658,Jat,668,Jaipur City,Male,40,10,0,2,1,1,4504209.5,0
3947,8837986014,Jat,493,Jaipur Gramin,Female,31,5,11679959.65,1,0,1,13757673.3,0
3948,8156381396,Jain,698,Jaipur Gramin,Male,61,10,6263497,1,1,1,14632013.05,0
3949,8612511001,Jain,778,Jaipur City,Male,58,9,10398109.5,2,0,1,10576481.15,0
3950,8803794984,Aggarwal,545,Jaipur  Urban,Male,43,5,8492085.65,1,0,0,2123588.15,0
3951,8896144505,Gupta,833,Jaipur City,Female,28,5,0,2,0,1,7369498.3,0
3952,8076766434,Saini,848,Jaipur Gramin,Female,47,9,14251510.55,1,0,0,10662409.35,1
3953,8760109349,Saini,593,Jaipur Gramin,Female,34,7,12029671.75,1,0,0,802667.75,0
3954,8446698071,Jat,662,Jaipur City,Female,33,3,10610763.35,1,1,0,16649550.1,0
3955,8521123816,Rathore,755,Jaipur Gramin,Female,34,9,11230345.35,1,0,1,8959791.35,0
3956,8403687964,Aggarwal,630,Jaipur Gramin,Male,39,2,0,2,1,0,8534259.25,0
3957,8174900982,Maheshwari,596,Jaipur  Urban,Female,60,0,6675886.4,1,0,1,4122744.8,0
3958,8462837563,Maheshwari,668,Jaipur  Urban,Female,38,5,10520489.1,1,0,0,3996671.1,1
3959,8664456640,Paliwal,640,Jaipur Gramin,Male,43,5,0,2,1,1,4101239.8,0
3960,8905012979,Jat,676,Jaipur  Urban,Male,49,7,9872805.25,3,1,1,7170490.35,1
3961,8967257148,Verma,522,Jaipur Gramin,Male,47,0,13661973.5,1,0,1,12408839.75,0
3962,8302738933,Agarwal,722,Jaipur Gramin,Female,29,10,7512181,1,1,0,7526773.8,0
3963,8030477458,Jain,734,Jaipur Gramin,Male,33,2,15545486.8,1,1,0,260185,0
3964,8985501616,Gupta,608,Jaipur Gramin,Male,31,8,0,2,1,1,3671702.5,0
3965,8410389269,Choudhary,451,Jaipur Gramin,Male,37,4,0,1,1,1,4740946.4,1
3966,8503703885,Jain,778,Jaipur City,Female,23,8,7276006.8,1,0,0,11396605.35,0
3967,8476567408,Verma,858,Jaipur Gramin,Male,35,4,0,2,0,1,16871678.05,0
3968,8703578040,Rathore,602,Jaipur Gramin,Male,32,10,0,2,1,1,9864498.2,0
3969,8172333946,Meena,659,Jaipur  Urban,Male,40,4,8075113.05,1,0,1,10472254.15,0
3970,8508075149,Khandelwal,541,Jaipur City,Male,27,2,9679223.7,1,1,1,7236030.45,1
3971,8650459179,Meena,491,Jaipur Gramin,Male,30,6,0,2,1,0,15350903.1,0
3972,8530190479,Singh,702,Jaipur City,Male,40,7,6366238.2,1,1,0,16889007,0
3973,8246656864,Verma,523,Jaipur Gramin,Female,22,5,7606872.7,1,0,0,3649426.55,0
3974,8573526348,Singh,733,Jaipur City,Male,38,3,10941096.3,1,0,0,9757443.25,0
3975,8508851173,Jat,793,Jaipur City,Male,27,8,0,2,1,0,5380304.5,0
3976,8372030960,Choudhary,522,Jaipur Gramin,Female,49,3,0,1,0,0,5254734.85,1
3977,8362620299,Sharma,559,Jaipur  Urban,Male,22,7,12321153.75,2,1,0,8690910,0
3978,8647630902,Jain,624,Jaipur City,Male,21,9,0,2,0,0,13165037.15,0
3979,8356508978,Sharma,884,Jaipur  Urban,Male,37,6,7990136.85,2,1,0,11961459.25,0
3980,8490351461,Rathore,702,Jaipur Gramin,Female,40,7,0,1,1,0,6192482.9,1
3981,8851150246,Jat,688,Jaipur Gramin,Male,65,0,0,1,1,1,7287333.05,0
3982,8361391520,Saini,646,Jaipur Gramin,Male,24,1,0,2,0,1,13820757.75,0
3983,8177876640,Jain,617,Jaipur Gramin,Male,46,4,0,1,1,0,6322263.45,1
3984,8291646236,Singh,631,Jaipur Gramin,Female,44,2,0,1,0,1,14714963.7,1
3985,8370055492,Saini,881,Jaipur City,Male,38,8,0,2,1,1,5651247.1,0
3986,8164771525,Gupta,709,Jaipur Gramin,Male,24,6,0,2,1,1,7888952,0
3987,8251123358,Paliwal,727,Jaipur City,Male,38,8,0,2,0,1,3963984.35,0
3988,8518819919,Choudhary,640,Jaipur Gramin,Male,37,7,12031439.75,1,1,1,10610559.35,0
3989,8086096926,Paliwal,653,Jaipur  Urban,Female,32,8,12029954.8,1,1,1,14202423.9,1
3990,8054760408,Choudhary,679,Jaipur Gramin,Male,30,7,9333450.5,1,0,1,13908172.6,0
3991,8354630767,Meena,730,Jaipur Gramin,Male,32,10,7362195.1,2,1,1,14630987.1,0
3992,8636729901,Aggarwal,475,Jaipur  Urban,Female,59,7,7792808.5,2,1,0,13867000.3,1
3993,8853984096,Jain,756,Jaipur  Urban,Male,38,0,3302096.15,2,0,0,7990264.35,0
3994,8446101043,Singh,715,Jaipur City,Male,40,3,13059324.35,1,1,1,11759892.8,0
3995,8719044233,Paliwal,851,Jaipur City,Male,80,8,0,2,0,1,2903944.25,0
3996,8602005975,Rathore,721,Jaipur City,Female,33,7,10528955.95,1,1,0,8312550.35,0
3997,8054827081,Sharma,605,Jaipur Gramin,Male,30,5,0,2,1,0,6441856.75,0
3998,8189765160,Maheshwari,678,Jaipur Gramin,Male,39,10,3937503.45,1,1,0,11629021.7,0
3999,8522061278,Khandelwal,647,Jaipur Gramin,Female,60,5,13773381.3,1,1,1,7170746.2,1
4000,8034394700,Rathore,715,Jaipur Gramin,Male,19,1,9428923.35,1,1,1,235163.55,0
4001,8844989826,Saini,504,Jaipur Gramin,Male,38,5,0,2,1,0,13870789.6,0
4002,8408424122,Saini,534,Jaipur  Urban,Male,53,5,9725831.75,1,1,0,15350853.8,1
4003,8399288177,Paliwal,641,Jaipur  Urban,Female,29,8,11053077.85,2,0,1,5937211.75,0
4004,8232837683,Khandelwal,780,Jaipur Gramin,Female,26,1,12878364.45,2,1,1,1693346.2,0
4005,8593760161,Verma,516,Jaipur City,Female,41,4,0,2,0,1,12546570.35,0
4006,8968420784,Gupta,587,Jaipur Gramin,Female,59,2,0,2,1,1,10723620.4,1
4007,8813747611,Jain,665,Jaipur Gramin,Male,37,6,7103326.75,1,1,0,3998971.2,0
4008,8348148178,Choudhary,658,Jaipur Gramin,Female,43,7,11897635.3,1,1,0,12211829.3,0
4009,8929658476,Agarwal,882,Jaipur City,Male,45,3,8518031.05,1,1,0,12969097.7,0
4010,8659907551,Maheshwari,415,Jaipur Gramin,Female,39,1,7668450.95,1,1,0,16264790.8,0
4011,8767339232,Singh,497,Jaipur City,Male,66,9,0,2,1,1,1209916.35,0
4012,8548522977,Rathore,713,Jaipur  Urban,Male,33,4,10545722.2,1,1,1,6622083.95,0
4013,8733994976,Singh,545,Jaipur City,Male,46,4,0,2,0,1,4872278.2,0
4014,8271227127,Saini,744,Jaipur  Urban,Female,57,1,13776996.35,4,0,0,2307387.05,1
4015,8908031556,Aggarwal,649,Jaipur  Urban,Female,51,2,9971068.65,4,1,1,2287581.2,1
4016,8892623991,Meena,856,Jaipur Gramin,Male,32,1,10445639.8,1,1,1,2250475.3,0
4017,8426393666,Sharma,456,Jaipur Gramin,Male,40,6,12647201.85,1,0,1,6743024.5,0
4018,8574503484,Gupta,853,Jaipur Gramin,Male,46,9,15319230.4,1,1,0,1144494.4,1
4019,8246865851,Aggarwal,738,Jaipur  Urban,Female,32,3,8912861.15,2,1,0,9702733,0
4020,8787393862,Gupta,624,Jaipur City,Male,31,2,14180878.1,2,1,1,11489586,0
4021,8469680023,Verma,745,Jaipur Gramin,Male,42,4,8749621.2,1,0,0,100969.8,0
4022,8467045054,Agarwal,806,Jaipur  Urban,Female,48,6,9242604.2,1,1,0,15687996.95,1
4023,8632611285,Paliwal,696,Jaipur  Urban,Male,44,0,11047857.15,2,1,1,2838267.3,0
4024,8830568940,Paliwal,522,Jaipur Gramin,Male,38,8,7308475.95,1,1,0,785259.75,0
4025,8373008060,Saini,666,Jaipur Gramin,Female,20,7,11423796.85,1,0,0,2382510.9,0
4026,8731257494,Meena,672,Jaipur Gramin,Male,63,8,11716530.05,1,1,1,3637174.65,0
4027,8298424605,Khandelwal,794,Jaipur  Urban,Male,56,10,8522174.8,3,1,1,6557105.7,1
4028,8093233083,Jain,674,Jaipur  Urban,Male,39,5,11884879.35,2,1,1,12428691.5,0
4029,8477228945,Khandelwal,436,Jaipur  Urban,Female,41,8,10467878.35,2,1,0,5960874.05,0
4030,8913655391,Aggarwal,481,Jaipur  Urban,Male,27,4,8103205.55,2,1,0,11228904.6,0
4031,8336460087,Gupta,604,Jaipur City,Female,42,6,0,1,1,1,7687218.95,0
4032,8444897588,Choudhary,706,Jaipur City,Male,37,7,11743804.85,2,1,1,9683736.35,0
4033,8311706374,Verma,396,Jaipur Gramin,Male,38,9,0,2,1,1,1024315.45,0
4034,8015547488,Choudhary,638,Jaipur  Urban,Male,48,6,10715632.1,1,1,0,5469376.85,1
4035,8430861252,Meena,601,Jaipur City,Female,42,4,8224930.65,1,1,1,16935625.25,0
4036,8502854768,Jain,803,Jaipur Gramin,Female,38,2,0,2,0,0,6424186.95,0
4037,8914184155,Jain,541,Jaipur Gramin,Male,42,2,11862724.1,1,1,0,3692011.55,1
4038,8870473340,Aggarwal,889,Jaipur Gramin,Female,52,5,0,1,0,0,15575375.35,1
4039,8724789703,Singh,443,Jaipur City,Female,31,6,0,1,1,0,12428168.75,1
4040,8665118158,Verma,455,Jaipur City,Male,27,2,14659393.25,1,1,1,3426797.95,0
4041,8184160179,Maheshwari,721,Jaipur Gramin,Male,37,8,9162902.25,1,1,0,1442172.05,0
4042,8027275395,Jain,592,Jaipur Gramin,Male,36,2,5965425.8,2,1,0,6851690.2,0
4043,8356025249,Jain,766,Jaipur City,Male,38,5,15129750.95,1,0,1,1634839.85,0
4044,8951405508,Aggarwal,642,Jaipur City,Male,31,1,0,2,1,0,11507489.55,0
4045,8537252768,Saini,670,Jaipur Gramin,Male,32,8,0,1,1,1,6834907.8,0
4046,8112695416,Jat,704,Jaipur City,Female,36,5,0,1,1,0,1504178.7,0
4047,8557413572,Verma,660,Jaipur Gramin,Male,37,9,0,2,1,0,1527796.8,0
4048,8182066981,Choudhary,744,Jaipur City,Male,21,2,10472066.3,1,1,1,15360543.8,0
4049,8244032993,Meena,602,Jaipur Gramin,Female,63,7,0,2,1,1,4787472.85,0
4050,8967398009,Jain,622,Jaipur City,Male,33,4,0,2,1,1,6591765.3,0
4051,8843439897,Jain,844,Jaipur  Urban,Male,41,9,11708146.5,2,1,1,14191414.7,0
4052,8779365248,Paliwal,832,Jaipur Gramin,Female,63,9,9883011.2,1,1,1,15660676.25,0
4053,8708659971,Agarwal,619,Jaipur  Urban,Male,41,10,9623717,2,1,1,9696197.35,0
4054,8015528998,Saini,540,Jaipur City,Male,51,5,0,2,1,0,13082979.85,0
4055,8330463797,Jain,602,Jaipur Gramin,Female,56,3,9851093.7,3,1,0,354974.45,1
4056,8574380543,Jat,422,Jaipur Gramin,Female,60,6,10347091.65,1,1,1,12151879.65,0
4057,8458227161,Agarwal,666,Jaipur City,Female,28,3,9674007.25,2,0,1,6531759.55,0
4058,8264045728,Paliwal,492,Jaipur Gramin,Female,26,6,11578196.8,1,0,0,13578098.05,0
4059,8775020832,Sharma,548,Jaipur Gramin,Male,39,8,12427000.85,1,1,0,15125294.4,0
4060,8798578887,Saini,691,Jaipur Gramin,Male,37,10,9030626.95,1,1,1,14167653.8,0
4061,8373352211,Meena,648,Jaipur Gramin,Female,29,4,0,2,1,0,3816862.1,0
4062,8963658255,Gupta,515,Jaipur City,Male,31,6,0,1,1,0,903202.35,0
4063,8096931318,Verma,551,Jaipur Gramin,Male,45,8,2043693.25,1,0,1,14431423.25,1
4064,8908823799,Aggarwal,707,Jaipur Gramin,Female,58,5,0,2,0,1,4237153.1,0
4065,8484722046,Meena,631,Jaipur  Urban,Male,39,10,11244473.2,3,1,1,4374773.2,1
4066,8084362457,Maheshwari,716,Jaipur City,Male,30,1,0,2,0,0,62542.15,0
4067,8470160470,Verma,868,Jaipur Gramin,Female,44,1,0,2,0,1,15512134.5,0
4068,8303123517,Agarwal,558,Jaipur  Urban,Female,32,4,7677454.15,2,0,1,10092931.45,0
4069,8376750878,Singh,637,Jaipur City,Male,23,3,0,2,1,0,1174125.4,0
4070,8151373299,Aggarwal,655,Jaipur Gramin,Female,34,3,11159064.35,1,0,0,11092555.25,0
4071,8211606569,Rathore,691,Jaipur City,Male,48,1,11191065.15,2,0,1,1202932.75,0
4072,8158809833,Choudhary,900,Jaipur City,Female,54,4,10280982.9,1,1,0,5691867.75,0
4073,8145722184,Sharma,852,Jaipur Gramin,Female,38,9,13019124.45,1,1,1,7927243.65,0
4074,8242158210,Saini,577,Jaipur City,Male,30,0,4529808.1,1,0,0,16709493.8,0
4075,8320442363,Jain,742,Jaipur Gramin,Female,35,2,14273620.75,1,1,0,3657094.4,0
4076,8512744562,Singh,736,Jaipur Gramin,Male,43,5,7343501.9,1,1,1,11050096.05,0
4077,8949871833,Paliwal,686,Jaipur Gramin,Female,50,1,0,1,1,0,1029079.7,1
4078,8024950408,Maheshwari,817,Jaipur City,Male,33,3,0,2,1,1,3617288.05,0
4079,8677697641,Singh,667,Jaipur City,Male,47,1,0,2,1,1,16826764.05,0
4080,8259195570,Meena,580,Jaipur Gramin,Female,31,4,13513197.15,1,1,0,1065808.2,0
4081,8898130447,Sharma,850,Jaipur  Urban,Female,37,2,8536706.4,1,1,0,2986941.65,1
4082,8981894615,Gupta,745,Jaipur City,Male,33,5,0,2,0,1,9998286.5,0
4083,8777776881,Khandelwal,814,Jaipur  Urban,Female,29,6,12780512.45,1,1,0,5308590.85,1
4084,8450308941,Verma,900,Jaipur City,Female,45,4,9719567.25,2,1,1,9272568.4,0
4085,8169132924,Verma,712,Jaipur Gramin,Female,39,4,0,2,0,1,12098168.15,0
4086,8483975554,Meena,504,Jaipur Gramin,Male,34,4,11390671.5,1,1,1,16422774.35,0
4087,8959472865,Jat,791,Jaipur  Urban,Male,31,4,8406492.35,1,1,1,4065789.7,0
4088,8366684640,Jat,644,Jaipur Gramin,Male,60,3,0,2,1,1,5964792.55,0
4089,8103257841,Jain,786,Jaipur  Urban,Male,40,2,11681619.7,2,0,0,15025330.15,0
4090,8204509591,Maheshwari,674,Jaipur Gramin,Female,47,6,0,2,1,1,10998383.75,0
4091,8412167624,Rathore,484,Jaipur Gramin,Female,37,8,0,2,1,1,8320932.2,0
4092,8603371148,Choudhary,599,Jaipur  Urban,Male,39,2,16063035.65,2,0,1,14972077.65,0
4093,8762381185,Aggarwal,580,Jaipur City,Female,40,4,0,2,1,0,9697967.05,0
4094,8040583878,Gupta,797,Jaipur City,Female,48,1,6459232.45,1,1,0,13457523.85,1
4095,8095522415,Jain,496,Jaipur Gramin,Male,29,10,0,2,0,1,2168755.45,0
4096,8363563646,Sharma,756,Jaipur City,Male,62,5,9535391.8,1,0,1,5228678.95,0
4097,8576216084,Jat,864,Jaipur City,Male,34,10,8262719.1,1,1,1,5062033.9,0
4098,8512267922,Rathore,596,Jaipur City,Female,26,7,0,2,1,0,9371522,0
4099,8369090136,Rathore,644,Jaipur Gramin,Male,32,5,0,1,0,0,12645371.8,0
4100,8964573998,Maheshwari,715,Jaipur Gramin,Male,34,9,12822827.15,1,0,1,700126.3,0
4101,8638374805,Meena,642,Jaipur  Urban,Female,37,9,12473585.95,1,0,1,969644.3,0
4102,8000850122,Gupta,688,Jaipur City,Female,57,4,0,2,1,1,4223147.65,0
4103,8885445024,Agarwal,674,Jaipur City,Male,33,3,0,2,0,1,5785510.55,0
4104,8388448671,Aggarwal,700,Jaipur City,Male,41,0,12653369.45,1,1,1,13932462.2,0
4105,8864548351,Maheshwari,900,Jaipur Gramin,Male,55,6,0,1,1,0,80274.85,1
4106,8157323348,Choudhary,858,Jaipur City,Male,28,6,0,2,0,1,15771555.35,0
4107,8167678118,Maheshwari,685,Jaipur City,Male,34,10,13035601.7,1,1,0,11943338.1,0
4108,8840722815,Maheshwari,601,Jaipur Gramin,Female,40,3,7824705.6,1,0,1,13995421.7,1
4109,8433686995,Saini,731,Jaipur  Urban,Female,39,9,10601533.2,1,1,0,6259558.1,0
4110,8329606215,Meena,722,Jaipur  Urban,Male,28,1,8757875.55,1,1,1,3427358.95,0
4111,8664232745,Aggarwal,550,Jaipur Gramin,Male,40,6,0,2,1,0,14776815.65,0
4112,8346893284,Saini,709,Jaipur City,Male,40,1,0,2,1,1,12377119.45,0
4113,8617109000,Saini,720,Jaipur Gramin,Female,30,9,0,1,1,1,14872589.4,0
4114,8182171416,Paliwal,680,Jaipur Gramin,Male,33,4,0,2,1,1,11205953.75,0
4115,8824089048,Gupta,629,Jaipur  Urban,Male,54,3,9921728.7,1,1,0,9392338.5,1
4116,8536429536,Paliwal,576,Jaipur Gramin,Female,23,5,9683523.85,2,0,0,16680521.55,0
4117,8262923521,Gupta,565,Jaipur City,Female,31,3,0,2,1,1,16546773.2,0
4118,8093557010,Jain,553,Jaipur Gramin,Male,37,5,0,2,1,0,7062926.25,0
4119,8390481645,Sharma,515,Jaipur Gramin,Male,28,9,0,2,1,1,4466345.4,0
4120,8721157139,Rathore,684,Jaipur Gramin,Male,36,7,0,2,0,0,5063577.5,0
4121,8716528105,Aggarwal,679,Jaipur  Urban,Female,21,1,10355331.55,2,1,1,8484556.35,0
4122,8907675356,Meena,634,Jaipur City,Male,42,7,0,2,0,1,14702268.95,0
4123,8200509765,Jain,572,Jaipur Gramin,Male,60,10,10658124.5,2,1,1,15182422.05,0
4124,8897518096,Khandelwal,662,Jaipur City,Female,38,1,8831101.35,1,0,1,13570202.4,0
4125,8126837627,Maheshwari,694,Jaipur Gramin,Male,26,5,9445883.4,1,1,0,5180007.95,1
4126,8011106789,Verma,710,Jaipur City,Female,49,9,0,2,1,0,15159123.55,0
4127,8823845571,Meena,690,Jaipur City,Male,32,10,0,2,1,0,16281380.25,0
4128,8342067549,Sharma,734,Jaipur City,Male,52,9,0,1,1,1,10028083.25,1
4129,8445578323,Choudhary,647,Jaipur  Urban,Female,37,5,12855610.8,1,0,1,4219200.25,0
4130,8875901314,Singh,622,Jaipur Gramin,Male,48,7,0,1,1,0,1183354.7,1
4131,8452110422,Singh,545,Jaipur Gramin,Male,39,2,11025317.7,1,1,0,14721755.2,0
4132,8840411442,Rathore,520,Jaipur Gramin,Male,47,9,7084516.25,1,1,1,11704181.25,0
4133,8312170321,Singh,528,Jaipur City,Female,28,6,7150288.4,1,0,1,6859375.9,0
4134,8682587289,Singh,725,Jaipur City,Male,33,3,0,2,1,0,6206592.9,0
4135,8002494903,Verma,694,Jaipur Gramin,Male,43,5,8698746.15,1,1,1,6770217.7,0
4136,8695655139,Jat,734,Jaipur Gramin,Female,29,3,7426941.3,2,0,0,14126535.05,0
4137,8453500863,Paliwal,661,Jaipur Gramin,Male,44,2,0,3,1,0,8715079.75,1
4138,8922794247,Choudhary,827,Jaipur  Urban,Male,51,3,8897552.65,1,1,0,6312557.3,0
4139,8131834832,Paliwal,810,Jaipur  Urban,Male,32,8,10341884.55,1,0,1,10701363.15,0
4140,8560874206,Gupta,557,Jaipur  Urban,Male,40,7,9214623.9,1,1,1,7112902,0
4141,8022473124,Saini,889,Jaipur  Urban,Female,33,7,13172432.15,2,1,1,8457988.75,0
4142,8857270764,Jat,900,Jaipur City,Male,39,0,12055521.95,1,1,1,7883593.6,0
4143,8754385528,Paliwal,644,Jaipur Gramin,Female,63,5,0,1,1,0,2387885.45,1
4144,8810169312,Meena,480,Jaipur Gramin,Male,45,2,9278839.7,1,1,1,10722331.8,0
4145,8182860186,Meena,666,Jaipur Gramin,Male,44,8,7435088.55,1,0,1,16030488.3,0
4146,8033919148,Paliwal,679,Jaipur Gramin,Female,33,2,12514520.25,1,1,1,4794864.45,0
4147,8122768213,Maheshwari,670,Jaipur Gramin,Female,24,2,0,2,1,1,7199031.65,0
4148,8316229247,Paliwal,779,Jaipur  Urban,Male,66,6,15515239.55,2,1,1,16611543.2,0
4149,8260291545,Singh,665,Jaipur Gramin,Male,32,6,0,2,1,1,11721378.45,0
4150,8307242975,Gupta,628,Jaipur Gramin,Female,39,1,13676772,1,0,0,6695820.6,0
4151,8122711149,Sharma,793,Jaipur Gramin,Female,33,6,11734572.15,2,1,0,12646249.85,0
4152,8703479650,Aggarwal,632,Jaipur Gramin,Male,44,6,13051590.2,1,0,0,3000506.8,1
4153,8562000932,Jat,788,Jaipur  Urban,Male,31,8,12672301.5,2,1,1,16751575.6,0
4154,8486993887,Jat,714,Jaipur  Urban,Female,53,8,8094712.35,1,0,0,5961968,1
4155,8427715142,Paliwal,751,Jaipur Gramin,Male,34,3,0,2,1,0,16684519.1,0
4156,8947539744,Agarwal,584,Jaipur City,Male,41,8,7234282.85,1,1,0,132414.7,0
4157,8183272478,Choudhary,606,Jaipur  Urban,Female,43,8,10653798,2,1,0,2037461.05,0
4158,8001310646,Rathore,900,Jaipur City,Male,62,5,0,2,1,1,15320702.6,0
4159,8612409724,Choudhary,900,Jaipur Gramin,Female,38,0,9080693.65,1,0,1,12663106.2,0
4160,8618902795,Aggarwal,781,Jaipur Gramin,Male,29,3,13565783.25,1,1,0,3394424.85,0
4161,8395234314,Meena,632,Jaipur  Urban,Female,37,7,12525733.45,1,1,1,11307716.6,0
4162,8729590103,Paliwal,763,Jaipur Gramin,Male,43,4,14971435.9,1,1,1,4492834.8,0
4163,8353214279,Meena,662,Jaipur Gramin,Female,74,5,0,2,1,1,79657.75,0
4164,8236895775,Meena,632,Jaipur Gramin,Female,35,7,0,2,0,1,16406907.4,0
4165,8106505784,Agarwal,643,Jaipur Gramin,Male,34,1,7144711.55,1,0,0,3186721.4,0
4166,8303403173,Meena,810,Jaipur Gramin,Male,60,7,0,2,1,1,9482489.5,0
4167,8161909077,Aggarwal,900,Jaipur City,Female,45,5,14797505.5,4,1,0,481891.35,1
4168,8403983841,Jain,900,Jaipur City,Male,34,8,16934476.9,1,0,0,5789034.65,0
4169,8503239698,Gupta,499,Jaipur Gramin,Male,37,8,0,1,1,0,8655939.3,0
4170,8864990835,Khandelwal,496,Jaipur City,Female,42,10,0,2,0,1,6217856.25,0
4171,8181677011,Rathore,688,Jaipur  Urban,Female,69,3,6700817.75,2,1,1,3161672.75,0
4172,8525345975,Paliwal,557,Jaipur Gramin,Female,27,6,0,1,0,0,664679.6,0
4173,8636088077,Maheshwari,643,Jaipur Gramin,Female,35,2,0,2,1,1,1966004.1,0
4174,8887849504,Aggarwal,734,Jaipur Gramin,Male,29,3,8715951.85,1,1,1,16122867.15,0
4175,8206327375,Singh,562,Jaipur Gramin,Male,51,4,0,3,1,1,5659857.6,0
4176,8035883199,Jain,769,Jaipur City,Male,43,0,0,2,1,1,248253.55,1
4177,8696199487,Rathore,785,Jaipur  Urban,Female,39,8,10999158.95,1,1,1,7453219.05,0
4178,8724127421,Aggarwal,731,Jaipur Gramin,Female,32,7,0,2,1,1,16950531.7,0
4179,8961120835,Jain,492,Jaipur Gramin,Female,32,1,0,2,0,1,2423789.45,0
4180,8347019738,Meena,739,Jaipur City,Male,33,2,0,2,1,1,7897905.05,0
4181,8783986523,Maheshwari,608,Jaipur  Urban,Male,36,10,9069749.9,2,0,0,16856663.65,0
4182,8920787580,Gupta,667,Jaipur City,Male,26,4,11864688.45,1,1,0,3086259.05,0
4183,8715726671,Paliwal,540,Jaipur  Urban,Male,52,5,10286379.55,1,1,1,3547081.45,1
4184,8560270394,Jat,463,Jaipur Gramin,Male,26,2,0,2,1,1,2668949,0
4185,8882601395,Choudhary,598,Jaipur  Urban,Male,59,8,10047885.7,2,0,0,5116331.9,1
4186,8737786351,Saini,690,Jaipur City,Male,35,8,0,2,1,0,2470291.25,0
4187,8520146706,Khandelwal,786,Jaipur Gramin,Female,29,4,12635661.4,2,1,1,2448432.65,0
4188,8619940500,Gupta,667,Jaipur City,Male,32,5,11641865.2,1,1,0,11374213.8,0
4189,8945329429,Jat,653,Jaipur  Urban,Male,47,9,11710799.35,2,1,0,12911736.3,0
4190,8005516552,Sharma,598,Jaipur Gramin,Female,32,4,9448304.2,1,1,1,14226982.1,0
4191,8755881992,Paliwal,900,Jaipur City,Female,31,3,10305200.25,1,1,1,2636917.6,0
4192,8516080072,Aggarwal,695,Jaipur Gramin,Male,36,1,8264939.3,1,1,0,16064751.8,0
4193,8883300122,Sharma,638,Jaipur Gramin,Male,60,2,0,2,0,1,177252.2,0
4194,8148410640,Jat,540,Jaipur City,Male,45,0,0,2,0,1,5983975.35,0
4195,8752177144,Gupta,566,Jaipur  Urban,Female,54,9,8277515.05,1,1,1,16640615.75,0
4196,8570961708,Aggarwal,631,Jaipur  Urban,Female,47,2,8764248,1,0,1,14150412.4,1
4197,8719184903,Paliwal,630,Jaipur City,Female,57,7,0,1,0,0,7149024.45,1
4198,8953835727,Singh,498,Jaipur Gramin,Female,58,2,11207488.85,1,1,0,6922117.8,1
4199,8990758801,Saini,614,Jaipur City,Male,35,1,0,1,1,1,7076782.1,1
4200,8320517756,Meena,634,Jaipur City,Female,39,8,9142033.05,1,1,0,9989489.85,0
4201,8093897850,Aggarwal,515,Jaipur City,Female,43,5,0,2,0,0,6755513.55,0
4202,8465359904,Singh,682,Jaipur  Urban,Female,46,7,13753517.65,1,1,1,14709436.15,0
4203,8318584320,Paliwal,511,Jaipur Gramin,Male,30,9,0,2,0,0,8584632.8,0
4204,8834736331,Paliwal,829,Jaipur Gramin,Female,52,7,0,1,1,1,10436512.5,0
4205,8824703493,Aggarwal,568,Jaipur Gramin,Male,27,2,10900657.55,1,1,1,988663.9,0
4206,8833206056,Gupta,558,Jaipur Gramin,Female,38,5,10764836.05,1,1,1,14305801.75,0
4207,8386539446,Singh,605,Jaipur Gramin,Female,47,8,5278050.35,3,0,0,791188.5,1
4208,8205466116,Gupta,667,Jaipur Gramin,Male,37,7,9544763.9,1,1,0,13018427.45,0
4209,8965992890,Jain,416,Jaipur Gramin,Female,44,5,7581050.55,1,1,1,6409700.4,0
4210,8430235215,Jat,698,Jaipur Gramin,Male,55,9,0,1,1,0,13035328,1
4211,8621747985,Verma,404,Jaipur City,Male,28,2,9278706.25,1,1,0,13003930.7,0
4212,8504904529,Aggarwal,830,Jaipur City,Male,47,0,0,1,1,1,472419.8,1
4213,8588161856,Khandelwal,632,Jaipur City,Female,25,4,0,1,1,1,16516684.05,0
4214,8259573173,Paliwal,800,Jaipur Gramin,Female,34,8,0,2,1,0,8055260.45,0
4215,8899395004,Choudhary,703,Jaipur Gramin,Male,26,7,0,2,1,0,130975.65,0
4216,8533890183,Aggarwal,827,Jaipur Gramin,Female,53,1,13453097.9,1,1,1,428093.15,1
4217,8050594178,Jat,833,Jaipur Gramin,Male,56,9,8240852.85,1,1,1,6101024.6,0
4218,8993486841,Maheshwari,584,Jaipur  Urban,Male,35,5,10358406.85,1,1,1,1995943.65,1
4219,8133461316,Maheshwari,587,Jaipur  Urban,Female,19,9,7097084.35,1,1,1,12156896.35,1
4220,8234399414,Rathore,532,Jaipur  Urban,Female,25,1,12458110.85,1,0,1,13719635.8,0
4221,8721638055,Khandelwal,587,Jaipur City,Female,45,1,0,1,0,0,10704833.7,1
4222,8756084690,Paliwal,721,Jaipur  Urban,Male,23,5,15818600.3,2,1,1,6511963.05,0
4223,8758844753,Sharma,900,Jaipur Gramin,Male,40,6,0,1,1,0,11643731.8,1
4224,8156877489,Paliwal,751,Jaipur  Urban,Female,51,8,9137063.1,2,1,0,11979722.35,1
4225,8344578932,Jain,800,Jaipur City,Male,47,2,0,1,1,0,4093700.3,1
4226,8268622942,Meena,658,Jaipur City,Male,36,8,12490187.3,2,1,1,11053523.25,0
4227,8661575200,Singh,661,Jaipur City,Female,36,8,0,2,1,0,7790456.55,0
4228,8706271854,Paliwal,640,Jaipur Gramin,Female,36,6,10636073.8,1,0,0,10706725.8,0
4229,8301425809,Verma,768,Jaipur Gramin,Female,37,9,0,2,1,1,6224151.35,0
4230,8389264252,Saini,590,Jaipur Gramin,Female,34,9,0,2,1,1,1739117,0
4231,8731235256,Maheshwari,684,Jaipur Gramin,Female,41,10,0,3,1,0,6936171.7,0
4232,8419362022,Saini,634,Jaipur Gramin,Male,36,3,0,2,1,1,743147.35,0
4233,8807039759,Saini,774,Jaipur Gramin,Male,47,5,0,2,0,0,12392125.35,0
4234,8092641278,Gupta,726,Jaipur Gramin,Male,32,3,0,2,0,0,11014044.15,0
4235,8535992143,Saini,551,Jaipur Gramin,Female,42,7,0,2,1,1,16153424.65,0
4236,8562131438,Meena,594,Jaipur Gramin,Male,29,6,12808292.15,1,1,0,7460540.1,0
4237,8371301413,Jain,470,Jaipur Gramin,Male,35,4,12015546.45,2,1,0,3359160.05,0
4238,8239431080,Sharma,478,Jaipur Gramin,Female,29,9,0,1,1,0,16153045.55,0
4239,8907132550,Saini,666,Jaipur Gramin,Female,39,6,8043657.1,2,1,1,12660624.2,0
4240,8440282957,Khandelwal,643,Jaipur Gramin,Female,39,3,10058571.9,1,1,0,15698800.45,0
4241,8271364842,Aggarwal,641,Jaipur Gramin,Female,45,2,0,1,1,1,12193956.35,0
4242,8196807092,Khandelwal,832,Jaipur City,Male,63,0,0,2,0,1,2309173.75,0
4243,8768116542,Aggarwal,511,Jaipur  Urban,Male,50,5,10559825.4,1,0,1,13553833.95,1
4244,8593603951,Gupta,802,Jaipur Gramin,Female,26,5,4344882.1,1,1,1,5988657.15,1
4245,8652474712,Meena,528,Jaipur  Urban,Male,64,1,7808923.65,1,0,1,8110785,0
4246,8389139615,Sharma,758,Jaipur Gramin,Female,34,8,10398766.55,2,1,0,15978797.25,0
4247,8632162853,Verma,620,Jaipur Gramin,Female,30,8,0,1,1,1,7872861.5,0
4248,8957259413,Jat,644,Jaipur City,Female,54,5,0,1,0,1,12821143.3,0
4249,8167841679,Sharma,568,Jaipur Gramin,Male,26,8,7333029.05,2,1,1,7665070.5,0
4250,8852155187,Jat,517,Jaipur Gramin,Male,44,3,0,2,1,1,2925427.15,0
4251,8595040796,Khandelwal,467,Jaipur Gramin,Female,38,5,9969643.2,1,0,0,7244709.8,0
4252,8302950543,Rathore,601,Jaipur Gramin,Male,35,2,0,2,1,1,10113570.3,0
4253,8217311819,Maheshwari,422,Jaipur  Urban,Male,33,7,13061377.95,1,1,0,9508799.55,0
4254,8757116644,Jat,754,Jaipur City,Female,29,1,0,1,1,1,7059778.7,0
4255,8950132287,Jain,588,Jaipur  Urban,Female,27,8,10505956.65,2,1,0,142538.2,0
4256,8908949338,Choudhary,468,Jaipur Gramin,Male,29,4,0,2,1,0,2727613.45,0
4257,8807598424,Jain,595,Jaipur City,Female,76,9,11407701.25,1,1,1,1143711.55,0
4258,8813853964,Paliwal,642,Jaipur Gramin,Male,29,1,0,1,0,1,2113570.9,0
4259,8476884807,Maheshwari,818,Jaipur  Urban,Male,35,7,8377335.65,2,1,0,9999770.6,0
4260,8757586615,Maheshwari,828,Jaipur City,Female,37,3,0,3,0,0,8406272.2,0
4261,8282879748,Aggarwal,584,Jaipur Gramin,Male,40,2,0,4,0,1,9024849.5,1
4262,8396292363,Meena,833,Jaipur City,Female,46,8,11440472.15,1,1,1,3942841.45,0
4263,8675322024,Agarwal,498,Jaipur Gramin,Male,41,8,0,2,1,1,15729601.9,0
4264,8985767682,Gupta,775,Jaipur City,Male,24,10,5846454.7,1,0,1,4079778.15,0
4265,8818718434,Khandelwal,680,Jaipur  Urban,Female,56,8,11684443.4,1,1,0,11121977.15,1
4266,8417847328,Choudhary,731,Jaipur Gramin,Male,32,4,12521172.35,1,0,1,3473231.75,0
4267,8057700728,Jat,523,Jaipur Gramin,Female,35,8,0,1,1,0,14606420.4,1
4268,8777604309,Saini,733,Jaipur Gramin,Female,41,3,12389167.35,1,1,1,8623680.95,0
4269,8646850097,Meena,784,Jaipur Gramin,Male,46,8,0,3,1,0,7713574.9,1
4270,8527750583,Choudhary,778,Jaipur Gramin,Male,44,4,9571915.45,1,0,1,174126.75,0
4271,8599952875,Gupta,628,Jaipur Gramin,Female,57,7,6075952.15,2,1,1,7175813.9,0
4272,8625207688,Aggarwal,438,Jaipur Gramin,Male,33,5,0,2,0,1,6689337.65,0
4273,8817910248,Khandelwal,648,Jaipur City,Female,34,3,6615278,1,1,1,14326312.25,0
4274,8670487249,Meena,554,Jaipur Gramin,Male,75,5,7406972.25,1,1,1,3344889.4,0
4275,8649302961,Gupta,482,Jaipur  Urban,Female,42,0,11220229.5,1,0,1,2397423.3,1
4276,8483929116,Rathore,523,Jaipur Gramin,Male,32,7,15130977.5,2,1,0,1901886.9,0
4277,8002873382,Rathore,684,Jaipur  Urban,Female,32,4,8751147.8,2,0,1,11470108.25,0
4278,8330211162,Jain,810,Jaipur  Urban,Male,51,2,10521576.25,1,1,1,11466633.45,0
4279,8175885484,Jain,791,Jaipur  Urban,Male,30,4,8653226.95,1,0,0,738973,0
4280,8443335696,Gupta,605,Jaipur Gramin,Male,33,3,12636055.8,1,0,0,3607208.75,0
4281,8117337143,Choudhary,799,Jaipur  Urban,Female,62,7,12131580.8,1,0,1,500924.55,1
4282,8324618465,Jain,545,Jaipur City,Female,41,4,9532995.65,1,0,1,3080586.15,0
4283,8585698861,Khandelwal,464,Jaipur Gramin,Female,53,10,7611822.25,1,0,1,7656532.25,0
4284,8377412804,Meena,750,Jaipur Gramin,Male,35,7,6452838.75,1,1,0,12793131.55,0
4285,8718767757,Choudhary,758,Jaipur  Urban,Female,42,2,10105621.1,2,0,0,7430882.75,0
4286,8570293058,Jain,628,Jaipur Gramin,Male,40,5,10097028.45,1,1,0,16393729,0
4287,8188320790,Verma,817,Jaipur Gramin,Female,42,3,13307220.9,1,1,1,14932290.85,0
4288,8738943974,Jat,737,Jaipur  Urban,Male,53,1,8427058.1,1,1,1,6162164.25,1
4289,8329088605,Verma,572,Jaipur  Urban,Female,31,4,5202950.3,1,1,1,12346286.55,0
4290,8448943857,Singh,757,Jaipur City,Female,37,1,10959254,1,1,1,15360564.2,0
4291,8529631468,Rathore,660,Jaipur City,Female,23,5,0,1,1,1,15352906.55,0
4292,8552965052,Aggarwal,815,Jaipur Gramin,Male,32,10,6861892.75,1,1,0,7336073.75,0
4293,8241949590,Sharma,727,Jaipur City,Female,46,2,10851139.1,2,1,0,12763329.7,1
4294,8244842394,Jat,760,Jaipur City,Male,44,3,9016025.65,1,0,1,8637481.55,0
4295,8102581813,Rathore,575,Jaipur  Urban,Female,42,3,11692632.3,2,1,1,7261068.9,0
4296,8618357897,Choudhary,451,Jaipur  Urban,Female,34,8,9511961.55,1,0,1,16763853.85,1
4297,8859097560,Choudhary,810,Jaipur Gramin,Male,40,9,10728074.4,1,1,0,5966708.45,0
4298,8963573580,Choudhary,526,Jaipur City,Male,68,9,0,2,1,0,9387442.5,1
4299,8355151631,Aggarwal,602,Jaipur Gramin,Male,38,7,9506054.9,2,1,0,10573116.85,0
4300,8198693416,Verma,618,Jaipur Gramin,Male,30,8,0,2,0,0,270567.75,0
4301,8808736353,Sharma,720,Jaipur  Urban,Female,28,3,8474983.65,2,0,0,12471516.2,0
4302,8454296246,Khandelwal,618,Jaipur Gramin,Male,32,1,0,2,0,0,181836.25,0
4303,8054517375,Jain,533,Jaipur  Urban,Male,44,2,9256154.05,1,0,0,5884397,1
4304,8914373860,Choudhary,568,Jaipur City,Male,56,3,13146930.45,1,0,1,9814292.95,1
4305,8707457340,Agarwal,546,Jaipur City,Male,50,7,10885185,2,1,1,5301883.5,0
4306,8025623125,Singh,710,Jaipur Gramin,Female,31,2,0,2,1,0,7805479.45,1
4307,8812364543,Jat,451,Jaipur Gramin,Female,40,4,0,2,0,0,15516498.4,0
4308,8602128080,Meena,804,Jaipur City,Male,46,9,16207631.7,1,1,1,1251655.6,0
4309,8062582486,Jain,649,Jaipur Gramin,Female,40,7,0,1,1,0,10794716.95,0
4310,8514915189,Agarwal,726,Jaipur Gramin,Female,35,5,0,1,1,0,11389244.35,1
4311,8859655779,Sharma,821,Jaipur Gramin,Male,38,5,11620597.35,1,0,1,14443278.2,0
4312,8298884296,Aggarwal,752,Jaipur City,Female,52,1,13152387.45,1,1,0,6822071.95,1
4313,8796460979,Khandelwal,571,Jaipur Gramin,Female,41,4,9571842.35,1,0,0,16237990.3,1
4314,8394311937,Khandelwal,655,Jaipur City,Male,69,10,9814307.4,1,1,0,3435858.95,0
4315,8124577247,Sharma,646,Jaipur Gramin,Male,34,5,11347615.6,1,0,1,13229658.4,0
4316,8310222711,Meena,638,Jaipur  Urban,Male,30,1,4986781.7,1,1,1,6686994.2,0
4317,8086125745,Jat,900,Jaipur City,Male,44,7,7575052.1,1,1,0,8860465.45,1
4318,8633305844,Paliwal,470,Jaipur Gramin,Female,28,9,0,2,1,0,8156352.65,0
4319,8603312250,Meena,688,Jaipur  Urban,Female,77,10,6503394.2,2,0,1,5065631.1,0
4320,8314587477,Khandelwal,611,Jaipur City,Male,34,7,11959056.3,2,1,0,3932663.55,0
4321,8297561258,Gupta,721,Jaipur  Urban,Male,36,7,8113107.2,2,1,0,16072230.95,0
4322,8267650892,Jat,661,Jaipur Gramin,Male,34,4,7782854.15,1,1,1,10536102.75,0
4323,8265897607,Sharma,490,Jaipur Gramin,Male,31,8,6166025.8,1,1,0,11033261.8,0
4324,8010347578,Khandelwal,619,Jaipur City,Female,43,3,10273710.3,1,1,0,1594763.2,1
4325,8248841920,Khandelwal,467,Jaipur Gramin,Male,34,5,0,1,0,0,3700950.15,0
4326,8014228944,Choudhary,560,Jaipur City,Female,45,1,13372243.35,1,1,0,5286483.2,0
4327,8815410955,Sharma,737,Jaipur City,Male,27,3,0,3,1,1,10976057.65,0
4328,8929110275,Paliwal,694,Jaipur  Urban,Female,30,1,11872540.75,2,0,1,1372410,0
4329,8473185652,Sharma,577,Jaipur Gramin,Female,55,6,0,1,1,1,1907581.05,0
4330,8727504844,Paliwal,778,Jaipur City,Male,60,3,0,2,1,1,6646521.45,0
4331,8950421598,Jat,817,Jaipur Gramin,Female,19,3,0,2,1,1,10565272.2,0
4332,8974922876,Singh,709,Jaipur City,Male,21,3,8755079.9,1,1,1,8895129.3,0
4333,8671848488,Gupta,488,Jaipur  Urban,Male,31,2,11410150.95,1,1,1,14146011.1,1
4334,8611080058,Jain,749,Jaipur  Urban,Male,34,6,10050034.5,2,0,0,13356664.55,0
4335,8429228285,Sharma,726,Jaipur City,Female,57,3,0,2,1,1,2901401.9,0
4336,8164761606,Agarwal,730,Jaipur City,Female,64,5,0,3,0,1,9564205.95,1
4337,8971476438,Rathore,576,Jaipur  Urban,Male,38,9,9812586.15,2,1,0,10920927.5,1
4338,8521685719,Saini,900,Jaipur Gramin,Male,38,5,0,2,1,0,1401789.4,0
4339,8394386942,Saini,737,Jaipur City,Male,25,2,0,1,1,1,11303251.55,0
4340,8119733828,Sharma,551,Jaipur Gramin,Female,43,1,0,2,1,1,16714898.95,0
4341,8210507844,Paliwal,572,Jaipur City,Female,44,8,9822345,1,0,1,10838074.6,0
4342,8001539152,Agarwal,656,Jaipur  Urban,Female,35,3,14154083.55,2,1,0,12574089.1,0
4343,8286036509,Singh,545,Jaipur City,Male,30,6,11506460.2,1,1,1,15273569.25,1
4344,8461766216,Choudhary,539,Jaipur  Urban,Male,54,5,7894573.05,1,1,0,222669.4,1
4345,8735390981,Paliwal,514,Jaipur Gramin,Female,26,10,8676261.95,2,0,0,14177994.05,0
4346,8117796952,Aggarwal,744,Jaipur  Urban,Male,46,3,8248621,1,1,1,11348903.35,1
4347,8135059346,Aggarwal,772,Jaipur City,Male,41,7,0,1,1,0,13917567.65,1
4348,8613330127,Jat,618,Jaipur  Urban,Male,24,8,9224885.95,2,0,0,15256514.85,1
4349,8972796116,Saini,642,Jaipur  Urban,Female,44,2,6720512.25,2,0,1,9629798.75,0
4350,8828074817,Sharma,703,Jaipur City,Male,45,3,6313363.95,3,1,0,5517135.8,1
4351,8368435465,Aggarwal,888,Jaipur City,Female,36,6,0,2,1,0,12015962.95,0
4352,8519551887,Sharma,714,Jaipur Gramin,Male,43,1,8535793.5,1,1,1,8597008.8,0
4353,8709372196,Jat,557,Jaipur Gramin,Male,26,7,7140584.8,2,0,0,15596734.15,0
4354,8396571854,Saini,846,Jaipur Gramin,Female,31,4,0,2,1,0,407840.2,0
4355,8063904076,Meena,550,Jaipur City,Male,45,4,0,1,1,0,11203606.9,0
4356,8084921420,Singh,668,Jaipur Gramin,Female,39,4,6824973.85,1,1,0,8261384.6,0
4357,8749948191,Rathore,649,Jaipur Gramin,Female,42,7,10662156.9,2,0,0,13950929.3,0
4358,8263521260,Rathore,786,Jaipur Gramin,Male,36,8,0,2,1,0,15028838.95,0
4359,8310356014,Aggarwal,460,Jaipur Gramin,Male,48,1,0,2,1,1,9355047.3,0
4360,8570528365,Rathore,534,Jaipur  Urban,Female,44,2,10840597.4,1,1,0,9213883.55,0
4361,8963382471,Khandelwal,694,Jaipur Gramin,Male,66,8,0,2,1,1,4004947.55,0
4362,8119452074,Singh,817,Jaipur  Urban,Female,48,9,7037505.3,1,1,0,10601257.8,1
4363,8075719543,Paliwal,565,Jaipur City,Female,22,3,9189953.5,1,0,1,4532939.5,0
4364,8054138275,Meena,641,Jaipur City,Female,35,10,0,1,1,0,7023924.85,0
4365,8334479513,Singh,508,Jaipur  Urban,Male,27,8,5243531.85,2,1,0,12500028.6,0
4366,8791432713,Khandelwal,481,Jaipur Gramin,Female,40,2,0,2,0,0,12065488.2,0
4367,8097627488,Maheshwari,674,Jaipur Gramin,Male,74,6,0,2,1,0,10504627.25,0
4368,8922088604,Paliwal,568,Jaipur City,Male,50,0,13540845.95,1,0,1,13252795.4,1
4369,8178619652,Khandelwal,658,Jaipur  Urban,Male,33,5,11786460.4,1,1,0,2471482.95,0
4370,8315952204,Sharma,674,Jaipur Gramin,Female,22,2,10740818.45,2,1,1,8277538,0
4371,8072581888,Jat,750,Jaipur Gramin,Male,39,4,13655458.25,2,1,0,4899701.75,0
4372,8229499862,Jain,556,Jaipur Gramin,Female,35,2,15603691.4,1,1,1,5610573.75,1
4373,8770971111,Meena,634,Jaipur Gramin,Male,31,0,7515853.85,1,0,0,6149789.95,0
4374,8805522562,Jain,535,Jaipur City,Female,45,2,0,1,0,0,16812135.55,1
4375,8740651586,Jat,706,Jaipur  Urban,Male,41,2,9594051.15,2,0,1,5569262.9,0
4376,8128314822,Jat,900,Jaipur  Urban,Male,41,8,5174857.8,1,1,0,2705196.4,0
4377,8342018787,Khandelwal,617,Jaipur Gramin,Female,34,5,0,2,1,0,15772760.65,0
4378,8493504674,Saini,743,Jaipur Gramin,Female,37,9,8623734.5,1,1,0,2193305.15,1
4379,8238478350,Khandelwal,788,Jaipur Gramin,Female,71,0,7487151.05,2,1,1,13118684.95,0
4380,8998251751,Jain,683,Jaipur Gramin,Male,29,7,0,2,1,1,11742377.7,0
4381,8402255708,Khandelwal,406,Jaipur  Urban,Male,59,7,10811756.9,1,1,0,4383108.3,1
4382,8077693286,Sharma,470,Jaipur Gramin,Male,39,7,0,2,0,1,6062474.55,0
4383,8095716177,Khandelwal,626,Jaipur Gramin,Female,39,9,7093827.15,2,0,0,3304998.9,0
4384,8727552426,Agarwal,654,Jaipur Gramin,Male,42,4,8355345.3,1,1,1,57465.1,0
4385,8265013744,Rathore,754,Jaipur Gramin,Male,37,0,0,2,1,1,6137323,0
4386,8518912827,Jain,661,Jaipur Gramin,Male,35,2,7387503,1,1,0,14798010.4,0
4387,8241545701,Agarwal,820,Jaipur  Urban,Female,42,2,11875118.8,1,1,0,182768.7,0
4388,8940558119,Saini,758,Jaipur City,Female,67,1,0,2,1,1,15111558.4,0
4389,8377275840,Jat,544,Jaipur City,Female,39,1,12144543.3,2,1,0,3770890.7,0
4390,8298591644,Aggarwal,672,Jaipur Gramin,Male,30,7,12435611.35,1,0,0,8232072.35,0
4391,8310772041,Singh,684,Jaipur Gramin,Female,40,3,4025978.25,1,1,1,12629251.55,1
4392,8563092344,Paliwal,742,Jaipur Gramin,Male,38,7,0,2,1,0,3256208.9,0
4393,8607828958,Rathore,824,Jaipur Gramin,Male,51,0,4941651.8,1,0,1,12115756.35,0
4394,8028611730,Paliwal,810,Jaipur  Urban,Female,38,6,15290344.85,2,0,0,13015419.3,0
4395,8568955138,Khandelwal,455,Jaipur  Urban,Male,24,6,9149227.45,2,0,1,14407995.55,0
4396,8399366435,Maheshwari,672,Jaipur Gramin,Female,20,6,14253272.6,1,1,0,4924041.5,0
4397,8353885994,Rathore,745,Jaipur  Urban,Male,68,4,11604709.15,1,0,0,14908926.9,0
4398,8798838926,Sharma,671,Jaipur  Urban,Male,39,8,4429038.05,2,1,1,9176970.6,0
4399,8544790496,Maheshwari,772,Jaipur Gramin,Female,39,8,0,1,1,0,8012392.4,0
4400,8765030312,Gupta,684,Jaipur Gramin,Female,45,9,8919082.3,1,1,0,13253353.85,1
4401,8910211818,Verma,799,Jaipur  Urban,Female,34,6,9046969.9,1,0,1,11729631.1,1
4402,8706220658,Verma,894,Jaipur City,Female,38,2,9588333.2,1,1,0,15268707.25,0
4403,8407127404,Verma,732,Jaipur  Urban,Female,46,10,10245078.9,1,1,0,14159894.15,1
4404,8814043225,Gupta,602,Jaipur  Urban,Female,43,2,9659526.65,4,1,0,9784889.75,1
4405,8633774799,Paliwal,605,Jaipur City,Male,43,2,12331946.2,1,1,1,2029937.7,0
4406,8403639459,Sharma,557,Jaipur City,Female,35,9,0,2,1,1,8996177.3,0
4407,8062919136,Maheshwari,644,Jaipur  Urban,Female,27,7,11546645.65,1,1,1,8620534.25,0
4408,8117074003,Gupta,512,Jaipur Gramin,Female,31,1,9537276.25,1,1,0,15492610.85,0
4409,8907379788,Verma,704,Jaipur Gramin,Male,34,7,11041091.15,1,0,1,2439344.45,0
4410,8429433348,Saini,787,Jaipur  Urban,Male,41,6,12669243.2,1,0,1,4285900.6,1
4411,8003394020,Meena,484,Jaipur  Urban,Male,42,9,13028748.15,1,1,1,12863641.6,0
4412,8144078413,Maheshwari,668,Jaipur City,Male,42,5,3525233.05,1,1,0,9603266,1
4413,8621567578,Jain,679,Jaipur Gramin,Female,40,2,0,2,0,0,3091557.95,0
4414,8259411542,Jat,618,Jaipur  Urban,Male,39,5,9621448.35,2,1,1,4434131.25,0
4415,8452215565,Gupta,734,Jaipur  Urban,Male,27,8,9619807.85,2,1,0,12517234.3,0
4416,8836778087,Sharma,797,Jaipur Gramin,Female,24,0,0,2,1,0,7541581.65,0
4417,8211144131,Sharma,445,Jaipur Gramin,Male,42,3,14020882.6,1,1,0,16195200.45,0
4418,8196652518,Jain,610,Jaipur City,Male,27,4,13032633.5,1,1,1,16996033.05,0
4419,8133388275,Agarwal,698,Jaipur City,Female,47,10,11392720.85,1,1,0,12264732.45,0
4420,8387475794,Meena,584,Jaipur  Urban,Female,32,3,10662828.4,2,1,1,11093756.3,0
4421,8232706734,Maheshwari,737,Jaipur  Urban,Female,35,6,10716581.55,2,1,1,4586110.4,0
4422,8028026421,Aggarwal,636,Jaipur City,Female,31,1,0,2,1,1,14433232.05,0
4423,8051680131,Rathore,658,Jaipur  Urban,Female,28,8,7681542.65,1,1,1,12482397.05,0
4424,8985777629,Verma,822,Jaipur Gramin,Female,40,3,0,2,1,1,8230789.7,0
4425,8160542418,Maheshwari,601,Jaipur  Urban,Female,47,1,12138171.7,1,1,1,4892006.7,0
4426,8068090462,Khandelwal,740,Jaipur Gramin,Female,28,1,7695658.6,1,0,1,6358084.15,0
4427,8389918942,Aggarwal,728,Jaipur Gramin,Female,44,6,0,2,1,1,16366084.45,0
4428,8395070472,Agarwal,805,Jaipur Gramin,Female,23,7,13270517.05,1,1,0,6204202.7,0
4429,8143565876,Verma,602,Jaipur Gramin,Female,35,5,0,2,1,0,2639251.7,0
4430,8329376844,Meena,631,Jaipur Gramin,Male,38,7,11991340.15,1,1,0,4487622.6,1
4431,8501446349,Singh,586,Jaipur City,Male,59,4,0,2,1,1,2332009.85,0
4432,8803897846,Khandelwal,619,Jaipur  Urban,Female,42,6,10021495.75,2,0,0,12772678.85,0
4433,8126570285,Agarwal,625,Jaipur City,Male,33,4,0,2,1,1,3425434.55,0
4434,8847280949,Paliwal,689,Jaipur Gramin,Male,26,6,14131926.6,1,1,1,12696399.85,0
4435,8351608649,Verma,640,Jaipur City,Female,46,3,0,2,1,0,10221299.3,0
4436,8310854255,Meena,718,Jaipur  Urban,Female,64,1,14395806.55,1,1,0,7204627.2,1
4437,8237725534,Choudhary,490,Jaipur Gramin,Male,26,7,17506770,1,1,0,13296074,0
4438,8876738724,Aggarwal,763,Jaipur Gramin,Female,24,0,0,2,1,0,9295237.05,1
4439,8620965142,Aggarwal,686,Jaipur  Urban,Male,68,0,10715228.35,2,1,1,15719625.45,0
4440,8958874650,Rathore,616,Jaipur Gramin,Female,21,7,8978375.75,1,1,1,3107643.35,0
4441,8838628421,Jain,734,Jaipur Gramin,Male,32,9,8551511.7,1,1,0,14083910.1,0
4442,8740056281,Meena,629,Jaipur Gramin,Female,38,3,0,2,1,1,13911682.25,0
4443,8610490305,Gupta,691,Jaipur Gramin,Male,38,1,0,2,0,1,3029807.15,0
4444,8755455340,Choudhary,700,Jaipur  Urban,Female,32,0,11744543.5,2,1,1,15997304.3,0
4445,8600329916,Singh,467,Jaipur Gramin,Female,31,7,11848581.8,1,0,1,520271.4,0
4446,8234868658,Saini,767,Jaipur Gramin,Male,29,1,0,2,1,1,13981206.3,0
4447,8232178993,Verma,721,Jaipur Gramin,Female,37,3,0,2,1,1,13962803.8,0
4448,8675951739,Khandelwal,679,Jaipur  Urban,Female,50,7,9270293.8,1,1,1,11911568.5,1
4449,8776671250,Choudhary,558,Jaipur  Urban,Female,40,1,7649550.35,2,0,1,10292162.95,0
4450,8761967872,Meena,679,Jaipur Gramin,Male,36,3,0,2,1,0,2988305.9,0
4451,8022973735,Paliwal,640,Jaipur Gramin,Male,59,2,8839722.9,1,1,1,8768524.35,0
4452,8470884255,Jat,574,Jaipur Gramin,Male,34,4,14884444.35,1,1,1,6362955.5,0
4453,8287903599,Verma,854,Jaipur City,Female,49,8,5616753.25,2,0,0,7782308.45,1
4454,8657347548,Sharma,851,Jaipur  Urban,Male,33,8,12584737.9,1,0,0,16932272.85,0
4455,8765946305,Aggarwal,618,Jaipur Gramin,Male,36,6,0,1,1,1,2296003,1
4456,8600095271,Paliwal,701,Jaipur City,Female,31,8,0,2,1,0,16034149.25,0
4457,8235308581,Jain,533,Jaipur Gramin,Male,40,8,0,2,1,0,5234402,0
4458,8412857391,Meena,736,Jaipur  Urban,Male,47,1,8159573.3,1,1,0,16789984.55,0
4459,8736819894,Singh,640,Jaipur Gramin,Male,37,2,0,2,1,0,15491944.45,0
4460,8749783626,Sharma,686,Jaipur  Urban,Female,23,10,9413032.6,1,1,0,6866172.5,0
4461,8891357904,Rathore,673,Jaipur Gramin,Male,35,5,0,1,1,0,13208534.2,0
4462,8788894902,Khandelwal,779,Jaipur City,Female,28,3,0,1,1,0,289739.5,0
4463,8913487282,Maheshwari,642,Jaipur City,Female,32,8,0,2,1,1,1646278.3,1
4464,8182048874,Agarwal,900,Jaipur  Urban,Female,70,1,8240544.3,3,1,0,5294054.15,1
4465,8242648251,Saini,649,Jaipur Gramin,Male,41,6,0,2,1,0,5558727.15,0
4466,8117924615,Saini,640,Jaipur  Urban,Male,30,2,9331879.7,2,1,1,11875588.85,0
4467,8771570773,Paliwal,376,Jaipur City,Male,35,2,0,2,1,1,5182691.4,0
4468,8606132035,Sharma,526,Jaipur Gramin,Male,31,1,0,2,1,0,116914.1,0
4469,8900200266,Maheshwari,404,Jaipur Gramin,Female,39,0,8731326.65,1,0,0,1886304.7,0
4470,8003390919,Maheshwari,614,Jaipur City,Male,33,5,5905678.45,1,1,0,762761.95,1
4471,8580519048,Aggarwal,499,Jaipur  Urban,Female,53,1,13317307,1,1,0,10072698.9,1
4472,8258299737,Rathore,871,Jaipur City,Female,56,8,14833018.5,2,0,1,13753239.7,1
4473,8393288577,Jat,672,Jaipur  Urban,Female,23,6,14115990.8,2,0,0,7692051.2,0
4474,8376129871,Aggarwal,655,Jaipur  Urban,Female,29,4,9006382.4,1,1,0,1315027.35,0
4475,8535177822,Choudhary,800,Jaipur Gramin,Male,36,3,0,1,0,0,5537517.95,0
4476,8574880581,Jain,648,Jaipur Gramin,Male,40,8,9378957.8,1,1,1,13420361,0
4477,8274306804,Saini,814,Jaipur Gramin,Male,33,1,0,2,1,0,7262377.05,0
4478,8707022292,Choudhary,695,Jaipur  Urban,Male,52,9,11548950.85,2,0,0,4593282.7,0
4479,8070627929,Singh,539,Jaipur Gramin,Male,31,4,0,2,0,1,2183212.25,0
4480,8896153146,Verma,598,Jaipur Gramin,Male,47,2,0,2,1,1,15819905.9,0
4481,8974862738,Gupta,666,Jaipur Gramin,Female,45,0,0,2,1,0,14180610.35,0
4482,8709841435,Meena,473,Jaipur Gramin,Male,30,3,7284920.75,1,0,1,2370315.1,0
4483,8342885447,Khandelwal,664,Jaipur Gramin,Female,42,1,0,2,1,1,490307.2,0
4484,8338007821,Rathore,527,Jaipur  Urban,Female,38,8,8962037.9,1,0,0,6848912.4,1
4485,8697999383,Aggarwal,654,Jaipur Gramin,Female,37,1,0,2,1,1,5863941.75,0
4486,8445624943,Saini,781,Jaipur  Urban,Male,34,9,9223626.25,2,1,1,2303314.7,0
4487,8748173099,Choudhary,514,Jaipur Gramin,Male,35,3,13318403.5,1,1,0,16942265.45,0
4488,8704081380,Agarwal,715,Jaipur  Urban,Male,31,3,12801384.2,1,0,0,473161,0
4489,8573244471,Paliwal,739,Jaipur Gramin,Female,44,6,13184766.5,1,0,0,11379105.55,0
4490,8239907038,Jain,602,Jaipur Gramin,Female,35,8,0,2,1,1,12991700.05,0
4491,8220036727,Jain,656,Jaipur City,Female,64,1,7753360,1,1,1,3553015.3,0
4492,8916507423,Verma,900,Jaipur  Urban,Male,61,3,12051641.7,1,1,1,7824568.75,0
4493,8547125681,Meena,588,Jaipur Gramin,Female,32,0,10859875.4,1,1,0,8560990.9,0
4494,8427050920,Meena,870,Jaipur City,Female,32,1,0,2,1,1,3649487.75,0
4495,8836470209,Jain,900,Jaipur City,Male,31,6,7022152.6,2,1,0,12679528.2,0
4496,8735613720,Jain,827,Jaipur Gramin,Female,32,7,5900999.2,1,1,0,9137448.15,0
4497,8199431027,Maheshwari,721,Jaipur Gramin,Female,42,6,7324264.7,1,1,0,13034102.3,0
4498,8058983612,Aggarwal,736,Jaipur City,Female,47,1,0,1,1,0,9165131.8,1
4499,8226088513,Maheshwari,564,Jaipur Gramin,Male,30,2,11169557.6,1,1,1,4075958.25,0
4500,8736240425,Rathore,523,Jaipur  Urban,Female,44,4,10361399.7,1,0,0,11135610.3,0
4501,8697381824,Jat,805,Jaipur  Urban,Male,32,9,6586412,1,0,0,2817158.4,0
4502,8552436131,Singh,494,Jaipur Gramin,Female,75,2,0,1,1,0,10480892.7,0
4503,8679820536,Agarwal,718,Jaipur City,Male,45,5,13978329.9,1,1,0,12067451.7,1
4504,8840863307,Singh,667,Jaipur Gramin,Male,33,7,11789926.7,2,1,0,3156572.75,0
4505,8807959176,Aggarwal,793,Jaipur City,Male,37,7,11282064.45,1,1,0,16939905.85,0
4506,8280695971,Choudhary,731,Jaipur Gramin,Female,30,5,0,2,0,1,13717998.7,0
4507,8550563560,Gupta,596,Jaipur City,Female,66,3,0,1,1,1,5995265.05,0
4508,8598369534,Jain,590,Jaipur Gramin,Male,28,2,9902348.7,1,1,0,12264671.25,0
4509,8753150427,Sharma,599,Jaipur Gramin,Female,41,1,0,2,1,0,8165934.7,0
4510,8083312421,Jat,566,Jaipur  Urban,Female,35,1,11898220.95,1,1,0,15781341.4,0
4511,8279312553,Rathore,613,Jaipur  Urban,Female,43,9,10813386.35,2,0,1,1522626.25,0
4512,8728787117,Verma,641,Jaipur Gramin,Female,45,2,0,4,1,0,8588360.05,1
4513,8051689941,Jat,679,Jaipur Gramin,Male,51,2,12598925.25,1,0,0,13341050.9,1
4514,8907880792,Jain,715,Jaipur Gramin,Female,41,8,0,2,0,0,2403530.55,0
4515,8565721532,Saini,683,Jaipur Gramin,Female,38,8,0,2,1,0,7144178.6,0
4516,8440964113,Rathore,751,Jaipur City,Male,30,8,11402944.65,1,1,1,12564907.4,0
4517,8609113157,Gupta,476,Jaipur  Urban,Female,32,8,9480664.55,4,1,1,807329.15,1
4518,8255444305,Saini,780,Jaipur City,Female,39,7,10163103.2,1,1,0,7400757.05,0
4519,8843709043,Jat,900,Jaipur City,Female,29,7,0,2,1,0,1975166.25,0
4520,8062423631,Sharma,620,Jaipur City,Male,38,7,0,1,1,1,2315338.8,0
4521,8488964622,Sharma,662,Jaipur  Urban,Male,46,10,10290423,3,1,0,12875958.1,1
4522,8347676335,Maheshwari,552,Jaipur City,Female,27,7,10624658.3,1,1,1,9746932.15,0
4523,8376744391,Gupta,635,Jaipur City,Male,39,5,0,2,0,0,9923591.9,0
4524,8331449612,Meena,672,Jaipur  Urban,Female,52,4,7385806.4,1,1,0,7724609.6,0
4525,8607897206,Khandelwal,691,Jaipur Gramin,Male,38,8,0,2,1,1,11363894.8,0
4526,8799896362,Agarwal,577,Jaipur City,Male,43,9,6631921.85,1,0,1,2606347.35,0
4527,8916209851,Jain,838,Jaipur Gramin,Male,34,9,13132142.15,1,1,0,16268649.8,0
4528,8501185532,Verma,726,Jaipur Gramin,Male,38,1,16102716.2,1,0,1,9065129.3,0
4529,8684717624,Jain,737,Jaipur City,Female,31,6,12998761,1,1,1,4326492.35,0
4530,8998918854,Meena,677,Jaipur Gramin,Female,44,8,12154123.65,1,1,1,9813463.35,1
4531,8535585296,Singh,716,Jaipur  Urban,Male,43,7,9806614.9,2,1,0,5451823.5,0
4532,8119546289,Maheshwari,611,Jaipur Gramin,Male,37,6,0,2,0,1,1872611.2,0
4533,8139761951,Maheshwari,538,Jaipur City,Male,38,0,15134805.9,2,1,0,3266952.05,0
4534,8162912149,Singh,900,Jaipur City,Male,39,6,17511269.9,2,0,1,3635861.4,1
4535,8549862966,Paliwal,667,Jaipur Gramin,Male,41,2,0,2,1,0,13512770.45,0
4536,8388266482,Singh,752,Jaipur  Urban,Male,37,9,8601305.55,1,1,1,2936864.75,1
4537,8442150328,Sharma,650,Jaipur Gramin,Female,55,7,0,2,1,1,8628839.6,0
4538,8635791116,Sharma,732,Jaipur City,Female,31,5,0,2,1,0,812747.05,0
4539,8940695854,Choudhary,732,Jaipur City,Male,33,1,0,2,1,0,14306619.45,0
4540,8381177942,Saini,742,Jaipur Gramin,Female,37,7,0,2,1,1,4683507.65,0
4541,8016702269,Jat,583,Jaipur  Urban,Male,32,1,12734235.9,1,1,0,2705555.1,0
4542,8944800181,Verma,620,Jaipur City,Female,36,7,9827465.4,1,1,1,6079149,0
4543,8896641564,Gupta,636,Jaipur Gramin,Male,28,9,0,2,0,0,2770944.75,0
4544,8463500309,Jat,829,Jaipur  Urban,Female,42,10,9660879.85,2,0,1,11895467.8,1
4545,8208511772,Jain,688,Jaipur City,Male,39,8,11743600,1,1,1,9389823.35,0
4546,8319709743,Choudhary,452,Jaipur  Urban,Female,36,3,10004573.1,1,0,0,6293570,0
4547,8746221060,Sharma,674,Jaipur Gramin,Female,37,5,0,2,1,0,12909106.4,0
4548,8361702137,Maheshwari,900,Jaipur  Urban,Male,37,9,10413042.3,1,0,1,16973976.4,1
4549,8987010722,Gupta,642,Jaipur Gramin,Female,58,1,0,1,1,1,5007101.8,1
4550,8110562806,Sharma,524,Jaipur Gramin,Male,59,9,0,2,0,0,8822980.45,1
4551,8391047634,Khandelwal,575,Jaipur Gramin,Female,39,3,14152599.45,2,1,0,7976029.4,0
4552,8560747620,Verma,661,Jaipur City,Female,46,4,7628159.25,1,1,0,13296173.45,1
4553,8228941382,Saini,612,Jaipur Gramin,Female,25,2,0,2,1,0,10516525.55,0
4554,8632642210,Paliwal,577,Jaipur Gramin,Male,30,1,0,2,1,0,16954446.8,0
4555,8804651692,Jat,590,Jaipur Gramin,Male,39,7,0,2,1,0,7062168.05,0
4556,8078247052,Jat,706,Jaipur City,Female,35,6,0,1,1,0,2166516.55,1
4557,8784437385,Singh,697,Jaipur Gramin,Female,18,1,8406023.15,1,1,1,815694,0
4558,8882623041,Meena,670,Jaipur  Urban,Male,37,3,14342537.9,2,0,0,5981470.4,0
4559,8568963781,Singh,830,Jaipur Gramin,Male,34,1,0,1,0,1,7338077.2,0
4560,8132390727,Khandelwal,514,Jaipur  Urban,Female,62,7,11322099.45,1,0,0,14323152.8,1
4561,8164479203,Gupta,629,Jaipur City,Female,36,0,0,2,1,0,9486501.5,0
4562,8554928408,Agarwal,554,Jaipur  Urban,Male,31,4,10815166.25,2,0,1,12181980.7,0
4563,8594660011,Singh,694,Jaipur  Urban,Male,36,1,10018512.25,2,1,0,2347620.1,0
4564,8055878459,Paliwal,726,Jaipur  Urban,Female,64,3,13044887.1,3,0,0,12458761.1,1
4565,8158122414,Choudhary,660,Jaipur  Urban,Male,23,4,7982460.5,2,1,0,5869713.25,0
4566,8836445223,Singh,592,Jaipur City,Female,46,2,6510812.15,1,1,1,4628566.2,0
4567,8187399686,Singh,662,Jaipur Gramin,Female,40,4,6793825.6,2,1,1,2849591,0
4568,8642520726,Agarwal,545,Jaipur City,Female,27,4,0,2,1,1,11482117.05,0
4569,8394855634,Meena,581,Jaipur  Urban,Male,32,8,3414697.35,1,1,1,11682343.9,0
4570,8439935277,Verma,499,Jaipur Gramin,Male,33,7,9791624.3,1,1,1,952467.5,0
4571,8748262485,Choudhary,827,Jaipur  Urban,Female,43,9,9914764.65,2,1,1,5114968.5,0
4572,8001279372,Singh,598,Jaipur  Urban,Male,20,8,15324976.4,2,1,1,2511979.5,0
4573,8104758524,Khandelwal,683,Jaipur  Urban,Female,30,7,11889188.85,1,1,0,16047647.25,0
4574,8768373268,Maheshwari,654,Jaipur Gramin,Female,24,3,2936564.7,1,1,1,989244.45,0
4575,8349717248,Saini,671,Jaipur Gramin,Female,32,9,0,2,1,1,7918238.75,0
4576,8609746810,Paliwal,880,Jaipur  Urban,Male,29,1,8199291.25,2,0,1,4163825.3,0
4577,8210163602,Agarwal,716,Jaipur City,Female,40,7,11078419.75,2,0,1,9940843.5,0
4578,8058434940,Saini,576,Jaipur  Urban,Male,39,3,10173548.85,1,1,0,11648507.1,0
4579,8941973947,Agarwal,709,Jaipur Gramin,Male,38,1,0,2,0,0,3795547.5,0
4580,8878922784,Khandelwal,521,Jaipur Gramin,Male,52,1,0,3,1,1,8843009.85,1
4581,8768315651,Saini,454,Jaipur Gramin,Female,32,6,6050915.4,1,1,1,9400457.7,0
4582,8444878057,Agarwal,566,Jaipur Gramin,Female,47,2,0,2,1,0,3068474.5,0
4583,8653968898,Jain,481,Jaipur Gramin,Male,37,4,0,2,0,0,1059975.5,0
4584,8790064986,Saini,629,Jaipur City,Female,38,8,0,2,1,0,8109289.85,0
4585,8975521075,Meena,594,Jaipur Gramin,Female,39,9,11595904.85,1,1,1,12899413.85,0
4586,8873652200,Rathore,604,Jaipur Gramin,Male,30,8,0,2,1,1,4040599.1,0
4587,8003078882,Choudhary,602,Jaipur Gramin,Female,25,0,0,2,1,1,8608304.45,0
4588,8630905627,Gupta,480,Jaipur Gramin,Female,34,6,0,1,1,1,11922818.25,0
4589,8802529349,Verma,386,Jaipur Gramin,Male,41,6,13025304.8,1,1,0,991362.65,0
4590,8454505925,Jain,618,Jaipur Gramin,Male,35,7,0,2,1,0,12816664.65,0
4591,8706631094,Aggarwal,642,Jaipur Gramin,Female,78,6,4040594,1,1,1,10149006.8,0
4592,8777033528,Sharma,733,Jaipur Gramin,Female,32,1,0,2,1,0,10726015.7,0
4593,8801348566,Khandelwal,881,Jaipur Gramin,Male,36,8,12145011.65,1,1,0,7648556.7,1
4594,8057868029,Khandelwal,640,Jaipur Gramin,Female,44,7,0,2,1,0,2529709.65,0
4595,8083149280,Singh,660,Jaipur Gramin,Female,31,1,13648119.35,2,0,0,2301273.85,0
4596,8162436239,Maheshwari,772,Jaipur  Urban,Male,65,2,11214518.35,1,1,1,8193971.95,1
4597,8217599998,Paliwal,560,Jaipur Gramin,Male,38,6,10852698,2,0,0,3860945.65,0
4598,8528504855,Gupta,727,Jaipur  Urban,Female,46,4,8943239.3,1,1,0,9239465.15,1
4599,8875609028,Sharma,646,Jaipur Gramin,Male,46,9,11888060.9,1,1,0,3312219.65,0
4600,8732465897,Khandelwal,649,Jaipur Gramin,Female,38,3,0,2,1,0,9899626.15,0
4601,8280103756,Choudhary,569,Jaipur Gramin,Female,34,5,9547578.25,2,1,1,1529441.55,0
4602,8293569710,Gupta,650,Jaipur  Urban,Male,30,8,11432267.95,1,0,0,3676295.9,0
4603,8495214411,Saini,746,Jaipur City,Female,35,1,10214584.3,1,1,0,10645468,0
4604,8563628356,Saini,628,Jaipur Gramin,Male,23,1,9011037,2,0,1,16270354.9,0
4605,8459523940,Aggarwal,697,Jaipur Gramin,Male,25,5,0,1,0,1,7723182.45,0
4606,8942573403,Sharma,516,Jaipur Gramin,Female,34,8,0,2,0,1,12059164.2,0
4607,8449119005,Khandelwal,836,Jaipur Gramin,Female,55,10,0,4,1,1,4200603.95,1
4608,8027729937,Verma,664,Jaipur Gramin,Male,51,3,0,1,1,0,14486265.25,1
4609,8029859883,Khandelwal,900,Jaipur  Urban,Male,42,8,10186373.65,1,0,1,4336361.7,1
4610,8405455002,Choudhary,577,Jaipur City,Male,34,1,0,2,0,1,6899896.25,0
4611,8089805666,Saini,587,Jaipur  Urban,Male,38,8,7838632.85,1,1,0,8424092.45,0
4612,8958164344,Singh,546,Jaipur  Urban,Male,48,3,12074709.85,2,0,1,6726456.3,0
4613,8709587686,Rathore,778,Jaipur Gramin,Female,49,7,2516176.8,1,0,0,13901799.3,1
4614,8242733040,Meena,774,Jaipur Gramin,Female,46,7,0,2,1,1,5760444.9,0
4615,8494313330,Meena,756,Jaipur Gramin,Male,34,1,0,2,1,1,10760320.85,0
4616,8444077883,Agarwal,558,Jaipur Gramin,Female,44,1,0,2,0,1,7616238.85,0
4617,8992945553,Verma,814,Jaipur Gramin,Male,37,3,12053320.45,1,0,1,15250856.4,0
4618,8779571424,Khandelwal,854,Jaipur Gramin,Male,24,10,0,2,1,1,13337022.75,0
4619,8899805400,Meena,511,Jaipur Gramin,Male,42,1,0,1,0,1,14321311.7,0
4620,8987491895,Agarwal,730,Jaipur Gramin,Female,47,0,10760075.2,2,0,1,11282055.95,1
4621,8483225630,Sharma,696,Jaipur Gramin,Male,33,2,9213434.75,1,0,1,3319901.95,0
4622,8068487012,Saini,560,Jaipur City,Male,43,2,9829704.3,2,0,0,14841539.75,0
4623,8372143162,Paliwal,557,Jaipur City,Male,48,5,11294479.55,1,1,0,6737080.45,0
4624,8015005563,Maheshwari,731,Jaipur Gramin,Female,24,3,9430699.85,1,1,1,14323826.85,0
4625,8534176641,Jain,635,Jaipur Gramin,Male,46,1,11106627,1,1,1,13695681.95,1
4626,8818351456,Saini,492,Jaipur Gramin,Female,45,10,8824824.95,2,0,1,6619682.7,0
4627,8658373542,Jain,487,Jaipur Gramin,Female,32,3,0,1,1,1,6869956.7,0
4628,8669774268,Singh,606,Jaipur Gramin,Male,39,7,0,1,0,1,10144603.8,0
4629,8302228714,Rathore,660,Jaipur City,Male,32,1,11235957.05,2,1,1,15158165.6,0
4630,8286930026,Gupta,900,Jaipur  Urban,Male,49,8,8385211.75,1,1,0,10129864.8,1
4631,8562787518,Meena,467,Jaipur  Urban,Male,38,2,10747746.8,2,1,1,7026332.05,0
4632,8448497631,Sharma,671,Jaipur  Urban,Female,30,8,13103558.35,1,1,0,3437493.5,0
4633,8872897041,Jain,784,Jaipur Gramin,Female,43,5,0,2,1,0,9339945.35,0
4634,8563271568,Maheshwari,452,Jaipur  Urban,Male,48,8,10986250,2,1,1,13424674.75,0
4635,8176034529,Jat,612,Jaipur City,Female,45,3,0,1,1,0,3253531.4,1
4636,8695150246,Khandelwal,623,Jaipur Gramin,Female,33,2,14257348.35,2,1,1,5543910.8,0
4637,8924565062,Meena,623,Jaipur  Urban,Female,31,2,4769885.5,2,0,0,185464.9,0
4638,8977445737,Khandelwal,790,Jaipur Gramin,Female,30,3,12034391.8,1,1,0,13281170.1,0
4639,8243663413,Maheshwari,499,Jaipur  Urban,Male,50,7,11872380.95,2,1,0,3875254.55,0
4640,8866032884,Verma,827,Jaipur Gramin,Female,27,8,5627166.6,1,1,1,6753940.2,0
4641,8449857506,Singh,704,Jaipur Gramin,Female,44,9,0,2,0,0,8758587,1
4642,8458401629,Gupta,462,Jaipur  Urban,Male,34,3,11360950.4,1,1,0,5967835.55,0
4643,8771303499,Meena,415,Jaipur  Urban,Male,25,3,11577236.3,1,1,0,15023198.35,0
4644,8833630754,Khandelwal,596,Jaipur Gramin,Female,60,0,11201136.8,1,0,0,909800.05,1
4645,8791218442,Sharma,734,Jaipur City,Male,74,5,0,2,0,0,12871194.7,0
4646,8369135932,Meena,506,Jaipur Gramin,Female,34,3,0,2,1,1,331018.9,0
4647,8802557739,Jain,846,Jaipur  Urban,Female,26,8,3630593.95,2,1,1,2453243.65,0
4648,8260680824,Verma,817,Jaipur Gramin,Female,28,4,0,2,1,0,15104767.75,0
4649,8611526467,Jat,707,Jaipur City,Female,57,4,0,2,1,0,11615233,1
4650,8408264728,Choudhary,684,Jaipur  Urban,Male,31,1,12123680.9,2,1,1,14951010.4,0
4651,8666643887,Aggarwal,684,Jaipur Gramin,Male,33,2,12002395.25,2,1,0,6481884.1,0
4652,8861008031,Jat,509,Jaipur  Urban,Female,25,7,11169187.85,1,0,0,16461821.65,0
4653,8539122259,Agarwal,761,Jaipur City,Female,39,3,7874141.6,2,1,1,10682059.65,0
4654,8702080113,Meena,467,Jaipur Gramin,Female,51,3,0,2,0,1,14798353.8,1
4655,8273227486,Saini,574,Jaipur  Urban,Female,31,5,8677537.8,4,0,0,15968627.85,1
4656,8885633923,Rathore,626,Jaipur City,Male,39,9,0,2,0,1,8573300.6,0
4657,8153614837,Saini,892,Jaipur Gramin,Female,38,8,11465440.05,1,1,1,918343.4,0
4658,8543573157,Jat,704,Jaipur Gramin,Male,48,4,0,2,1,1,14525977.25,0
4659,8121232372,Jain,720,Jaipur City,Male,28,8,13591532.3,1,0,0,1929377.6,0
4660,8679834302,Saini,372,Jaipur  Urban,Female,50,2,8693697.15,2,1,0,7634910.8,0
4661,8695262382,Sharma,524,Jaipur Gramin,Female,41,0,0,2,0,1,14897311.65,0
4662,8883306496,Saini,816,Jaipur Gramin,Female,43,0,0,1,0,1,1334947.95,0
4663,8891074434,Gupta,662,Jaipur City,Male,58,6,0,2,0,1,14452161.55,0
4664,8453974756,Choudhary,624,Jaipur  Urban,Male,35,0,6544147.45,1,1,1,1465637.15,0
4665,8669371477,Meena,716,Jaipur Gramin,Female,23,10,0,2,1,1,6777409.55,0
4666,8824049213,Maheshwari,823,Jaipur Gramin,Male,35,3,0,2,1,0,7880602.45,0
4667,8380315967,Singh,900,Jaipur  Urban,Female,39,5,9731804.7,1,1,0,8473605.8,0
4668,8571528592,Saini,779,Jaipur  Urban,Male,54,3,12305359.9,1,1,0,7933585.5,1
4669,8949547389,Verma,414,Jaipur Gramin,Male,31,7,12329810.15,1,1,1,14950950.05,0
4670,8511526605,Singh,412,Jaipur  Urban,Male,50,3,9962535.5,1,1,0,3641415.3,1
4671,8692129384,Choudhary,644,Jaipur  Urban,Male,41,2,11731224,2,1,0,11925350.4,0
4672,8293428541,Khandelwal,619,Jaipur  Urban,Female,45,6,10909970.15,3,1,1,12240050.15,1
4673,8813929721,Maheshwari,787,Jaipur Gramin,Female,23,1,9568306.35,1,1,1,9639689.35,0
4674,8987813388,Jain,653,Jaipur Gramin,Male,33,2,0,1,1,0,8195749.3,0
4675,8288796322,Choudhary,900,Jaipur  Urban,Male,41,1,15041469.1,2,0,1,10693535.5,0
4676,8565835306,Saini,724,Jaipur  Urban,Female,38,9,8429240.9,1,1,0,5586278.2,0
4677,8922084225,Choudhary,701,Jaipur City,Female,42,3,8772872.95,1,1,0,2635172.55,0
4678,8774115255,Singh,727,Jaipur  Urban,Female,48,10,8880640.2,3,0,1,13451140.35,1
4679,8303808110,Rathore,576,Jaipur City,Male,61,8,10703316.45,1,1,1,8047615.55,0
4680,8397099724,Jain,812,Jaipur City,Female,35,3,0,2,1,1,1466906.2,0
4681,8491949951,Saini,691,Jaipur  Urban,Male,48,3,6859282.4,1,0,0,8618818.1,0
4682,8981277951,Sharma,730,Jaipur Gramin,Female,44,2,13760463.85,2,1,0,7213969.55,0
4683,8352885042,Jat,851,Jaipur Gramin,Male,24,7,9312460.6,1,1,0,15598786.05,0
4684,8500051893,Gupta,586,Jaipur Gramin,Male,38,1,10563057.1,1,1,0,6457381.15,0
4685,8143122065,Aggarwal,628,Jaipur Gramin,Male,43,1,0,2,1,1,12442240.5,0
4686,8508789126,Paliwal,524,Jaipur City,Male,42,1,16198384.55,1,0,1,10808158,0
4687,8699166508,Agarwal,523,Jaipur City,Male,53,2,12233536.6,1,1,0,171681.3,1
4688,8058582691,Jain,803,Jaipur Gramin,Male,48,2,8206083.6,2,0,1,16820286.2,0
4689,8508361896,Choudhary,708,Jaipur Gramin,Male,33,5,0,2,1,0,11731502.8,0
4690,8228576221,Sharma,805,Jaipur City,Male,45,0,11885172.6,1,0,0,14533722.45,1
4691,8626030889,Meena,476,Jaipur  Urban,Male,24,6,9500376.9,2,1,0,4748037.95,0
4692,8850362600,Meena,626,Jaipur City,Male,37,4,0,2,1,0,379057.5,0
4693,8000354182,Agarwal,602,Jaipur City,Male,30,9,9662135.3,2,0,0,8681553.2,0
4694,8172914958,Jain,532,Jaipur Gramin,Female,32,7,12516833.1,1,1,0,9585615.75,0
4695,8371739707,Jain,504,Jaipur City,Male,45,7,9096957.55,1,1,0,2796834.05,0
4696,8196506919,Gupta,683,Jaipur Gramin,Male,37,1,10670011.75,1,1,1,13792179.05,0
4697,8052829650,Choudhary,637,Jaipur City,Female,41,0,0,1,0,0,7476585.55,0
4698,8580856484,Maheshwari,524,Jaipur  Urban,Male,48,4,11205958,1,1,0,14150540.75,1
4699,8734950081,Rathore,758,Jaipur Gramin,Male,62,2,0,2,1,1,2162303.95,0
4700,8304906473,Agarwal,893,Jaipur City,Male,56,5,8460024.5,1,0,1,13364555.1,1
4701,8689440111,Gupta,886,Jaipur City,Male,35,0,0,2,0,1,16771002.35,0
4702,8678100662,Choudhary,662,Jaipur Gramin,Male,27,10,9120816.2,2,0,0,3777039.6,0
4703,8993635148,Singh,672,Jaipur Gramin,Male,33,0,6186590.7,1,0,0,15389419.15,0
4704,8693413095,Sharma,710,Jaipur City,Female,44,8,0,1,0,1,13520896.45,0
4705,8585709416,Paliwal,586,Jaipur Gramin,Female,35,0,0,2,1,1,13216245.4,0
4706,8566520298,Jat,520,Jaipur  Urban,Female,22,10,9838206,1,0,0,3727424.25,0
4707,8844770922,Rathore,900,Jaipur Gramin,Male,43,4,13706805.05,1,1,1,11906083.45,0
4708,8684571126,Maheshwari,493,Jaipur Gramin,Male,27,8,0,2,1,1,4172595.6,0
4709,8237650809,Singh,516,Jaipur City,Male,44,6,0,2,0,0,4750936.45,0
4710,8171286238,Singh,545,Jaipur Gramin,Male,31,1,0,2,0,1,16376146.75,0
4711,8850965071,Aggarwal,582,Jaipur  Urban,Female,40,3,13792185.85,2,1,0,11647423.35,0
4712,8062341865,Meena,785,Jaipur Gramin,Male,39,3,6366188.05,1,0,0,2926563.6,0
4713,8039517564,Verma,449,Jaipur Gramin,Male,54,3,0,1,1,0,9214779.45,1
4714,8321431223,Sharma,884,Jaipur  Urban,Male,35,0,12243196,1,1,0,12352652.2,0
4715,8546570667,Meena,560,Jaipur Gramin,Female,23,9,7949387,1,0,1,6921176.85,0
4716,8654015160,Saini,840,Jaipur City,Male,38,1,0,2,1,0,4382041.55,0
4717,8285080197,Paliwal,655,Jaipur Gramin,Male,18,10,0,2,0,1,4487587.75,0
4718,8535364315,Singh,632,Jaipur  Urban,Male,38,8,9088448.2,2,0,1,7162957.65,0
4719,8958399263,Verma,486,Jaipur Gramin,Male,26,8,9602668.45,1,1,0,12325987.7,0
4720,8785701227,Jain,559,Jaipur  Urban,Female,35,1,10458570,1,1,0,5630862.4,1
4721,8832008393,Meena,623,Jaipur  Urban,Female,33,3,8541558.2,2,0,1,3097972.9,0
4722,8773331825,Maheshwari,788,Jaipur Gramin,Female,44,4,10482382.75,1,1,0,11656584.65,0
4723,8411580561,Maheshwari,658,Jaipur Gramin,Male,32,0,0,1,0,1,9972481.35,0
4724,8463174270,Maheshwari,625,Jaipur City,Male,42,8,5838112.8,1,1,1,6303405.35,0
4725,8205102536,Gupta,532,Jaipur  Urban,Male,49,6,5060235.3,1,1,0,8861552.6,0
4726,8036298886,Rathore,670,Jaipur Gramin,Female,43,7,11922130.6,2,1,0,233641.2,0
4727,8428227185,Khandelwal,640,Jaipur  Urban,Male,50,7,7505725.25,1,1,1,16654658.6,0
4728,8383145223,Meena,658,Jaipur Gramin,Female,19,1,0,2,0,1,1878658.1,0
4729,8113760319,Maheshwari,481,Jaipur  Urban,Male,40,5,9745724.3,1,0,0,10755553.2,0
4730,8137415146,Aggarwal,700,Jaipur Gramin,Female,42,4,12604134.9,1,1,1,3798873.55,1
4731,8816816168,Jat,623,Jaipur City,Female,38,1,0,1,1,0,9557623.55,1
4732,8338332967,Gupta,726,Jaipur Gramin,Female,35,3,0,2,0,1,5638135.85,0
4733,8610204674,Khandelwal,646,Jaipur  Urban,Female,53,1,10532916.95,1,1,0,1415902.8,1
4734,8476140432,Sharma,732,Jaipur Gramin,Female,31,1,0,2,1,0,1706910.5,0
4735,8152565441,Sharma,588,Jaipur Gramin,Female,54,4,0,2,1,1,7974741.65,1
4736,8520827854,Sharma,750,Jaipur Gramin,Male,43,2,14101160,2,1,0,11117619.2,0
4737,8187241581,Sharma,646,Jaipur Gramin,Female,32,0,0,2,1,0,13611049.15,0
4738,8066346204,Jat,829,Jaipur Gramin,Male,36,6,9449362.45,1,1,1,16147442.35,0
4739,8660471153,Meena,722,Jaipur Gramin,Female,40,1,8801685.4,1,0,0,825564.2,1
4740,8797722991,Maheshwari,608,Jaipur Gramin,Female,32,6,0,2,0,0,16665270.85,0
4741,8588625331,Choudhary,522,Jaipur Gramin,Male,30,6,8823422.45,1,1,1,10685395.05,0
4742,8963246997,Meena,661,Jaipur Gramin,Male,45,2,14101635.15,2,1,0,1959633.35,1
4743,8632314883,Singh,487,Jaipur  Urban,Male,59,8,10127928.5,2,1,1,14507777.9,0
4744,8595421176,Saini,493,Jaipur City,Female,57,8,10450776.35,1,1,1,15406994.6,0
4745,8192278771,Khandelwal,788,Jaipur Gramin,Female,51,1,0,1,1,1,1940986.05,1
4746,8712919941,Maheshwari,802,Jaipur  Urban,Male,49,1,11337696.1,1,1,0,8703763.7,1
4747,8232132773,Paliwal,788,Jaipur Gramin,Male,32,9,0,2,1,0,9855831.6,0
4748,8890047882,Khandelwal,676,Jaipur City,Male,64,6,0,2,0,1,1349504.2,0
4749,8402961881,Maheshwari,524,Jaipur  Urban,Female,37,7,13465015.75,4,1,1,10003699.3,1
4750,8213126160,Rathore,564,Jaipur  Urban,Male,29,4,10372435.25,2,1,1,14772385.45,0
4751,8054047447,Verma,900,Jaipur Gramin,Female,35,5,0,1,1,1,6884388,0
4752,8591922267,Choudhary,673,Jaipur  Urban,Female,64,8,10943890.25,2,1,0,16098845.3,1
4753,8275714530,Khandelwal,671,Jaipur Gramin,Male,54,8,11342104.2,1,1,0,4826963,0
4754,8449514014,Choudhary,425,Jaipur City,Male,40,2,10470045.85,1,1,0,12606348.3,0
4755,8312020469,Singh,730,Jaipur Gramin,Female,59,2,0,1,1,0,15272214.35,1
4756,8995888034,Meena,744,Jaipur Gramin,Female,37,2,10227954.8,2,1,1,11769967.85,0
4757,8902146447,Choudhary,822,Jaipur Gramin,Female,39,1,11062578.3,1,1,0,13922864.85,1
4758,8574629070,Agarwal,772,Jaipur City,Female,36,8,7880941.6,1,1,1,2863971.3,0
4759,8618834538,Agarwal,472,Jaipur City,Female,48,7,0,2,1,0,4126333.5,0
4760,8837377169,Paliwal,548,Jaipur City,Male,34,3,0,1,0,1,10491378.3,0
4761,8286055278,Saini,900,Jaipur Gramin,Male,40,1,6537707.85,1,1,0,14805592.4,0
4762,8995588196,Jain,839,Jaipur Gramin,Female,32,3,9013903.2,2,1,1,1524730,0
4763,8644911983,Verma,787,Jaipur Gramin,Male,34,1,8766327.1,1,1,1,7655018.4,0
4764,8305861437,Aggarwal,782,Jaipur Gramin,Male,38,0,12407857.15,2,1,1,11704009.55,0
4765,8646373231,Jat,715,Jaipur City,Female,36,3,0,3,1,0,5528391.5,0
4766,8324402416,Meena,636,Jaipur City,Female,49,1,0,2,0,1,13842954.65,0
4767,8015333352,Jat,671,Jaipur City,Female,38,9,0,2,1,1,3034590.1,0
4768,8108388250,Paliwal,702,Jaipur City,Male,39,9,0,2,1,1,1600215.1,0
4769,8221803254,Aggarwal,599,Jaipur City,Female,31,3,0,1,1,1,11057349.95,1
4770,8322990242,Paliwal,551,Jaipur City,Female,31,1,11830560.1,1,0,1,12185647.6,0
4771,8822632307,Maheshwari,618,Jaipur City,Male,19,5,0,2,1,0,13593278.2,0
4772,8892425388,Meena,576,Jaipur  Urban,Female,36,3,6372865.65,1,1,1,1028471.95,0
4773,8424203547,Meena,464,Jaipur City,Male,44,6,5243773.25,1,1,1,4512478.3,0
4774,8629230950,Verma,655,Jaipur  Urban,Female,35,1,10365983.75,2,1,1,12141384.7,0
4775,8885012860,Jat,853,Jaipur Gramin,Female,35,7,0,1,1,1,15146.15,0
4776,8999353189,Agarwal,511,Jaipur City,Male,35,5,0,2,1,1,8977541.9,0
4777,8640419787,Sharma,800,Jaipur City,Male,37,7,0,2,1,1,2102411.25,0
4778,8033052558,Jat,538,Jaipur Gramin,Female,33,1,6809165.55,2,0,1,6990881.95,0
4779,8710555156,Rathore,764,Jaipur City,Female,45,2,0,2,0,1,15104131.95,0
4780,8579505971,Paliwal,616,Jaipur  Urban,Male,40,1,12567829.7,3,0,0,9176694.35,1
4781,8678444194,Rathore,733,Jaipur City,Male,36,8,0,2,1,0,4692629.85,0
4782,8330800105,Meena,900,Jaipur City,Female,53,7,5559608.6,2,0,0,15523858.55,1
4783,8320207456,Sharma,782,Jaipur Gramin,Female,53,8,9709820.3,1,1,1,4384898.4,0
4784,8949821746,Gupta,732,Jaipur Gramin,Female,37,5,0,2,1,0,9809281.35,0
4785,8136095058,Aggarwal,677,Jaipur City,Female,53,7,15946185.3,1,1,0,15843404.15,1
4786,8082118710,Saini,492,Jaipur Gramin,Female,22,3,13330918.9,1,0,0,3771827.4,0
4787,8038636502,Sharma,572,Jaipur Gramin,Female,34,2,0,2,1,1,7142834.75,0
4788,8228204876,Maheshwari,515,Jaipur Gramin,Male,42,1,13387406.5,1,1,1,6993512.7,0
4789,8982022270,Saini,788,Jaipur City,Female,44,9,0,2,1,0,15089958.2,0
4790,8189603755,Khandelwal,709,Jaipur Gramin,Male,41,2,0,1,1,1,4832328.2,1
4791,8191818432,Jat,625,Jaipur City,Male,34,8,0,1,0,0,4077675.25,0
4792,8255805276,Jat,731,Jaipur City,Male,35,2,0,2,1,0,8923503.15,0
4793,8559856215,Saini,787,Jaipur City,Male,19,4,11073308.7,1,1,1,11350499.65,0
4794,8181690191,Jain,826,Jaipur Gramin,Female,41,6,0,1,1,1,2173566.45,0
4795,8197862808,Aggarwal,726,Jaipur Gramin,Female,39,5,12697271.1,2,1,0,8166421.75,0
4796,8262367734,Maheshwari,460,Jaipur Gramin,Male,29,9,0,1,1,1,6938928.25,0
4797,8621805270,Sharma,743,Jaipur City,Male,35,1,8570544.9,1,1,1,14025762.45,0
4798,8376134235,Gupta,832,Jaipur  Urban,Female,32,1,8194763.3,1,1,1,11746303.85,0
4799,8239123919,Meena,592,Jaipur Gramin,Male,41,6,0,2,1,1,8426601.65,0
4800,8561139946,Verma,541,Jaipur Gramin,Male,52,1,0,1,0,0,5404686.75,1
4801,8726638263,Maheshwari,708,Jaipur Gramin,Male,39,6,0,2,1,0,13645294.8,0
4802,8699698213,Jat,868,Jaipur Gramin,Male,71,5,12673931.8,1,0,1,13828060.1,0
4803,8998328458,Rathore,494,Jaipur City,Male,39,3,0,1,1,0,11464646.15,0
4804,8161034434,Aggarwal,842,Jaipur City,Male,41,5,0,2,1,1,11443235.5,0
4805,8782599694,Verma,420,Jaipur City,Female,34,2,0,2,1,0,14915879.05,0
4806,8211740416,Paliwal,661,Jaipur  Urban,Male,41,1,7668539.35,1,1,0,14818702.8,0
4807,8771916422,Paliwal,716,Jaipur Gramin,Female,33,1,7424554.5,1,1,0,14664583.35,0
4808,8010082304,Gupta,613,Jaipur Gramin,Male,28,2,0,2,0,0,2158645.55,0
4809,8468275760,Paliwal,652,Jaipur Gramin,Female,33,0,11713998.75,1,1,1,15712835.65,0
4810,8081519304,Maheshwari,866,Jaipur Gramin,Male,37,3,8972855,1,1,0,15523119.05,0
4811,8775598492,Choudhary,638,Jaipur Gramin,Male,38,4,0,2,0,0,16362977.7,0
4812,8845120025,Singh,570,Jaipur City,Female,26,7,0,2,1,0,9563148.55,0
4813,8520828758,Meena,686,Jaipur Gramin,Male,31,6,7745688.75,1,1,0,15070153.2,0
4814,8957028780,Jat,500,Jaipur City,Male,39,3,0,2,0,1,1059568.35,0
4815,8488603882,Meena,625,Jaipur City,Male,39,8,0,2,1,0,3070451.6,0
4816,8616655196,Paliwal,810,Jaipur  Urban,Female,77,6,11485247.6,1,1,0,3216114.4,0
4817,8691320563,Jain,600,Jaipur Gramin,Male,29,8,0,2,0,1,2953531.55,0
4818,8464189285,Khandelwal,648,Jaipur Gramin,Male,28,7,0,2,1,1,11143321.5,0
4819,8634955232,Khandelwal,782,Jaipur Gramin,Female,36,1,7381225.75,1,1,1,8948846.75,0
4820,8799913798,Verma,616,Jaipur Gramin,Male,26,4,8537958.45,1,0,1,12720573.85,0
4821,8910842251,Khandelwal,461,Jaipur Gramin,Female,32,3,0,2,1,1,11848234.15,0
4822,8953271646,Khandelwal,493,Jaipur Gramin,Female,33,3,0,2,1,0,11257120.35,0
4823,8766439839,Meena,774,Jaipur Gramin,Female,32,2,0,4,0,1,15274936.05,1
4824,8161286005,Singh,823,Jaipur City,Female,32,6,9733570.15,1,1,0,1342716.1,0
4825,8341828499,Choudhary,752,Jaipur Gramin,Male,35,5,11590979.1,1,0,0,12134150.35,0
4826,8283488118,Verma,626,Jaipur Gramin,Male,31,5,9032156.95,1,1,1,219166.55,0
4827,8817749042,Jat,833,Jaipur Gramin,Male,24,10,12420773.75,1,1,1,7564324.25,0
4828,8275349584,Sharma,643,Jaipur City,Male,52,4,9459185.05,1,0,1,2799597.4,1
4829,8045811747,Rathore,769,Jaipur City,Female,42,9,10289813.55,2,1,0,3325419.3,0
4830,8573224002,Verma,704,Jaipur Gramin,Male,34,5,10902997.6,1,1,0,16242872.7,0
4831,8443869824,Agarwal,672,Jaipur City,Male,30,4,0,2,1,0,10977670.1,0
4832,8454409073,Jain,672,Jaipur Gramin,Male,35,7,0,2,1,0,1123581,0
4833,8487442074,Choudhary,620,Jaipur Gramin,Female,79,7,0,1,1,1,13650080.3,0
4834,8552092404,Jain,794,Jaipur Gramin,Male,32,10,16300930.25,1,1,0,15270915.55,0
4835,8096733806,Verma,782,Jaipur City,Female,35,2,0,1,1,0,3768520.9,1
4836,8408194727,Verma,553,Jaipur City,Male,34,4,7237052.15,2,1,1,2483476.45,0
4837,8725134816,Agarwal,611,Jaipur Gramin,Male,26,10,10743335.3,1,0,1,3710376.65,0
4838,8407822803,Khandelwal,844,Jaipur Gramin,Male,28,3,0,2,1,0,13570590,0
4839,8308384909,Jat,547,Jaipur Gramin,Female,40,9,11038131.45,1,0,0,1529399.9,0
4840,8980040035,Maheshwari,517,Jaipur Gramin,Female,53,5,10849607.4,1,1,0,12027623.25,1
4841,8082680516,Maheshwari,373,Jaipur Gramin,Female,35,2,0,2,1,1,7975191.3,0
4842,8318408150,Jain,584,Jaipur  Urban,Female,44,5,10674654.45,2,1,1,3557440.4,1
4843,8415422060,Verma,700,Jaipur City,Male,56,7,4327452.85,3,0,0,8298491.35,1
4844,8976774139,Rathore,665,Jaipur Gramin,Male,29,2,7816226.85,1,1,0,3150581.1,0
4845,8374529911,Meena,684,Jaipur  Urban,Female,36,2,7162647.4,2,0,0,3282248.65,0
4846,8160429646,Jat,666,Jaipur Gramin,Female,36,2,12507715.15,1,1,1,7464433.1,0
4847,8053724037,Rathore,782,Jaipur Gramin,Female,36,7,0,2,1,0,15713683.1,0
4848,8837976736,Paliwal,521,Jaipur Gramin,Female,23,5,8909908.25,1,0,1,13614999.95,0
4849,8523510198,Jat,642,Jaipur Gramin,Male,42,1,12475171.2,2,0,1,13970353.5,0
4850,8485915154,Paliwal,469,Jaipur  Urban,Male,70,6,12643403.2,2,1,1,1514558.05,0
4851,8041906302,Rathore,499,Jaipur Gramin,Male,27,9,0,1,1,0,12127854.4,1
4852,8435419340,Singh,516,Jaipur Gramin,Female,48,0,0,1,1,0,7231892.65,0
4853,8366192668,Choudhary,704,Jaipur City,Male,35,3,0,2,1,1,14998266.15,0
4854,8469607365,Khandelwal,701,Jaipur Gramin,Female,41,6,11492323.85,2,1,1,10367269.8,0
4855,8596324046,Rathore,727,Jaipur  Urban,Male,23,2,7930667.45,2,0,1,10810898.4,0
4856,8967909839,Saini,468,Jaipur  Urban,Male,33,5,8188985,2,0,0,9206633.9,0
4857,8207551767,Rathore,835,Jaipur Gramin,Male,44,8,14052727,1,1,1,4862471.75,0
4858,8487540886,Sharma,899,Jaipur Gramin,Male,27,0,0,2,0,1,13420808.1,0
4859,8271681775,Sharma,815,Jaipur Gramin,Female,41,10,8481827,1,1,0,7388840.05,0
4860,8605616393,Aggarwal,833,Jaipur City,Female,22,4,9727420.4,1,1,1,9159010.95,0
4861,8634891957,Paliwal,778,Jaipur City,Male,36,4,12033751.75,1,1,0,6983441.9,0
4862,8649653352,Saini,676,Jaipur City,Female,22,9,0,1,1,0,2476550.65,1
4863,8899944360,Khandelwal,654,Jaipur City,Female,55,1,11362515.25,1,0,1,1453116.65,0
4864,8704032176,Saini,437,Jaipur Gramin,Female,33,10,12536964.5,2,1,0,8538040.05,0
4865,8623223696,Meena,764,Jaipur Gramin,Male,54,9,0,1,1,0,7094984,1
4866,8564396528,Saini,588,Jaipur Gramin,Female,29,4,0,2,1,0,10356978.85,0
4867,8663061943,Meena,506,Jaipur  Urban,Female,37,3,8076918.45,1,1,1,10974145.15,0
4868,8605026027,Aggarwal,658,Jaipur Gramin,Female,34,3,0,1,1,0,4651746.55,0
4869,8939809452,Aggarwal,785,Jaipur Gramin,Male,37,6,0,1,1,1,9872046.2,0
4870,8536629405,Choudhary,683,Jaipur Gramin,Male,50,4,12725656.85,3,1,1,10614155.7,1
4871,8982991341,Maheshwari,658,Jaipur  Urban,Female,43,1,9176887.3,1,0,0,15847303.1,1
4872,8170775497,Sharma,796,Jaipur Gramin,Male,40,3,0,2,1,0,11413894.35,0
4873,8781309238,Rathore,828,Jaipur City,Male,32,3,0,1,1,0,7738779.95,0
4874,8702236050,Rathore,577,Jaipur Gramin,Male,37,7,0,2,1,1,6317263.75,0
4875,8124003996,Paliwal,724,Jaipur Gramin,Male,43,8,0,2,1,0,824896.1,0
4876,8411158273,Agarwal,565,Jaipur Gramin,Female,33,9,8671466.25,2,0,0,10931041.65,0
4877,8859900579,Agarwal,668,Jaipur City,Female,27,8,0,2,0,0,549800.4,0
4878,8736150162,Gupta,764,Jaipur Gramin,Male,44,7,0,2,0,0,4921379.3,0
4879,8271711110,Jat,832,Jaipur City,Male,29,8,8217336.75,2,0,0,16330256.1,0
4880,8339219097,Choudhary,820,Jaipur City,Female,44,3,6953995.35,1,1,0,13958150.05,1
4881,8442441166,Gupta,781,Jaipur City,Male,33,4,6738936.85,1,1,0,9991559.6,0
4882,8830206318,Gupta,575,Jaipur Gramin,Male,31,6,0,2,1,0,2222686.25,0
4883,8245383159,Verma,666,Jaipur  Urban,Female,36,10,10396723.15,1,1,0,780441.1,0
4884,8149135909,Paliwal,617,Jaipur  Urban,Male,43,8,11962367.9,1,1,1,14160044.6,0
4885,8617505410,Verma,694,Jaipur  Urban,Male,49,2,9939314.35,1,1,0,16579554.3,1
4886,8328365925,Jain,554,Jaipur City,Male,41,5,14062828.4,2,1,0,7291921.35,0
4887,8128028926,Paliwal,733,Jaipur  Urban,Female,53,5,10523427.55,1,1,0,8706423.35,0
4888,8703365327,Gupta,624,Jaipur Gramin,Male,37,0,9141659.9,1,1,0,6049954.9,0
4889,8727345601,Saini,404,Jaipur Gramin,Male,49,9,9488914.65,2,0,1,14147427.2,0
4890,8558043230,Jat,709,Jaipur  Urban,Female,41,8,9278086.6,3,1,1,12652144.6,1
4891,8350357339,Maheshwari,542,Jaipur City,Female,34,4,0,2,1,0,11924368.65,0
4892,8645579229,Choudhary,798,Jaipur  Urban,Male,34,5,7314689.45,2,1,1,8858742.5,0
4893,8165749497,Paliwal,728,Jaipur  Urban,Female,51,10,8367249.55,1,0,0,6016183.55,1
4894,8057155773,Maheshwari,797,Jaipur City,Male,29,5,0,2,1,0,5598803.8,0
4895,8553540294,Gupta,582,Jaipur Gramin,Female,32,8,12299998.95,2,0,0,14576017.6,0
4896,8371340771,Khandelwal,821,Jaipur Gramin,Male,31,7,0,2,1,1,12172374.85,0
4897,8278886108,Singh,606,Jaipur Gramin,Male,41,5,7787097.35,1,1,1,2416366.4,0
4898,8048297495,Rathore,719,Jaipur City,Male,40,2,0,1,1,0,6662922.2,0
4899,8553960179,Jat,533,Jaipur Gramin,Female,40,7,0,1,0,1,13691538.2,0
4900,8996025766,Verma,844,Jaipur Gramin,Female,32,9,16330441.4,1,1,1,4613583.25,1
4901,8938283843,Jain,762,Jaipur Gramin,Male,41,7,15291840,1,1,1,11660380.75,0
4902,8635217535,Rathore,688,Jaipur Gramin,Male,59,0,15134935.1,2,0,1,1790415.35,1
4903,8422221404,Maheshwari,662,Jaipur Gramin,Male,30,2,14974157.6,2,1,1,12937918.85,0
4904,8551970603,Paliwal,713,Jaipur Gramin,Male,42,3,13333457,2,0,0,7555713.75,0
4905,8133017732,Verma,769,Jaipur Gramin,Female,44,7,0,2,1,1,16195454.6,0
4906,8112349238,Verma,588,Jaipur City,Male,30,3,0,2,1,0,7062679.75,0
4907,8106926044,Jat,851,Jaipur City,Female,33,3,0,2,0,1,12021276.3,0
4908,8808874493,Verma,508,Jaipur Gramin,Male,34,2,13735055.65,1,1,1,4365486.1,0
4909,8140874397,Maheshwari,528,Jaipur Gramin,Male,48,2,9294689.65,1,1,0,7539758.4,1
4910,8447237660,Singh,595,Jaipur City,Female,29,6,0,2,1,0,9919225.45,0
4911,8731584921,Aggarwal,596,Jaipur Gramin,Female,36,9,0,2,1,1,608267.65,0
4912,8798072018,Jain,368,Jaipur City,Male,37,1,0,1,1,1,4178695.2,1
4913,8623199897,Sharma,778,Jaipur Gramin,Male,60,0,12948534.5,1,1,0,10773183.05,1
4914,8999234522,Maheshwari,554,Jaipur Gramin,Female,51,1,10596315.9,1,1,1,5558189.1,1
4915,8362443485,Aggarwal,761,Jaipur  Urban,Female,47,10,7779373.4,2,1,1,11801052.35,0
4916,8588614770,Maheshwari,732,Jaipur Gramin,Male,45,1,0,2,1,1,3073146.1,0
4917,8039579572,Sharma,527,Jaipur City,Female,39,6,5274443.8,1,0,1,5079186.9,0
4918,8694228637,Agarwal,530,Jaipur Gramin,Male,32,7,9169096.2,1,1,0,10650724.4,0
4919,8081293570,Khandelwal,740,Jaipur Gramin,Female,36,2,8455184.6,2,1,0,8013351.2,1
4920,8669368058,Agarwal,698,Jaipur City,Female,50,10,10883315.85,1,1,1,8692113.6,0
4921,8154158201,Verma,498,Jaipur Gramin,Male,33,2,0,2,1,1,11562462.45,0
4922,8069783850,Choudhary,511,Jaipur City,Female,33,8,9743943.55,2,1,0,9359722.3,1
4923,8708058886,Choudhary,722,Jaipur Gramin,Male,26,5,4822769.95,2,1,1,8537588.7,1
4924,8660348284,Sharma,661,Jaipur  Urban,Male,34,2,7680185.2,2,0,0,16455824.9,0
4925,8438157872,Rathore,830,Jaipur  Urban,Male,36,5,9836645.4,2,0,0,159056.25,0
4926,8737560440,Jat,860,Jaipur  Urban,Male,58,3,9717845.15,2,1,1,3640644.35,0
4927,8690669384,Verma,689,Jaipur  Urban,Female,36,6,8564824.4,1,1,0,15483333.1,0
4928,8032079348,Jat,649,Jaipur Gramin,Female,40,9,0,1,0,0,12890136.1,1
4929,8078905640,Aggarwal,496,Jaipur City,Male,39,7,7568391.5,2,1,1,12472800.55,0
4930,8995166569,Choudhary,553,Jaipur Gramin,Male,34,1,6700510.05,1,1,1,1032597,0
4931,8088140364,Saini,632,Jaipur  Urban,Male,30,6,9551701.6,1,1,1,10032472.65,0
4932,8898424270,Jain,698,Jaipur  Urban,Male,81,6,10372477.75,1,1,1,4316629.8,0
4933,8235046325,Aggarwal,700,Jaipur Gramin,Female,29,0,13415475.2,1,0,0,11040791.1,0
4934,8860452990,Khandelwal,384,Jaipur  Urban,Female,31,1,9212108.75,2,1,1,841893.55,0
4935,8496029892,Jain,684,Jaipur Gramin,Female,54,2,8118105.2,1,1,1,5373131.35,0
4936,8906266844,Singh,486,Jaipur  Urban,Male,43,6,10807467.8,1,0,0,11693098.95,0
4937,8016237538,Aggarwal,576,Jaipur  Urban,Male,24,1,11374001.3,1,1,0,1460805.75,1
4938,8808712282,Sharma,572,Jaipur Gramin,Male,36,3,10292859.95,2,0,1,12221594.1,0
4939,8847026586,Singh,808,Jaipur  Urban,Male,34,10,10793278.75,1,0,0,3129978.8,0
4940,8943702023,Meena,619,Jaipur Gramin,Male,37,5,12260037.05,2,0,0,13171401.1,1
4941,8256535071,Aggarwal,796,Jaipur Gramin,Female,38,0,12969487,2,0,0,2710889.7,0
4942,8810338771,Singh,648,Jaipur City,Male,43,9,14660642.75,1,1,0,16242174,1
4943,8999911743,Verma,590,Jaipur Gramin,Male,36,1,10750580.7,1,0,0,15276044.45,0
4944,8137446793,Jain,514,Jaipur City,Male,43,7,8285278.95,2,1,1,13584968.6,0
4945,8313837836,Gupta,636,Jaipur Gramin,Male,53,5,11734561.95,1,0,1,9699432.45,0
4946,8145824958,Gupta,515,Jaipur Gramin,Female,31,2,13940259.25,2,1,1,5184424.55,0
4947,8382127964,Verma,535,Jaipur Gramin,Female,47,8,0,1,1,1,5644680.85,1
4948,8873002658,Maheshwari,784,Jaipur Gramin,Female,62,6,0,2,1,1,11593906.5,0
4949,8204757052,Meena,806,Jaipur City,Female,39,4,10411319.35,2,1,1,11960286.25,0
4950,8181204405,Khandelwal,560,Jaipur Gramin,Male,36,1,0,2,0,0,727237.05,0
4951,8686179591,Meena,634,Jaipur  Urban,Female,45,6,4561732.4,1,1,0,9776949.9,0
4952,8380627740,Sharma,670,Jaipur Gramin,Male,20,7,0,2,0,0,15949258.9,0
4953,8588334174,Choudhary,695,Jaipur City,Male,58,9,9292850.25,1,1,1,325476.05,0
4954,8664756776,Jat,635,Jaipur City,Male,34,1,10297839.25,1,0,0,10145424.05,0
4955,8802585501,Jain,757,Jaipur City,Male,42,9,8588708.55,1,1,1,16334919.2,0
4956,8981081557,Meena,810,Jaipur  Urban,Male,33,3,7097641.1,2,1,0,10951511.35,0
4957,8701366932,Saini,672,Jaipur City,Male,33,2,6839290.4,1,0,0,12785899.75,0
4958,8103129803,Sharma,782,Jaipur Gramin,Male,39,3,0,1,1,0,15995899.25,0
4959,8466361098,Agarwal,666,Jaipur Gramin,Male,37,6,9272939.85,2,1,0,150919.2,0
4960,8278490625,Rathore,532,Jaipur City,Female,46,5,11930226,1,1,1,7232376.3,0
4961,8257076913,Agarwal,853,Jaipur Gramin,Male,42,10,0,2,1,1,322812.15,0
4962,8501669800,Khandelwal,707,Jaipur  Urban,Male,45,0,11064519.7,2,1,0,12822792.3,0
4963,8906746049,Sharma,517,Jaipur Gramin,Female,42,2,0,2,0,1,7695684.95,0
4964,8099469793,Jain,498,Jaipur Gramin,Male,40,0,9311094.65,1,1,1,14141518.85,0
4965,8547164034,Singh,439,Jaipur Gramin,Female,41,3,2852935.75,2,1,0,15214501.05,1
4966,8899878223,Aggarwal,818,Jaipur Gramin,Male,36,1,12647589.45,2,1,1,16632921.55,0
4967,8041018802,Jat,613,Jaipur Gramin,Male,64,9,0,2,1,1,4528557.75,0
4968,8881880259,Rathore,625,Jaipur  Urban,Male,40,8,14800773.75,3,1,0,14661716.3,1
4969,8182068054,Agarwal,605,Jaipur City,Male,41,3,0,1,0,0,1004686.4,0
4970,8680484088,Maheshwari,666,Jaipur City,Female,35,1,9044427.55,1,1,1,7046521.25,0
4971,8881785329,Rathore,707,Jaipur City,Male,38,2,0,1,1,1,7030333,0
4972,8448739539,Saini,697,Jaipur City,Male,30,2,10913429.65,1,1,1,15350443.25,0
4973,8946043549,Saini,652,Jaipur  Urban,Male,41,2,10866529.2,1,1,0,14650889.85,0
4974,8229764561,Singh,620,Jaipur Gramin,Female,24,4,11670091.15,2,1,1,7751585.2,0
4975,8804374377,Khandelwal,646,Jaipur City,Female,55,2,13245398.7,1,0,1,9263916.25,1
4976,8409499274,Saini,772,Jaipur Gramin,Male,39,6,0,2,1,0,3762548.8,0
4977,8411261148,Sharma,874,Jaipur  Urban,Female,25,7,12269908.1,1,1,0,9912127.1,0
4978,8741192857,Jat,811,Jaipur City,Male,35,8,9041049.65,1,1,1,12624842.6,0
4979,8437882871,Jain,528,Jaipur  Urban,Male,35,7,10863159.8,1,0,1,7160354.1,0
4980,8294085880,Singh,619,Jaipur  Urban,Female,45,4,10437486.6,1,1,1,5270173.4,0
4981,8664195350,Sharma,634,Jaipur  Urban,Male,38,10,9649696.4,1,1,0,3913780.8,1
4982,8488447415,Gupta,680,Jaipur City,Female,23,6,11568558.65,2,0,0,14421893.05,1
4983,8268210099,Maheshwari,618,Jaipur Gramin,Male,30,7,0,2,1,1,13289481.4,0
4984,8028082991,Aggarwal,532,Jaipur Gramin,Male,30,4,11977928.85,1,1,0,13405450.3,0
4985,8305279251,Paliwal,544,Jaipur Gramin,Female,31,4,0,2,1,1,7572429,0
4986,8031634412,Aggarwal,545,Jaipur  Urban,Male,26,4,10316058.15,1,1,1,743100.6,0
4987,8396622337,Saini,701,Jaipur City,Female,36,4,0,1,1,0,9948311.6,0
4988,8831118423,Gupta,422,Jaipur Gramin,Female,35,7,0,2,1,0,13960541.95,0
4989,8747355934,Meena,607,Jaipur Gramin,Male,47,3,7954187.8,2,0,1,11706247.6,1
4990,8170558362,Meena,635,Jaipur Gramin,Male,40,9,0,1,1,0,9066.95,0
4991,8242594433,Jain,671,Jaipur City,Female,33,8,9809816,1,0,1,130832.85,0
4992,8384004600,Saini,472,Jaipur Gramin,Female,33,8,7717293.65,1,1,1,5071060.05,0
4993,8742406733,Agarwal,833,Jaipur Gramin,Female,62,9,10512912.2,3,1,0,14754863.55,1
4994,8851137283,Sharma,545,Jaipur Gramin,Female,44,6,7857133.1,1,1,0,10712881.5,0
4995,8399590640,Saini,835,Jaipur  Urban,Female,52,9,14211520.6,1,1,1,5338759.05,1
4996,8587091596,Choudhary,848,Jaipur Gramin,Female,36,4,0,2,0,1,12495623.05,0
4997,8639183587,Rathore,480,Jaipur  Urban,Male,44,9,13671241.05,2,1,0,16682239.4,0
4998,8950209186,Jain,746,Jaipur City,Male,43,1,0,1,1,0,3787614.45,1
4999,8095032555,Aggarwal,551,Jaipur City,Female,40,7,12280015.45,1,1,1,1608025.75,0
5000,8760525813,Meena,581,Jaipur City,Female,38,3,0,2,1,1,384659,0
5001,8650866815,Maheshwari,881,Jaipur  Urban,Female,68,9,11064387.95,2,0,1,7914537,0
5002,8095521270,Verma,785,Jaipur City,Male,35,4,0,2,1,1,820964.85,0
5003,8216847559,Paliwal,588,Jaipur Gramin,Male,43,7,6891528,2,1,1,15523316.25,1
5004,8958693313,Meena,768,Jaipur Gramin,Male,36,7,0,1,1,1,1120079,0
5005,8228764549,Jain,482,Jaipur  Urban,Female,57,3,8624551.35,1,1,0,3703306.35,1
5006,8505633310,Aggarwal,760,Jaipur Gramin,Male,48,5,0,1,0,1,10015598.45,0
5007,8094500341,Jain,786,Jaipur  Urban,Female,37,0,9678544.55,2,1,1,9978681.25,0
5008,8886163081,Rathore,545,Jaipur City,Female,46,7,7446284.75,3,0,1,8238985.4,1
5009,8957534699,Aggarwal,521,Jaipur Gramin,Male,36,4,10203226.6,1,1,0,3083454.9,0
5010,8618867732,Khandelwal,667,Jaipur City,Male,33,4,0,2,1,0,9920010,0
5011,8885609705,Verma,570,Jaipur  Urban,Male,49,7,10302437.75,4,1,1,14286845.05,1
5012,8394315394,Saini,456,Jaipur City,Male,47,8,6409708.05,1,1,0,2200470.65,1
5013,8371347871,Khandelwal,570,Jaipur Gramin,Male,40,5,0,2,1,1,10411530.15,0
5014,8220555411,Gupta,686,Jaipur Gramin,Female,40,3,0,1,1,0,9619586.85,1
5015,8382923721,Maheshwari,790,Jaipur City,Female,35,5,0,2,0,0,8531068.35,0
5016,8689362972,Verma,698,Jaipur Gramin,Male,50,6,10354601.4,2,0,1,10552866.45,0
5017,8877987176,Aggarwal,481,Jaipur Gramin,Female,29,8,0,2,1,0,9576460.4,0
5018,8988205363,Aggarwal,775,Jaipur  Urban,Male,34,6,12053510,2,1,1,15597063.95,0
5019,8670367661,Choudhary,547,Jaipur Gramin,Female,51,8,5215101.9,1,1,0,16898905.25,1
5020,8917264545,Singh,868,Jaipur  Urban,Female,53,4,10621169.9,1,0,1,11157066,1
5021,8327351140,Choudhary,469,Jaipur  Urban,Female,68,1,8078325.2,1,0,1,9900046.9,1
5022,8045837139,Jat,646,Jaipur Gramin,Female,29,9,8790507.9,1,1,1,1303594,0
5023,8977674300,Choudhary,761,Jaipur Gramin,Male,45,2,0,2,1,0,8465428.8,0
5024,8114063484,Sharma,546,Jaipur Gramin,Male,40,10,3657445.45,1,1,0,14493707.85,0
5025,8104953287,Gupta,774,Jaipur  Urban,Female,44,0,10169247.85,1,1,1,2912531.8,1
5026,8307731526,Khandelwal,754,Jaipur Gramin,Male,37,3,10428608.35,2,0,0,9093090.05,1
5027,8240933701,Rathore,631,Jaipur Gramin,Male,44,10,0,2,0,0,13964468.1,0
5028,8255465354,Khandelwal,697,Jaipur  Urban,Male,37,8,6220243.9,2,1,1,2149865.05,0
5029,8444432383,Khandelwal,454,Jaipur Gramin,Female,38,4,14612678.95,1,1,0,4404773.95,1
5030,8476344171,Verma,731,Jaipur Gramin,Male,38,5,0,2,1,1,6923444.65,0
5031,8610785745,Aggarwal,554,Jaipur  Urban,Male,33,8,7876032,2,1,0,115111.25,0
5032,8550643954,Jat,803,Jaipur  Urban,Female,34,7,11665329.45,1,1,1,6067293.2,1
5033,8188530424,Jat,701,Jaipur  Urban,Female,46,3,8751186.9,2,1,0,13101673.05,0
5034,8469351644,Rathore,523,Jaipur Gramin,Female,61,8,5541174.65,1,1,1,5466221.65,1
5035,8534356440,Gupta,637,Jaipur  Urban,Female,29,2,8233399.2,2,1,1,2687134.75,0
5036,8190628798,Verma,668,Jaipur City,Male,34,5,13173638.3,1,1,0,2357730.85,0
5037,8433807892,Meena,719,Jaipur  Urban,Male,59,3,9079670.25,1,0,1,13903471.25,0
5038,8425066989,Jain,607,Jaipur City,Male,38,7,10929174.2,1,1,1,16479673.35,0
5039,8116841346,Choudhary,614,Jaipur Gramin,Female,63,2,10750233.05,1,0,1,12541380.25,0
5040,8091832401,Jain,672,Jaipur Gramin,Female,38,5,9398516.3,2,1,0,16652060.15,0
5041,8081828695,Jain,875,Jaipur City,Male,50,7,0,2,0,1,15169003.1,0
5042,8451441518,Saini,560,Jaipur City,Male,29,8,0,2,1,0,13270686.2,0
5043,8265813989,Jain,900,Jaipur Gramin,Female,33,3,0,2,1,1,948531.15,0
5044,8414332425,Jat,734,Jaipur City,Female,44,2,0,2,0,0,3887809.9,0
5045,8143788954,Choudhary,554,Jaipur Gramin,Male,30,3,9443482.15,2,0,0,11955266.15,0
5046,8957972491,Choudhary,786,Jaipur Gramin,Female,29,3,0,3,1,0,402384.9,0
5047,8226587910,Sharma,832,Jaipur City,Male,25,3,8577653.45,1,0,0,899276.2,0
5048,8986701456,Gupta,445,Jaipur City,Male,26,8,0,2,1,1,15270748.95,0
5049,8888795584,Saini,728,Jaipur Gramin,Male,42,2,1435955.15,1,1,1,6587717.6,0
5050,8078494911,Jain,821,Jaipur City,Male,38,10,10392767.25,1,0,0,12389594.05,0
5051,8825311993,Singh,724,Jaipur Gramin,Male,32,1,10683292.15,1,1,1,4780971.2,0
5052,8176000113,Meena,725,Jaipur City,Male,36,8,10828773.9,1,1,0,12863495.4,0
5053,8592101401,Khandelwal,674,Jaipur Gramin,Male,38,0,8948082.6,1,0,1,15285843.25,0
5054,8880740110,Aggarwal,643,Jaipur  Urban,Female,28,2,9797536.9,1,0,0,16288367.25,0
5055,8439221746,Sharma,648,Jaipur City,Male,36,4,0,1,0,0,14706399.1,0
5056,8863230459,Choudhary,767,Jaipur City,Male,31,1,0,2,1,1,4969928.75,0
5057,8432730173,Choudhary,800,Jaipur  Urban,Male,23,2,11861139.7,1,0,1,2383253.8,0
5058,8239628516,Agarwal,784,Jaipur  Urban,Female,46,3,9478583.75,3,1,0,13564023.75,1
5059,8891303726,Saini,737,Jaipur Gramin,Male,37,9,12619689.05,2,0,1,12858881.6,0
5060,8091861598,Jain,728,Jaipur Gramin,Male,29,4,0,2,1,0,11896084.9,0
5061,8133895202,Maheshwari,572,Jaipur Gramin,Female,35,4,9193216.65,1,1,0,8959662.15,0
5062,8951801536,Saini,640,Jaipur Gramin,Female,42,1,0,2,1,0,4833577.7,0
5063,8516240839,Agarwal,899,Jaipur  Urban,Male,41,10,7192881.05,1,1,1,16836133.6,0
5064,8906186315,Paliwal,617,Jaipur City,Female,41,7,12494799.4,2,0,0,11712250.3,0
5065,8595508090,Khandelwal,550,Jaipur Gramin,Female,47,9,0,2,1,0,8821918.8,0
5066,8811927029,Saini,878,Jaipur Gramin,Female,27,10,8380171.25,1,1,0,2627595.65,0
5067,8546800376,Choudhary,560,Jaipur Gramin,Female,26,2,0,2,1,1,6685381.75,0
5068,8484459090,Jat,584,Jaipur  Urban,Female,45,8,11473362.9,1,1,1,10481313.45,1
5069,8754506776,Verma,734,Jaipur City,Female,79,5,9186677.6,1,1,1,14800109.05,0
5070,8884258360,Choudhary,666,Jaipur City,Female,29,9,0,2,0,1,7287582.1,0
5071,8903087135,Sharma,649,Jaipur Gramin,Female,42,6,0,2,0,0,10296795.45,0
5072,8694232894,Gupta,691,Jaipur Gramin,Male,35,5,9081116.95,2,1,0,7156981.3,0
5073,8829656075,Paliwal,446,Jaipur Gramin,Male,29,8,8711672.95,1,0,1,15404087.6,0
5074,8654916926,Agarwal,653,Jaipur  Urban,Male,34,9,9583455.9,2,0,0,12004555.95,0
5075,8220639052,Meena,598,Jaipur Gramin,Male,38,0,10666470.65,1,0,0,13439495.35,0
5076,8102223451,Aggarwal,830,Jaipur City,Male,25,8,12143287.85,1,1,1,11104315.85,0
5077,8634087424,Meena,720,Jaipur Gramin,Female,37,7,0,2,1,0,1448469.7,0
5078,8465413554,Maheshwari,619,Jaipur Gramin,Male,34,10,0,2,1,0,2181292.95,0
5079,8370710341,Choudhary,772,Jaipur City,Male,35,6,6748008.05,1,1,1,16435658.65,0
5080,8786830471,Sharma,392,Jaipur Gramin,Male,37,5,0,2,1,1,10326233.5,0
5081,8613208196,Jain,757,Jaipur Gramin,Male,29,10,0,2,1,1,13808475.25,0
5082,8990625752,Choudhary,612,Jaipur Gramin,Female,31,6,9161695.25,1,1,1,11996690.05,0
5083,8334024789,Gupta,749,Jaipur City,Female,41,4,12144823.8,3,0,0,15771002,1
5084,8222602715,Jat,664,Jaipur City,Female,38,9,12713614.9,1,1,0,10062570.3,0
5085,8472762150,Khandelwal,809,Jaipur Gramin,Male,49,1,12135228.15,1,1,1,698224.85,0
5086,8565968662,Singh,536,Jaipur  Urban,Male,49,8,10330705.35,2,1,0,3954323.25,1
5087,8526683459,Aggarwal,743,Jaipur City,Male,50,2,0,2,0,0,915631.05,0
5088,8030573747,Gupta,768,Jaipur City,Male,43,9,0,1,1,0,16939707.8,1
5089,8787970563,Agarwal,532,Jaipur Gramin,Male,42,4,7636290.35,3,1,0,7308600.9,1
5090,8853212797,Jain,706,Jaipur  Urban,Male,45,9,8788988.95,1,0,0,11039029.05,0
5091,8630190254,Agarwal,449,Jaipur Gramin,Female,30,9,0,2,0,0,5368448.7,0
5092,8729107194,Choudhary,486,Jaipur  Urban,Male,43,5,11632754.9,2,1,0,14540994.2,0
5093,8807685140,Sharma,706,Jaipur Gramin,Female,39,0,0,2,1,0,4523882.75,1
5094,8926223332,Gupta,660,Jaipur  Urban,Female,55,2,11975774.1,3,1,1,15285928.25,1
5095,8657708983,Rathore,612,Jaipur Gramin,Male,37,0,0,1,1,0,9733744.4,0
5096,8063806568,Jain,726,Jaipur City,Female,46,5,7596017.35,1,0,1,11828782.75,0
5097,8042291777,Maheshwari,683,Jaipur Gramin,Female,29,7,12410969,1,0,0,4271178.6,0
5098,8992677306,Sharma,660,Jaipur City,Male,20,8,0,2,1,1,9644920.25,0
5099,8358062128,Jat,540,Jaipur  Urban,Male,29,9,12349996.8,2,1,0,12536151.05,0
5100,8301836815,Jain,594,Jaipur  Urban,Female,45,9,9010010.2,1,0,0,16273161.6,1
5101,8855228560,Agarwal,566,Jaipur City,Female,26,5,0,2,1,0,10147419.85,0
5102,8899030355,Jain,626,Jaipur City,Female,58,2,0,2,1,1,2828571.35,0
5103,8303502073,Singh,674,Jaipur City,Male,20,9,8883245.45,2,0,0,6214140.05,0
5104,8797099361,Choudhary,820,Jaipur  Urban,Female,58,3,10840840.5,1,1,1,8210183.15,1
5105,8557911114,Saini,737,Jaipur City,Male,44,7,0,1,0,1,588464.35,0
5106,8708011809,Agarwal,685,Jaipur  Urban,Male,51,3,8235774.1,1,1,0,14994283.05,1
5107,8925291424,Singh,600,Jaipur Gramin,Female,32,1,6675496.25,1,1,0,5469716,0
5108,8999539481,Maheshwari,896,Jaipur City,Female,37,9,9580534.45,1,1,0,9868267.1,0
5109,8297100865,Paliwal,660,Jaipur City,Male,55,9,10167565.7,1,1,1,2538196.05,0
5110,8798332540,Aggarwal,732,Jaipur City,Female,28,6,0,1,1,0,4116293.3,0
5111,8348787006,Verma,698,Jaipur Gramin,Female,33,8,6371897.5,1,1,1,2785497.6,0
5112,8357647446,Saini,650,Jaipur Gramin,Male,26,1,11732022.15,2,0,1,9950117,0
5113,8139580968,Choudhary,523,Jaipur City,Female,28,4,0,1,1,1,11576800.25,0
5114,8236909241,Rathore,785,Jaipur Gramin,Female,47,1,15768661.95,1,1,0,2332300.55,0
5115,8470421345,Saini,694,Jaipur Gramin,Male,60,8,15780127.6,1,0,0,16333305.9,1
5116,8989630331,Aggarwal,520,Jaipur  Urban,Female,49,1,8694361,3,1,0,5899796.45,1
5117,8365908814,Sharma,769,Jaipur  Urban,Male,38,4,10881345.55,1,1,0,4967436.55,0
5118,8141203209,Rathore,788,Jaipur Gramin,Male,31,10,3360848.15,2,0,0,16364148.15,0
5119,8514269966,Agarwal,745,Jaipur Gramin,Male,40,3,0,1,1,1,12314346.95,0
5120,8777500713,Rathore,720,Jaipur Gramin,Male,37,3,6596719.1,2,1,1,14906744.1,0
5121,8865189560,Gupta,676,Jaipur Gramin,Male,26,5,12024281.05,1,1,0,37417,0
5122,8273942230,Aggarwal,692,Jaipur City,Female,35,0,0,2,0,0,6514177.3,0
5123,8478739962,Paliwal,666,Jaipur Gramin,Male,27,2,11193763.05,1,1,0,4205856.1,0
5124,8609217040,Jain,878,Jaipur City,Male,29,8,7975878.1,1,0,1,885518.95,0
5125,8118886331,Singh,745,Jaipur City,Female,46,7,11724338.15,1,1,1,5778008.45,0
5126,8918269192,Saini,530,Jaipur City,Male,54,8,8990461.9,1,0,1,11979048.3,1
5127,8453177635,Gupta,665,Jaipur City,Female,54,5,0,2,0,1,4006820.1,0
5128,8614028232,Khandelwal,865,Jaipur City,Female,38,8,0,2,0,1,10730519,1
5129,8786277839,Rathore,490,Jaipur Gramin,Female,38,3,14137935.25,2,0,1,1922206.15,0
5130,8850161443,Gupta,586,Jaipur  Urban,Female,42,2,13966160.45,1,1,0,4122346.15,0
5131,8690318895,Maheshwari,709,Jaipur  Urban,Male,38,9,13937083.65,2,0,1,8798457.1,0
5132,8130881330,Meena,677,Jaipur Gramin,Male,40,7,10676741.2,1,1,0,10376245.8,0
5133,8861597792,Aggarwal,407,Jaipur Gramin,Female,66,9,0,1,1,0,5570522.6,0
5134,8711995254,Singh,455,Jaipur City,Male,37,6,10066884.9,1,0,1,13605176.5,0
5135,8986461278,Jat,900,Jaipur Gramin,Female,55,10,8371486.8,1,1,0,13249763.45,1
5136,8431115589,Sharma,502,Jaipur Gramin,Male,40,4,0,2,0,1,16525409.3,0
5137,8223535177,Rathore,740,Jaipur  Urban,Female,64,10,8360799.75,2,1,1,1838567.85,0
5138,8986563919,Aggarwal,718,Jaipur Gramin,Female,51,6,12260222.35,4,1,0,13357206.85,1
5139,8576578627,Jat,900,Jaipur Gramin,Male,34,6,0,1,0,1,4487686.35,0
5140,8483936149,Jat,720,Jaipur City,Male,47,4,0,1,1,0,10352874.2,1
5141,8526584908,Khandelwal,631,Jaipur Gramin,Female,29,4,8990218.8,2,0,0,3493909.7,0
5142,8830304463,Choudhary,809,Jaipur City,Male,32,9,0,2,1,0,901380.8,0
5143,8989314931,Singh,743,Jaipur City,Female,48,5,0,2,0,0,6677911.1,0
5144,8368779005,Gupta,655,Jaipur City,Male,31,2,0,1,1,1,14519821.55,1
5145,8262022364,Jat,462,Jaipur Gramin,Female,25,3,11429717.1,1,1,1,9627617.65,0
5146,8970999045,Meena,821,Jaipur  Urban,Male,38,1,11773776.7,1,1,1,14600344.6,0
5147,8577630617,Khandelwal,900,Jaipur  Urban,Male,32,2,10935078.3,2,0,0,4625375.3,0
5148,8138746186,Aggarwal,683,Jaipur Gramin,Female,38,9,10358013.3,1,1,0,11114203.9,0
5149,8301447511,Khandelwal,757,Jaipur City,Male,70,3,0,2,1,1,12000356.1,0
5150,8667102172,Verma,745,Jaipur Gramin,Female,49,1,10209227.6,1,0,1,15590849.6,0
5151,8701989634,Verma,498,Jaipur Gramin,Female,37,0,16732557.7,1,1,1,11285459.35,0
5152,8356648755,Jain,809,Jaipur Gramin,Female,35,3,10320582.7,1,1,1,2074031.45,0
5153,8683868233,Khandelwal,582,Jaipur City,Male,36,10,0,2,1,1,15327081,0
5154,8820561532,Maheshwari,714,Jaipur Gramin,Female,29,9,0,2,1,0,9483063.25,0
5155,8819286269,Jain,755,Jaipur  Urban,Female,42,4,8287143,2,0,0,170212.5,0
5156,8487316414,Rathore,736,Jaipur Gramin,Female,42,3,0,2,0,0,7018025.85,0
5157,8364027712,Jain,546,Jaipur City,Male,33,5,10824189,1,0,1,10352090.5,0
5158,8284446442,Agarwal,719,Jaipur City,Female,50,0,13483856.85,1,1,0,16471798.95,0
5159,8246297561,Gupta,584,Jaipur Gramin,Male,55,9,0,1,1,0,5490410.95,0
5160,8055804235,Agarwal,794,Jaipur City,Female,69,9,15618323.3,1,1,1,16744463.65,0
5161,8596362637,Jat,492,Jaipur Gramin,Male,44,6,0,2,1,1,14919056.35,0
5162,8584785240,Aggarwal,890,Jaipur City,Male,46,9,0,1,0,0,1467781.7,0
5163,8203648583,Rathore,610,Jaipur Gramin,Male,31,7,6796848.2,2,1,0,5176646.2,0
5164,8877877994,Saini,900,Jaipur Gramin,Female,36,10,0,2,1,1,8563752.55,0
5165,8219779907,Jat,650,Jaipur Gramin,Male,36,4,0,2,1,1,16594117.35,0
5166,8689956507,Gupta,900,Jaipur Gramin,Male,33,7,11981344.15,1,0,0,298365.3,0
5167,8448311750,Verma,426,Jaipur City,Female,43,6,0,1,1,1,6906317.15,0
5168,8911824777,Singh,751,Jaipur Gramin,Male,29,7,0,2,1,1,7806751.9,1
5169,8852735090,Maheshwari,533,Jaipur City,Male,30,8,12345538.55,1,1,1,6857530.55,0
5170,8764137784,Jain,661,Jaipur  Urban,Male,31,7,11730685.1,2,1,0,11042582.9,0
5171,8848142563,Choudhary,857,Jaipur Gramin,Female,31,4,0,2,1,1,12072479.45,0
5172,8543994713,Aggarwal,524,Jaipur Gramin,Male,39,2,0,2,1,1,11700386,0
5173,8087667956,Sharma,544,Jaipur Gramin,Male,37,2,0,2,1,0,2879569.65,0
5174,8793594673,Singh,840,Jaipur City,Male,38,9,0,1,1,0,6693273.15,0
5175,8538768377,Agarwal,829,Jaipur Gramin,Male,34,7,0,2,1,0,8222429.1,0
5176,8237144591,Jain,719,Jaipur City,Female,29,9,10843529.05,2,1,0,14004328.85,0
5177,8156693429,Rathore,787,Jaipur Gramin,Female,28,6,0,1,1,1,13973545.25,0
5178,8960967082,Agarwal,589,Jaipur City,Female,27,5,9164076.95,1,0,1,13812655.55,1
5179,8077568041,Aggarwal,900,Jaipur  Urban,Male,22,7,7782649.3,2,0,0,896017.3,0
5180,8701637072,Agarwal,792,Jaipur  Urban,Male,34,6,10310820.45,2,1,1,5042642.85,0
5181,8999560813,Aggarwal,563,Jaipur City,Male,43,8,13731467.8,2,0,1,15145918.8,0
5182,8679624981,Agarwal,673,Jaipur City,Female,35,5,10915313.25,1,1,0,12123251.65,0
5183,8347962179,Singh,684,Jaipur Gramin,Female,31,2,4890055.1,1,1,1,15460931.35,1
5184,8130838546,Khandelwal,713,Jaipur Gramin,Male,38,1,0,2,0,1,13332947,0
5185,8992579750,Meena,754,Jaipur Gramin,Female,28,4,12090700.9,2,1,0,2811333.35,0
5186,8269555272,Singh,797,Jaipur  Urban,Female,39,9,11759028.35,1,1,0,4256199.9,1
5187,8329884050,Khandelwal,647,Jaipur Gramin,Male,32,9,0,2,1,0,9463930.6,0
5188,8737488783,Saini,700,Jaipur Gramin,Female,30,2,0,2,0,1,8542231.4,1
5189,8407822133,Jat,676,Jaipur City,Male,30,4,0,3,1,0,8616539.25,0
5190,8128135576,Jat,871,Jaipur City,Male,41,5,12449649.1,2,0,0,15379446.95,0
5191,8188520559,Gupta,762,Jaipur City,Male,36,5,0,2,1,0,8937934.45,0
5192,8171744529,Maheshwari,698,Jaipur Gramin,Female,58,1,0,1,1,1,60052.5,0
5193,8553643380,Maheshwari,676,Jaipur Gramin,Female,39,8,0,2,1,1,8599356.5,0
5194,8769479252,Jain,554,Jaipur City,Female,29,9,10226144.3,1,1,1,577626.85,0
5195,8506542730,Singh,715,Jaipur Gramin,Male,27,4,7449167.1,2,0,0,16669464.75,0
5196,8665466984,Singh,900,Jaipur City,Male,38,2,8045423.4,1,1,1,14616664.6,0
5197,8123851075,Sharma,743,Jaipur Gramin,Female,22,7,9725346.4,1,1,1,15087279,0
5198,8143007512,Sharma,845,Jaipur Gramin,Female,71,8,0,2,0,1,12579656.6,0
5199,8378558398,Maheshwari,605,Jaipur Gramin,Male,40,1,7166776.7,1,0,0,3077773.5,0
5200,8001043423,Gupta,818,Jaipur City,Female,27,3,0,2,1,0,12207190.85,0
5201,8463226269,Choudhary,494,Jaipur  Urban,Male,42,9,7986245.55,2,1,0,1260425.9,0
5202,8545186220,Jat,563,Jaipur Gramin,Male,36,1,5702453.65,1,1,0,13155934.5,0
5203,8052849274,Choudhary,596,Jaipur  Urban,Female,22,6,8629931.85,1,1,0,5994965,1
5204,8788622041,Jain,784,Jaipur  Urban,Male,30,1,9420084.2,1,1,1,4921182.95,0
5205,8381770616,Aggarwal,396,Jaipur Gramin,Female,33,8,0,1,1,1,5929592.35,0
5206,8504034364,Maheshwari,787,Jaipur Gramin,Male,28,8,15296617,1,1,0,7644736.8,0
5207,8138827363,Maheshwari,472,Jaipur Gramin,Male,38,3,11390575.45,1,1,0,7614157.2,0
5208,8086685025,Aggarwal,812,Jaipur  Urban,Female,37,10,10330234.45,2,1,1,6244514.8,0
5209,8121856392,Paliwal,815,Jaipur City,Female,38,7,0,2,1,1,11776143.95,0
5210,8288315595,Verma,722,Jaipur City,Female,38,2,0,1,1,1,13760533.55,0
5211,8466311425,Agarwal,541,Jaipur Gramin,Male,35,7,11025970.5,2,0,0,7389662,0
5212,8262642149,Sharma,779,Jaipur  Urban,Male,22,4,8054783.6,2,1,1,3590530.9,0
5213,8948778500,Verma,770,Jaipur  Urban,Male,55,5,13191674.45,1,0,1,10302651.1,1
5214,8967643581,Saini,782,Jaipur  Urban,Male,29,4,11008774.15,1,1,1,8749089.1,0
5215,8530882244,Gupta,768,Jaipur  Urban,Female,57,3,9637840.6,2,1,1,5535338.55,1
5216,8174388403,Gupta,571,Jaipur Gramin,Male,24,3,0,1,0,1,6672333.4,1
5217,8779367423,Aggarwal,644,Jaipur City,Male,43,3,14636679.55,1,1,1,8905446.6,0
5218,8573563221,Singh,749,Jaipur Gramin,Male,28,5,8297030.2,1,1,1,8202341.9,0
5219,8272883844,Jat,702,Jaipur Gramin,Male,20,4,8901194.9,2,1,0,3288763.9,0
5220,8260176314,Choudhary,630,Jaipur Gramin,Female,38,7,0,1,1,0,14008341.7,0
5221,8628127555,Sharma,565,Jaipur  Urban,Male,37,9,11865403.3,3,1,0,8852975.25,1
5222,8497039612,Verma,581,Jaipur City,Female,29,4,0,2,1,0,7553688.2,0
5223,8918339848,Choudhary,540,Jaipur Gramin,Female,22,7,11823232.25,1,1,0,11040729.9,0
5224,8820129884,Singh,674,Jaipur City,Female,72,7,11925646.2,1,0,1,15236986.95,0
5225,8167421589,Verma,844,Jaipur City,Male,43,3,0,1,1,0,6124372.4,0
5226,8662062490,Maheshwari,618,Jaipur Gramin,Male,66,7,0,2,1,1,6339368,0
5227,8162691209,Khandelwal,457,Jaipur City,Male,39,1,9454812.65,1,1,1,10539587.75,0
5228,8538465487,Agarwal,721,Jaipur Gramin,Male,23,3,0,2,1,0,3311650.15,0
5229,8516559849,Saini,781,Jaipur Gramin,Male,29,10,12557698.55,1,0,1,8070857.95,0
5230,8710788732,Paliwal,690,Jaipur Gramin,Male,35,8,0,2,1,1,4814652.45,0
5231,8874147561,Saini,760,Jaipur  Urban,Male,40,5,10686626.7,2,1,1,4316563.5,0
5232,8656168508,Choudhary,866,Jaipur Gramin,Male,38,6,10904624.5,3,1,0,777746.6,1
5233,8622151986,Choudhary,551,Jaipur Gramin,Female,46,5,0,1,1,0,1785518.5,1
5234,8155509001,Paliwal,757,Jaipur  Urban,Female,49,4,7550215.95,1,1,1,2869549.85,1
5235,8532312709,Choudhary,694,Jaipur Gramin,Female,41,1,12192706.85,1,1,0,16712893.8,1
5236,8219650365,Paliwal,654,Jaipur Gramin,Female,68,9,0,4,1,1,14990078.95,1
5237,8863036528,Verma,721,Jaipur Gramin,Male,29,2,0,2,1,0,15040205.15,0
5238,8896277380,Paliwal,545,Jaipur City,Male,26,8,12676429.1,1,1,1,15127130.4,0
5239,8095360377,Agarwal,748,Jaipur Gramin,Male,30,3,10550160.9,1,1,0,13786857.2,0
5240,8491508165,Paliwal,799,Jaipur  Urban,Male,44,3,9929929.5,1,0,0,16799675.4,0
5241,8230742206,Khandelwal,596,Jaipur Gramin,Female,24,1,8773654.95,1,1,0,5135705.95,0
5242,8238081914,Maheshwari,569,Jaipur Gramin,Male,41,1,0,2,0,0,5996750,0
5243,8734737847,Paliwal,666,Jaipur  Urban,Female,40,0,6966141,1,1,1,16897867.4,1
5244,8134247610,Meena,816,Jaipur  Urban,Female,37,10,8091682.1,1,1,0,10736383.15,1
5245,8304665406,Paliwal,686,Jaipur City,Male,43,5,0,2,1,1,5483817.5,0
5246,8497870190,Choudhary,740,Jaipur Gramin,Male,38,7,0,2,1,1,13479304.25,0
5247,8009675864,Khandelwal,505,Jaipur Gramin,Female,32,2,11607175.85,2,1,1,10995022.85,0
5248,8146975538,Jat,640,Jaipur Gramin,Male,59,5,0,1,1,1,11668287.45,0
5249,8739596209,Jain,683,Jaipur Gramin,Male,39,3,10153422.55,1,1,1,14583920.9,0
5250,8316976124,Khandelwal,768,Jaipur Gramin,Male,44,9,0,1,0,1,8204880,1
5251,8845072515,Singh,434,Jaipur  Urban,Female,24,9,5939892.65,2,0,1,5475786.7,0
5252,8443011943,Jain,623,Jaipur Gramin,Male,39,5,0,2,1,1,13467791.85,0
5253,8625574522,Sharma,678,Jaipur Gramin,Female,44,7,0,2,1,1,5656629.3,0
5254,8829017647,Sharma,666,Jaipur City,Female,27,9,0,2,0,0,9180684.25,0
5255,8453541663,Singh,436,Jaipur City,Male,20,8,17358957.55,1,1,0,10902813.15,0
5256,8193586551,Khandelwal,839,Jaipur Gramin,Female,63,1,9376707.85,2,1,0,3184440,1
5257,8887124658,Verma,736,Jaipur City,Female,48,1,13919669.7,1,0,0,13377396.9,1
5258,8778463923,Singh,848,Jaipur  Urban,Female,31,1,11990880.3,3,1,1,16511854.35,0
5259,8910567241,Maheshwari,754,Jaipur Gramin,Male,38,1,9854452.9,1,1,1,11820019.25,0
5260,8515093537,Jain,578,Jaipur Gramin,Male,52,2,12873919.8,1,0,1,3475956.85,0
5261,8579643299,Jain,725,Jaipur  Urban,Female,35,3,13107515.95,2,1,1,3422226.65,0
5262,8542003781,Choudhary,737,Jaipur Gramin,Female,26,9,7643964.15,1,1,0,3927281.35,0
5263,8654100650,Aggarwal,634,Jaipur Gramin,Male,30,8,7580477.65,1,1,1,1115786.5,0
5264,8764052845,Gupta,851,Jaipur  Urban,Male,41,1,6775031.25,2,1,0,14082375.85,0
5265,8142979855,Meena,536,Jaipur City,Female,44,5,0,3,0,0,464020.95,1
5266,8309472314,Jain,552,Jaipur Gramin,Female,27,5,0,2,1,0,11213155.8,0
5267,8913903796,Jat,853,Jaipur Gramin,Male,31,7,10012938.8,1,1,1,15501649.75,0
5268,8988229650,Singh,581,Jaipur Gramin,Male,26,4,0,2,1,0,12546045.9,0
5269,8543982817,Agarwal,709,Jaipur Gramin,Male,28,1,0,2,0,0,7893559.85,0
5270,8732851294,Paliwal,696,Jaipur  Urban,Male,34,6,12445888.7,1,1,0,5707152.45,1
5271,8953383792,Aggarwal,586,Jaipur  Urban,Male,33,9,12765828.7,2,1,1,5576935.85,0
5272,8991886632,Jain,745,Jaipur  Urban,Male,40,6,8523449.8,1,1,0,11777980.8,1
5273,8806344272,Singh,900,Jaipur Gramin,Male,47,6,0,1,1,0,15928236.7,1
5274,8542505134,Saini,515,Jaipur Gramin,Male,32,9,12536980.65,1,1,0,2860789.75,0
5275,8391922909,Aggarwal,626,Jaipur Gramin,Male,43,8,0,2,1,0,8552544.45,0
5276,8486143590,Verma,700,Jaipur Gramin,Female,42,8,0,2,0,1,16841466.5,0
5277,8083763253,Meena,570,Jaipur Gramin,Male,29,4,10354989,2,1,1,4281353.95,0
5278,8224492214,Rathore,572,Jaipur City,Female,40,1,0,2,1,1,9246895,0
5279,8239250270,Rathore,492,Jaipur  Urban,Male,31,0,9663533.55,1,1,0,2813449.85,1
5280,8796882322,Choudhary,662,Jaipur City,Female,40,7,8540063.9,1,1,1,10586824.8,0
5281,8464583997,Choudhary,563,Jaipur  Urban,Female,28,3,8502764.2,1,1,0,438532.85,1
5282,8799784802,Verma,704,Jaipur City,Male,31,3,0,2,0,0,4099388.5,0
5283,8836633018,Agarwal,866,Jaipur Gramin,Male,32,8,9890430,1,1,0,9247860.6,0
5284,8512596800,Choudhary,667,Jaipur  Urban,Female,23,4,13901718.55,1,0,1,1792235.2,0
5285,8283611715,Gupta,774,Jaipur  Urban,Male,51,3,8430631.5,1,1,1,2458391.25,0
5286,8647966235,Jain,343,Jaipur City,Female,53,1,11216180.95,1,1,1,5313745.25,1
5287,8225746705,Meena,701,Jaipur City,Female,41,1,11405050.1,1,0,0,15088066.1,0
5288,8854233369,Khandelwal,642,Jaipur City,Female,38,1,0,2,1,0,7701429.25,0
5289,8208094006,Singh,578,Jaipur Gramin,Male,30,2,0,2,1,1,11222545.75,0
5290,8684404342,Khandelwal,616,Jaipur City,Male,19,5,0,1,1,1,15036784.75,0
5291,8593103739,Verma,834,Jaipur  Urban,Female,56,9,8019659.9,1,1,0,2485339.65,1
5292,8686021560,Sharma,671,Jaipur Gramin,Female,32,2,13224657.85,1,0,1,13061344.8,0
5293,8163862149,Singh,774,Jaipur Gramin,Female,28,6,0,2,1,0,13123080.3,0
5294,8998109824,Singh,605,Jaipur City,Female,41,10,0,2,1,1,14129073.15,0
5295,8850536416,Saini,491,Jaipur  Urban,Male,32,9,14506224.95,1,1,1,1839927,0
5296,8990052914,Verma,727,Jaipur  Urban,Female,29,6,15771270.6,1,1,0,14538198.55,0
5297,8576039402,Verma,623,Jaipur City,Female,44,6,4490646.05,1,1,1,9575183.7,1
5298,8173195604,Rathore,566,Jaipur  Urban,Male,51,8,8308755.95,3,1,1,16406212.1,1
5299,8242242007,Jat,714,Jaipur Gramin,Male,36,6,9690637.5,2,1,0,10040274.8,0
5300,8407027480,Khandelwal,532,Jaipur Gramin,Female,71,1,8866245.45,1,1,1,2180253.4,0
5301,8508081838,Agarwal,648,Jaipur Gramin,Female,33,6,7201126.05,2,1,1,9609147.15,0
5302,8029154998,Jat,686,Jaipur Gramin,Male,39,2,0,2,1,0,7426661.65,0
5303,8192048831,Paliwal,721,Jaipur Gramin,Male,39,9,11920143.3,1,0,1,12465419.15,0
5304,8656886008,Gupta,641,Jaipur City,Male,25,9,0,2,1,1,699372.35,0
5305,8007782634,Maheshwari,517,Jaipur City,Female,42,6,6400742.25,2,0,0,4847919.75,0
5306,8296309842,Paliwal,719,Jaipur Gramin,Male,27,1,0,2,1,0,7905272.85,0
5307,8961291356,Sharma,606,Jaipur Gramin,Female,51,9,8904669.7,1,1,1,14073835.9,1
5308,8388441481,Singh,521,Jaipur Gramin,Female,49,7,0,1,1,0,1153150.8,1
5309,8166687543,Rathore,419,Jaipur City,Female,31,1,9663905,1,0,0,7037684.65,0
5310,8641101216,Sharma,701,Jaipur City,Female,36,5,14805333.15,1,1,0,10185556.8,0
5311,8101110391,Singh,626,Jaipur  Urban,Male,42,9,9840132.1,1,0,0,6133247.25,1
5312,8879239696,Gupta,737,Jaipur Gramin,Female,40,0,0,2,1,0,5334780.2,0
5313,8799403260,Jat,734,Jaipur City,Female,48,8,0,2,1,0,15575003.05,0
5314,8364292028,Verma,820,Jaipur Gramin,Female,72,5,10303351.5,2,1,1,8942550.8,0
5315,8086587513,Choudhary,772,Jaipur  Urban,Male,45,10,12297561.15,3,1,0,1913557.4,1
5316,8344918907,Khandelwal,700,Jaipur Gramin,Male,36,5,9804803.55,1,1,1,10396002.35,0
5317,8493139977,Choudhary,665,Jaipur City,Male,40,5,8983108.55,1,1,0,14757452.65,0
5318,8084721438,Jain,720,Jaipur Gramin,Male,37,1,11490256.65,1,1,0,13656981.45,0
5319,8529962299,Aggarwal,773,Jaipur City,Male,31,0,9991854.55,1,1,0,13511506.5,0
5320,8580606789,Saini,654,Jaipur  Urban,Male,25,1,13379341.7,2,1,0,7911208.4,0
5321,8622728464,Agarwal,510,Jaipur City,Male,36,3,6622369.55,1,1,0,5715230.85,0
5322,8838362417,Gupta,758,Jaipur Gramin,Male,25,0,9430146.5,1,0,0,14669007.6,0
5323,8365109028,Saini,745,Jaipur Gramin,Female,40,7,0,2,1,1,10419340.8,0
5324,8516474065,Jain,626,Jaipur Gramin,Male,32,5,15240932.65,1,1,1,12668721.3,0
5325,8890271677,Jain,665,Jaipur  Urban,Male,31,5,12800455.15,2,1,1,8943568.25,0
5326,8990996185,Agarwal,515,Jaipur Gramin,Female,43,0,10524348.1,1,1,1,6669439.15,1
5327,8548883184,Maheshwari,744,Jaipur City,Female,59,6,0,2,1,1,13672201.55,1
5328,8432663413,Singh,900,Jaipur  Urban,Female,25,8,5897739.45,2,1,0,7465910.4,0
5329,8286407119,Saini,680,Jaipur  Urban,Male,27,2,11732732.75,1,1,0,14137005.35,0
5330,8033221319,Jat,624,Jaipur Gramin,Male,41,3,0,2,1,1,11671270.1,0
5331,8761514711,Agarwal,619,Jaipur Gramin,Male,29,9,0,1,1,1,14193677.4,0
5332,8353909452,Jain,644,Jaipur  Urban,Female,46,2,12197569.7,1,1,0,14194699.1,1
5333,8170006428,Jat,732,Jaipur City,Female,29,3,10171965.3,1,1,0,15981907.4,0
5334,8811748767,Verma,740,Jaipur City,Male,33,1,8424072.05,1,0,0,16529714.55,0
5335,8331570391,Rathore,823,Jaipur  Urban,Male,24,2,10211521.75,2,1,1,10663204.95,0
5336,8287815759,Jat,661,Jaipur Gramin,Female,39,8,0,1,1,0,11683468.45,0
5337,8283004682,Singh,516,Jaipur Gramin,Female,55,4,10276927.55,1,0,1,10495449.8,1
5338,8788523487,Choudhary,858,Jaipur City,Female,57,5,0,3,0,0,3310022.4,1
5339,8821580677,Saini,738,Jaipur  Urban,Female,34,9,8693589.2,1,0,0,15117468.45,1
5340,8012206970,Singh,475,Jaipur  Urban,Female,55,4,10649865.05,1,1,1,2680301.6,1
5341,8676050466,Aggarwal,696,Jaipur City,Male,42,0,0,1,1,0,11592062.85,0
5342,8776951584,Khandelwal,655,Jaipur Gramin,Female,51,4,8638490.5,1,0,0,11095993.5,0
5343,8802940945,Meena,848,Jaipur  Urban,Male,47,1,14614667.95,1,1,1,5579138.2,0
5344,8476398756,Jain,752,Jaipur Gramin,Male,47,7,0,2,1,0,16430954.75,0
5345,8546543116,Khandelwal,824,Jaipur Gramin,Male,25,5,0,2,1,0,4021171.5,0
5346,8671084745,Khandelwal,847,Jaipur Gramin,Male,34,6,0,2,0,0,8568849.15,0
5347,8704692964,Agarwal,604,Jaipur Gramin,Male,31,1,11028218.75,1,1,0,9277342,0
5348,8090359129,Gupta,659,Jaipur City,Male,32,1,0,1,0,1,7749211.15,1
5349,8021849453,Aggarwal,536,Jaipur  Urban,Male,41,3,12851261.35,1,1,0,14900150.65,1
5350,8795559888,Choudhary,701,Jaipur  Urban,Male,32,3,8723561.05,2,1,1,10831844.95,0
5351,8545605055,Jat,452,Jaipur Gramin,Female,57,9,9692009.4,2,1,1,6049209.45,1
5352,8845432320,Rathore,550,Jaipur  Urban,Male,41,2,10559306.9,1,1,1,9450696.95,0
5353,8251412798,Singh,714,Jaipur Gramin,Female,23,1,0,2,1,1,12049287.2,0
5354,8934537432,Verma,590,Jaipur City,Male,35,6,6824238.6,1,1,0,6177693.75,1
5355,8237999137,Meena,827,Jaipur Gramin,Male,31,4,14915557.75,1,1,1,14690796.5,0
5356,8536610662,Sharma,596,Jaipur Gramin,Female,29,1,11232269.75,1,1,0,13437338.05,0
5357,8677148937,Aggarwal,887,Jaipur  Urban,Male,47,2,11637440.95,1,1,1,14295692.7,1
5358,8261254783,Khandelwal,366,Jaipur  Urban,Male,31,5,11330471.95,2,1,1,6200761.9,0
5359,8747369171,Rathore,670,Jaipur Gramin,Male,39,7,0,2,1,0,4112164,0
5360,8992078598,Sharma,701,Jaipur  Urban,Male,42,1,10003735,1,1,1,1966530.25,1
5361,8046210871,Meena,640,Jaipur Gramin,Male,35,10,0,2,1,0,5582414.95,0
5362,8758266959,Gupta,587,Jaipur Gramin,Male,46,9,0,2,1,0,14507516.95,0
5363,8068023972,Gupta,780,Jaipur  Urban,Female,37,1,11321975.35,2,1,1,2326175.45,0
5364,8636187036,Saini,805,Jaipur City,Male,51,5,11518059.3,3,1,1,12960769.4,1
5365,8248292603,Paliwal,854,Jaipur  Urban,Male,33,2,10808101.9,2,0,1,8957596.65,0
5366,8994733067,Meena,527,Jaipur City,Male,39,2,0,2,1,1,4096144.9,0
5367,8556032400,Meena,684,Jaipur  Urban,Female,42,5,4208247.15,3,1,1,8527540.85,0
5368,8502503215,Sharma,688,Jaipur Gramin,Male,41,5,0,1,1,1,5580869.65,0
5369,8028132051,Rathore,526,Jaipur Gramin,Female,62,3,6379376.65,1,0,0,1502971.7,1
5370,8455805209,Singh,570,Jaipur City,Male,52,8,10533644.55,1,0,0,9464126.1,1
5371,8269853807,Agarwal,698,Jaipur Gramin,Male,41,6,0,2,0,1,11403437.65,1
5372,8810224338,Paliwal,734,Jaipur Gramin,Male,33,3,13074664.3,1,1,0,6729967.65,1
5373,8272162169,Sharma,598,Jaipur City,Female,39,5,0,2,1,1,7063794.1,0
5374,8982061806,Verma,811,Jaipur City,Male,30,6,0,2,0,1,5432253.1,0
5375,8193741067,Khandelwal,607,Jaipur City,Female,23,10,5985512.15,1,0,1,7726163.4,0
5376,8973258644,Gupta,703,Jaipur City,Male,38,7,9476214.8,1,1,1,6466477,0
5377,8767636796,Khandelwal,900,Jaipur City,Male,38,1,12439238.3,1,0,1,8831679.35,0
5378,8520880697,Gupta,650,Jaipur Gramin,Male,72,1,13645985,2,1,1,12089034.9,0
5379,8233236988,Saini,607,Jaipur  Urban,Male,27,2,11073312.1,2,1,0,12540312.65,0
5380,8827131829,Singh,632,Jaipur Gramin,Female,21,7,8414406.7,1,1,1,14378314.4,0
5381,8700572193,Verma,900,Jaipur City,Male,36,0,0,2,1,0,12005618.45,0
5382,8419269382,Gupta,900,Jaipur  Urban,Male,32,9,12055323.05,2,1,1,12703992.05,0
5383,8634778146,Sharma,749,Jaipur Gramin,Female,40,6,9354628.25,1,1,1,7390811.2,0
5384,8394559758,Verma,575,Jaipur Gramin,Male,28,4,0,2,1,1,15038683.65,0
5385,8429047744,Sharma,752,Jaipur City,Male,28,1,0,1,1,0,3430378.15,0
5386,8722673113,Agarwal,856,Jaipur  Urban,Female,36,6,8337487.65,1,0,1,2268413.7,1
5387,8220406498,Agarwal,650,Jaipur Gramin,Male,48,9,10056967.95,4,0,0,6689753.3,1
5388,8350689816,Khandelwal,683,Jaipur City,Male,22,10,0,2,1,0,14973917.9,0
5389,8470484201,Gupta,569,Jaipur  Urban,Male,54,1,8480832.5,1,0,0,416169.35,1
5390,8968302650,Gupta,809,Jaipur Gramin,Female,32,4,0,2,0,0,9766426.05,0
5391,8540316922,Rathore,762,Jaipur Gramin,Female,38,1,0,3,0,0,7838710.2,1
5392,8049215310,Agarwal,647,Jaipur City,Female,27,8,11373555.9,2,1,0,531360.5,0
5393,8383676501,Singh,766,Jaipur City,Male,44,2,0,2,1,0,3656599.7,1
5394,8744690426,Singh,882,Jaipur Gramin,Male,32,8,10624429.65,2,1,1,2341585.1,0
5395,8107979141,Aggarwal,644,Jaipur City,Female,44,0,13397919.3,1,1,1,10238607,0
5396,8019346611,Aggarwal,587,Jaipur  Urban,Male,48,5,10719486.85,1,0,1,11386701.15,0
5397,8871850702,Saini,589,Jaipur Gramin,Male,42,9,13740366.45,2,1,1,11199087.45,0
5398,8271768407,Agarwal,748,Jaipur Gramin,Female,40,7,12142840.75,2,0,0,3231677.9,0
5399,8867020948,Sharma,877,Jaipur  Urban,Male,44,3,9443583.3,1,1,1,2392245.95,1
5400,8114930246,Sharma,760,Jaipur City,Male,35,8,8748062.3,1,1,1,3906588.1,0
5401,8201638008,Choudhary,757,Jaipur Gramin,Female,30,5,0,2,1,0,16109941.2,0
5402,8318905084,Verma,665,Jaipur Gramin,Male,47,10,0,2,1,0,14490968.3,0
5403,8388377180,Jat,874,Jaipur Gramin,Male,37,4,0,2,1,0,8061863.25,0
5404,8476891391,Khandelwal,588,Jaipur City,Male,22,7,10647576.85,1,1,1,13706511.8,0
5405,8416256765,Aggarwal,668,Jaipur Gramin,Male,37,4,7012523.8,1,1,1,9797161.2,0
5406,8827919199,Khandelwal,517,Jaipur  Urban,Female,64,2,14939163.95,2,1,1,5161319,0
5407,8206250783,Gupta,499,Jaipur Gramin,Female,47,6,9297923.05,1,0,0,10316063.25,0
5408,8013970740,Saini,553,Jaipur Gramin,Male,37,1,8537685.6,2,0,1,8643967.05,0
5409,8870754362,Singh,698,Jaipur City,Female,54,0,7063731.2,2,1,1,4601299.05,0
5410,8683897853,Jat,570,Jaipur City,Male,28,7,0,1,1,1,906614.25,0
5411,8183409732,Meena,628,Jaipur Gramin,Female,28,4,0,2,1,0,3504351.95,0
5412,8437032381,Saini,650,Jaipur Gramin,Female,40,7,0,2,1,0,910589.7,0
5413,8554555779,Meena,815,Jaipur Gramin,Female,48,2,9799672.95,1,0,0,8407578.65,1
5414,8211108949,Jain,685,Jaipur Gramin,Female,42,6,0,2,1,0,16762210.8,0
5415,8655661841,Agarwal,474,Jaipur Gramin,Female,40,1,11916805.35,2,1,0,12811233.15,0
5416,8022824162,Meena,900,Jaipur Gramin,Female,28,1,8945853.9,1,0,1,6356311.05,0
5417,8902687312,Meena,636,Jaipur Gramin,Male,50,8,0,2,0,1,6747083.25,0
5418,8335306737,Khandelwal,586,Jaipur Gramin,Male,32,1,0,2,1,1,744928.95,0
5419,8761677425,Jain,554,Jaipur  Urban,Male,35,3,12095171.05,1,0,1,15054579.5,0
5420,8688856247,Rathore,768,Jaipur City,Female,56,4,8423273.05,1,1,1,7226414.4,1
5421,8104912663,Maheshwari,714,Jaipur Gramin,Male,28,5,14540898.15,2,1,1,7538599,0
5422,8989619521,Rathore,587,Jaipur Gramin,Female,39,7,0,2,0,0,8158779.4,0
5423,8694700940,Rathore,608,Jaipur Gramin,Female,31,1,8714529.8,1,1,1,14177380.35,0
5424,8873002301,Agarwal,833,Jaipur Gramin,Male,35,6,0,2,1,1,5842127.35,0
5425,8356268597,Jat,576,Jaipur  Urban,Male,44,9,12188240.95,1,0,0,12485740.95,1
5426,8791685518,Saini,653,Jaipur  Urban,Female,44,8,9011932.05,2,0,0,12641830.7,0
5427,8727619268,Saini,643,Jaipur City,Female,36,1,0,1,1,0,3666439.3,0
5428,8472077186,Paliwal,599,Jaipur  Urban,Male,36,3,10961617.85,2,1,1,3427058.05,0
5429,8928296228,Gupta,488,Jaipur Gramin,Female,35,2,0,2,1,0,8298884.05,0
5430,8720722212,Rathore,698,Jaipur Gramin,Female,48,7,0,2,1,0,5530867.55,0
5431,8390291940,Agarwal,737,Jaipur Gramin,Female,24,7,0,2,1,0,14138475,0
5432,8174358402,Gupta,715,Jaipur Gramin,Female,25,8,10747620.15,1,1,0,10361877.4,0
5433,8700964286,Maheshwari,599,Jaipur City,Male,51,0,0,1,1,1,14895059.15,0
5434,8604529442,Verma,572,Jaipur Gramin,Male,37,2,10817214.75,1,1,0,4775729.25,0
5435,8205309619,Gupta,760,Jaipur City,Female,32,5,0,2,1,0,11188136.9,0
5436,8175448022,Khandelwal,656,Jaipur Gramin,Female,33,4,0,1,1,0,12947458.4,0
5437,8736405371,Khandelwal,877,Jaipur Gramin,Female,34,2,0,2,0,0,14096479.9,0
5438,8227659163,Jat,532,Jaipur  Urban,Male,30,6,6245889.25,1,1,1,15018875.25,0
5439,8981425659,Aggarwal,695,Jaipur Gramin,Male,34,7,13643806.45,1,1,0,10361851.9,0
5440,8928351965,Meena,736,Jaipur  Urban,Female,61,4,12709653.9,2,1,0,10511408.55,0
5441,8045827857,Rathore,708,Jaipur  Urban,Male,43,2,14154436.3,1,0,0,10169790.15,1
5442,8877198201,Paliwal,781,Jaipur Gramin,Male,29,1,11520602.5,1,1,0,5680153.05,0
5443,8527169779,Jain,616,Jaipur  Urban,Female,43,10,10240943.65,1,0,0,8064377.55,1
5444,8699389856,Paliwal,721,Jaipur City,Male,28,1,8790812.2,1,0,1,6485902.05,0
5445,8471821465,Aggarwal,718,Jaipur Gramin,Male,33,5,11530992.05,2,0,1,3379175,0
5446,8444005167,Singh,421,Jaipur Gramin,Female,36,2,0,2,1,1,15312105.7,0
5447,8007794087,Gupta,678,Jaipur Gramin,Male,28,8,16269239.7,2,1,0,7075264,0
5448,8775940368,Agarwal,751,Jaipur  Urban,Male,50,9,8032869.75,1,0,1,431706.5,0
5449,8992264103,Maheshwari,610,Jaipur  Urban,Female,44,5,10722566.4,1,0,1,11256098.65,1
5450,8558458502,Meena,539,Jaipur Gramin,Female,46,7,0,1,1,1,9269892.6,0
5451,8488372024,Saini,844,Jaipur Gramin,Male,33,6,0,2,1,0,9832511.85,0
5452,8333525511,Sharma,676,Jaipur Gramin,Male,43,4,7448042.55,2,1,0,12699113.05,0
5453,8186991743,Meena,550,Jaipur Gramin,Female,45,1,13064290.05,2,0,0,7640769,1
5454,8902698356,Maheshwari,737,Jaipur Gramin,Female,25,4,0,2,0,0,7012571.4,0
5455,8367647287,Jat,725,Jaipur Gramin,Male,39,5,0,1,1,0,545438.2,0
5456,8787945630,Singh,846,Jaipur  Urban,Female,45,9,9909807.45,1,1,0,16101443.75,1
5457,8970751546,Jat,671,Jaipur  Urban,Male,34,9,11429489.3,2,1,0,15200833.9,0
5458,8036093497,Maheshwari,766,Jaipur  Urban,Male,62,10,7055706.35,1,1,1,3635112.55,0
5459,8650711691,Khandelwal,642,Jaipur City,Male,35,2,9658988.6,1,1,0,7725065.2,0
5460,8094431407,Gupta,516,Jaipur City,Female,36,7,0,2,1,0,6852622.65,0
5461,8149206942,Verma,673,Jaipur  Urban,Male,41,5,10416960.8,2,0,1,10254944,0
5462,8287238763,Khandelwal,517,Jaipur City,Male,31,2,10106453.25,2,0,0,3519795.6,0
5463,8300130514,Jat,713,Jaipur Gramin,Female,29,5,8475678.95,1,0,0,9547020.65,0
5464,8059910590,Jat,757,Jaipur Gramin,Female,36,6,0,1,0,0,12930910.6,0
5465,8415142473,Agarwal,547,Jaipur Gramin,Female,36,2,11407698.7,1,0,1,15101998.45,0
5466,8674820262,Gupta,656,Jaipur  Urban,Female,41,1,7302065.25,3,1,0,16078597.45,0
5467,8450120139,Meena,900,Jaipur  Urban,Male,32,3,11705711.25,1,0,1,13549312.8,0
5468,8494324627,Verma,568,Jaipur City,Male,33,1,13666121.5,1,1,1,12710572.75,0
5469,8988384612,Aggarwal,589,Jaipur Gramin,Male,45,5,0,2,1,1,13216893.95,0
5470,8478866735,Sharma,748,Jaipur Gramin,Male,21,4,0,2,0,0,2111996.7,0
5471,8282031336,Rathore,620,Jaipur Gramin,Male,25,1,8719799.8,2,1,1,9807929,0
5472,8841948486,Saini,725,Jaipur  Urban,Female,39,10,8717275.3,2,1,0,14617556.25,1
5473,8269389683,Jat,428,Jaipur  Urban,Male,42,4,10775668.45,1,0,1,10719044,0
5474,8397178037,Gupta,824,Jaipur  Urban,Female,38,3,13461724.55,1,1,1,2399409.75,0
5475,8281267833,Rathore,661,Jaipur Gramin,Female,34,9,0,2,1,0,11739665.35,0
5476,8463695181,Khandelwal,614,Jaipur  Urban,Male,42,5,12063803.5,1,1,1,3656613.3,0
5477,8299126726,Saini,874,Jaipur City,Male,47,1,9339529.7,2,1,0,7106973.25,1
5478,8574497820,Maheshwari,749,Jaipur Gramin,Female,34,2,0,2,1,1,10103387.3,0
5479,8381977289,Paliwal,658,Jaipur  Urban,Male,44,9,9466432.15,2,1,1,7815557.9,0
5480,8582835292,Saini,563,Jaipur City,Male,35,3,9942394.75,1,0,0,8031549.7,0
5481,8088714056,Paliwal,798,Jaipur  Urban,Female,34,8,11622008.35,2,0,0,3999947.85,0
5482,8640932707,Aggarwal,572,Jaipur  Urban,Female,44,1,12927322.75,1,0,1,3801157.5,1
5483,8702423369,Aggarwal,604,Jaipur City,Male,46,2,0,2,1,0,14830675.9,0
5484,8041813714,Khandelwal,562,Jaipur City,Male,28,1,10819588.8,1,0,0,3876978.35,0
5485,8144524471,Aggarwal,778,Jaipur  Urban,Male,45,2,10187420.85,1,0,0,6277584.9,1
5486,8740649054,Jain,568,Jaipur City,Male,38,4,0,2,1,1,16703981.55,0
5487,8606061328,Choudhary,805,Jaipur City,Female,41,5,0,2,0,1,7897746.95,0
5488,8636029576,Choudhary,796,Jaipur Gramin,Male,35,9,0,1,1,1,2666697.35,0
5489,8467283692,Saini,372,Jaipur Gramin,Female,35,7,9960617.9,1,1,1,9327367.05,0
5490,8113588576,Aggarwal,754,Jaipur Gramin,Male,33,8,11042148.55,1,0,1,3067136.6,0
5491,8770071457,Agarwal,666,Jaipur City,Female,78,2,0,2,0,1,16017007.3,0
5492,8367465388,Jat,576,Jaipur  Urban,Female,36,6,12357922.2,2,1,1,14446872,1
5493,8969645015,Rathore,734,Jaipur Gramin,Male,35,7,10592379.55,1,1,1,5892282.45,0
5494,8970749192,Rathore,696,Jaipur Gramin,Male,31,9,0,2,1,0,3072370.05,0
5495,8107974278,Choudhary,340,Jaipur City,Female,48,8,8143696.15,1,0,0,11704670.85,1
5496,8530667151,Saini,745,Jaipur Gramin,Male,35,10,0,2,1,0,6085512.1,0
5497,8957479954,Khandelwal,624,Jaipur Gramin,Female,42,1,0,2,0,1,5573103.2,0
5498,8340926182,Gupta,809,Jaipur City,Female,36,8,9957945.5,1,0,0,8655413.15,0
5499,8259263109,Meena,556,Jaipur Gramin,Male,35,3,9031311.2,1,0,0,3361437.2,0
5500,8377078385,Meena,900,Jaipur  Urban,Female,27,8,9506211.3,2,1,1,9418492.15,0
5501,8201211378,Choudhary,697,Jaipur Gramin,Male,47,9,8246972.85,1,1,1,184291.05,0
5502,8417886346,Maheshwari,637,Jaipur Gramin,Female,31,8,11703456.2,1,1,0,16155705.2,0
5503,8547901052,Gupta,617,Jaipur City,Female,40,3,9634622.5,1,1,1,6612065.85,0
5504,8821517003,Jain,725,Jaipur City,Male,24,10,10379331.3,1,1,1,10850621.45,0
5505,8658423356,Jain,823,Jaipur Gramin,Male,32,2,10238454,2,0,0,6766243.1,0
5506,8077128441,Choudhary,521,Jaipur Gramin,Female,53,7,0,2,1,1,6852629.45,0
5507,8739931945,Meena,588,Jaipur City,Male,34,0,5594049.75,2,0,1,13629435.5,0
5508,8320019980,Maheshwari,580,Jaipur City,Female,40,3,4626411.45,1,1,0,9319296.3,1
5509,8633630603,Gupta,667,Jaipur Gramin,Female,75,3,0,2,1,1,108533.95,0
5510,8044636414,Maheshwari,596,Jaipur Gramin,Male,33,9,0,2,1,0,4196859.7,0
5511,8846797908,Aggarwal,586,Jaipur  Urban,Female,48,1,12178764.3,2,1,0,2684368,1
5512,8942484937,Saini,680,Jaipur  Urban,Male,32,0,8826965.25,1,1,0,1747658.65,0
5513,8802965011,Khandelwal,632,Jaipur Gramin,Male,37,2,10641223.1,1,0,1,7189698.65,0
5514,8829828657,Rathore,730,Jaipur Gramin,Female,33,8,0,2,0,1,1295980.55,0
5515,8148333219,Agarwal,649,Jaipur Gramin,Male,65,6,3258901.7,1,1,0,2771660.45,1
5516,8304582747,Verma,512,Jaipur  Urban,Female,28,2,10523253.3,2,1,1,13246968.65,0
5517,8400711255,Paliwal,590,Jaipur Gramin,Male,37,3,8215337.55,1,1,1,274789.7,0
5518,8813298756,Paliwal,438,Jaipur Gramin,Male,33,8,0,2,1,0,15101826.75,0
5519,8089653284,Saini,634,Jaipur Gramin,Male,39,6,0,2,0,0,11427536,0
5520,8091582204,Aggarwal,694,Jaipur Gramin,Male,43,1,11325162.85,1,1,0,9437787.15,1
5521,8371017467,Singh,564,Jaipur Gramin,Female,61,6,12078954.75,1,1,1,3843193.4,0
5522,8392730763,Meena,858,Jaipur Gramin,Male,37,1,14119810.7,1,1,0,5712705.5,0
5523,8344424441,Paliwal,860,Jaipur Gramin,Female,37,6,6890978.9,2,1,0,6883799.8,0
5524,8505494370,Aggarwal,740,Jaipur Gramin,Male,35,4,0,1,1,1,14243710.1,0
5525,8885333884,Paliwal,649,Jaipur Gramin,Female,53,0,10526019.2,2,0,1,13609405.25,0
5526,8620292775,Singh,629,Jaipur Gramin,Male,51,10,10489121.55,2,1,1,10865146.25,0
5527,8851574325,Maheshwari,575,Jaipur  Urban,Male,49,4,14397071.35,1,1,1,10500479.25,0
5528,8121708417,Choudhary,718,Jaipur Gramin,Male,38,2,11051295.4,1,1,1,3535600.5,0
5529,8892368049,Gupta,654,Jaipur Gramin,Male,32,4,0,2,0,1,8298386.8,0
5530,8337284904,Rathore,709,Jaipur Gramin,Male,34,8,11384563.4,2,1,0,7765582.15,0
5531,8087103276,Jat,646,Jaipur Gramin,Male,34,6,9736177.95,1,1,1,8309199.65,0
5532,8164390758,Choudhary,726,Jaipur Gramin,Female,31,3,10182546.95,1,0,0,15514917.4,0
5533,8985333353,Saini,744,Jaipur Gramin,Male,33,9,0,2,1,1,12151300.8,0
5534,8038805640,Choudhary,544,Jaipur City,Male,44,4,0,1,1,0,917090.5,0
5535,8058857661,Saini,670,Jaipur Gramin,Female,29,8,0,2,0,1,11089192.65,0
5536,8896259711,Jat,658,Jaipur  Urban,Female,32,8,13356814.15,3,1,0,16234530.8,1
5537,8922793518,Sharma,643,Jaipur City,Male,45,3,0,2,1,1,13554423,0
5538,8535571460,Singh,512,Jaipur  Urban,Female,41,10,11622325.4,1,1,1,4895089.65,0
5539,8173216715,Rathore,740,Jaipur  Urban,Female,28,9,7012341.9,2,0,0,3437201.95,0
5540,8370261248,Maheshwari,617,Jaipur City,Male,39,3,12912769.05,1,0,0,4799053.25,0
5541,8863874859,Agarwal,764,Jaipur Gramin,Male,43,0,6807729.05,1,1,0,3393200,1
5542,8061227669,Agarwal,584,Jaipur City,Male,51,3,7117842.2,1,0,1,12647868.25,0
5543,8767205157,Singh,698,Jaipur Gramin,Female,35,2,15399147.4,1,1,1,5417661.15,1
5544,8376874770,Verma,732,Jaipur Gramin,Male,38,3,11100049.7,1,1,1,13174799.4,0
5545,8035659471,Maheshwari,488,Jaipur Gramin,Male,42,6,0,2,1,0,2956064.55,0
5546,8723485086,Paliwal,611,Jaipur  Urban,Male,33,6,8000766.95,1,0,0,7966043.6,0
5547,8187399794,Aggarwal,823,Jaipur Gramin,Male,32,9,0,2,1,0,11314554.85,0
5548,8036674242,Sharma,706,Jaipur Gramin,Male,38,7,12583882.8,1,1,0,14915793.2,1
5549,8500195670,Singh,732,Jaipur Gramin,Male,38,2,0,2,1,0,8182.95,0
5550,8973900457,Agarwal,815,Jaipur City,Male,33,3,0,2,1,0,2618397.8,0
5551,8088796753,Choudhary,760,Jaipur Gramin,Female,44,6,14294096.4,1,0,1,16761446.65,0
5552,8601108121,Aggarwal,580,Jaipur  Urban,Female,26,10,6191022.6,2,1,0,8227332.75,0
5553,8125287052,Sharma,632,Jaipur Gramin,Male,41,3,0,2,1,0,11281183,0
5554,8473534265,Gupta,679,Jaipur  Urban,Male,31,3,10473026.8,2,1,1,9533371.35,0
5555,8451408017,Gupta,624,Jaipur City,Male,38,0,0,2,1,1,3231303.9,0
5556,8840888642,Maheshwari,617,Jaipur City,Female,39,6,0,2,1,1,13941613.3,0
5557,8625969273,Aggarwal,607,Jaipur Gramin,Male,40,6,10157659.8,2,1,0,3975869.9,0
5558,8772486395,Singh,720,Jaipur  Urban,Female,39,5,12286820.55,2,1,1,16121476.55,0
5559,8209045334,Saini,692,Jaipur  Urban,Male,34,3,10771999.85,1,1,1,2219043.15,1
5560,8564424578,Saini,900,Jaipur  Urban,Male,36,5,10198645.95,1,1,0,16280484.35,1
5561,8502257974,Choudhary,557,Jaipur Gramin,Male,35,4,0,1,1,0,13509691.75,0
5562,8337850968,Sharma,805,Jaipur City,Female,56,2,0,1,1,1,2143921,1
5563,8738191929,Sharma,624,Jaipur City,Male,42,9,10326654.25,1,1,1,2490222.9,0
5564,8462849515,Maheshwari,612,Jaipur City,Male,46,5,7811313,1,1,0,4623513.8,0
5565,8254362174,Aggarwal,611,Jaipur City,Male,39,2,11852718.75,2,1,0,784895.1,0
5566,8452676403,Meena,700,Jaipur  Urban,Male,35,5,12321767.45,1,0,1,2277722.05,0
5567,8562345446,Gupta,640,Jaipur  Urban,Male,42,3,10713486.7,1,0,1,1002735.65,0
5568,8793071064,Sharma,691,Jaipur  Urban,Male,28,1,5904019.25,2,1,1,10919209.65,0
5569,8842764669,Aggarwal,712,Jaipur Gramin,Male,38,7,16858795.45,2,1,1,1213645.3,0
5570,8391247127,Maheshwari,731,Jaipur Gramin,Male,36,0,0,2,1,0,3979000.45,0
5571,8885080135,Jat,563,Jaipur  Urban,Male,35,2,9281716.1,3,1,0,9298421.15,1
5572,8187001352,Verma,701,Jaipur City,Female,38,3,11404322.5,3,1,0,337152.5,1
5573,8821325165,Jat,558,Jaipur Gramin,Male,34,6,0,1,1,1,5369759.4,0
5574,8909167524,Maheshwari,697,Jaipur Gramin,Male,29,8,0,1,1,0,5641223.05,0
5575,8279176285,Rathore,484,Jaipur City,Female,36,9,0,2,1,1,1383346.95,0
5576,8905926004,Singh,667,Jaipur Gramin,Male,40,2,0,2,1,1,15347045.8,0
5577,8323447122,Choudhary,559,Jaipur  Urban,Male,65,4,10208534.85,1,1,0,9142868.6,1
5578,8740978100,Sharma,590,Jaipur Gramin,Female,62,5,0,1,1,1,8580033.45,0
5579,8540910927,Maheshwari,704,Jaipur City,Female,50,5,0,2,1,0,9369584,0
5580,8877286039,Rathore,703,Jaipur City,Male,22,8,0,2,0,0,12098207.25,0
5581,8657548779,Agarwal,619,Jaipur City,Male,30,2,0,2,1,0,16923458.35,0
5582,8251781012,Rathore,473,Jaipur City,Male,67,5,0,2,1,1,7300663.6,0
5583,8490616675,Khandelwal,521,Jaipur Gramin,Male,38,3,0,1,0,0,12234752.95,0
5584,8659783719,Paliwal,714,Jaipur City,Female,31,8,0,2,0,1,11189774.85,0
5585,8921625958,Aggarwal,575,Jaipur City,Female,31,9,0,2,1,0,9553658.3,0
5586,8476719086,Sharma,398,Jaipur  Urban,Male,38,2,11522583,2,1,1,6107785.5,0
5587,8760730877,Verma,859,Jaipur  Urban,Female,25,2,12780204.75,2,1,1,3040521.4,0
5588,8513012677,Singh,756,Jaipur Gramin,Female,37,1,0,2,1,1,10570993.55,0
5589,8767359556,Aggarwal,592,Jaipur Gramin,Female,35,6,11346575.2,2,1,1,6638609.65,0
5590,8227958157,Khandelwal,738,Jaipur  Urban,Female,37,9,8966591.35,1,0,0,12163201.65,1
5591,8544227060,Aggarwal,810,Jaipur  Urban,Male,25,10,5117442,2,1,0,1196214.35,0
5592,8780846956,Khandelwal,527,Jaipur Gramin,Male,38,5,0,2,1,0,4028014.85,0
5593,8284739753,Choudhary,571,Jaipur City,Male,19,6,0,2,0,0,6146015.95,0
5594,8153796273,Choudhary,620,Jaipur City,Male,50,7,0,1,1,0,15711374.5,1
5595,8637375164,Gupta,706,Jaipur Gramin,Male,40,6,0,1,1,1,4070347.4,0
5596,8912495102,Gupta,610,Jaipur Gramin,Male,33,4,0,1,0,1,11090292.55,0
5597,8148587779,Saini,596,Jaipur City,Male,35,9,0,3,0,1,6220418.15,1
5598,8820191815,Meena,684,Jaipur Gramin,Female,42,6,9548358.55,1,1,1,5585083.1,0
5599,8730100695,Sharma,619,Jaipur  Urban,Female,57,7,9939628.85,1,1,1,8872245.6,0
5600,8366524944,Maheshwari,575,Jaipur  Urban,Female,50,5,10006286.7,1,0,1,16332463.55,1
5601,8913192817,Sharma,823,Jaipur Gramin,Male,37,7,14101178.7,2,1,1,5693102.8,0
5602,8463681876,Jain,725,Jaipur City,Female,44,9,13060832.25,1,1,0,13493138.85,0
5603,8150632504,Maheshwari,835,Jaipur Gramin,Female,50,1,8003940,1,1,1,16100252.9,0
5604,8325495001,Khandelwal,598,Jaipur City,Male,39,1,0,2,1,0,13526077.2,0
5605,8307423850,Rathore,602,Jaipur Gramin,Male,49,0,16303742.05,1,0,0,8299417,0
5606,8702759727,Sharma,623,Jaipur Gramin,Male,58,5,12936943.05,1,1,1,7311877.65,0
5607,8234028971,Sharma,470,Jaipur  Urban,Female,52,8,10658680.4,1,1,0,851251.2,1
5608,8536526508,Meena,649,Jaipur  Urban,Male,41,7,8874470.9,3,1,0,1477657.85,0
5609,8772225754,Agarwal,502,Jaipur Gramin,Female,27,1,11373126.65,1,1,1,12181823.45,0
5610,8114575823,Maheshwari,628,Jaipur City,Female,40,4,0,3,1,0,2691880.3,0
5611,8935264502,Gupta,760,Jaipur Gramin,Female,28,5,0,2,0,0,1084698.6,0
5612,8053367513,Gupta,630,Jaipur  Urban,Male,42,6,8504023.05,1,1,0,7941545.75,0
5613,8936614260,Verma,791,Jaipur Gramin,Female,31,1,9337131,1,1,1,3571066.75,0
5614,8557531552,Sharma,605,Jaipur Gramin,Female,32,7,10867197.3,1,1,0,1342889.5,0
5615,8012825630,Meena,494,Jaipur City,Female,46,3,0,2,1,1,4794691.9,0
5616,8193655151,Singh,504,Jaipur Gramin,Female,29,8,8155559.6,1,1,0,399197.4,0
5617,8262691374,Gupta,846,Jaipur City,Male,26,2,0,2,1,1,2128578.5,0
5618,8993087109,Meena,631,Jaipur Gramin,Male,43,4,11699288.65,1,1,0,11087576.8,1
5619,8140984427,Jat,667,Jaipur Gramin,Male,38,10,0,1,1,1,11604354.7,0
5620,8523921991,Paliwal,822,Jaipur City,Male,41,7,0,2,1,1,16924254.8,0
5621,8935699270,Agarwal,544,Jaipur Gramin,Male,31,6,0,2,0,0,10590713.55,0
5622,8421155233,Sharma,563,Jaipur Gramin,Female,44,4,0,2,0,0,11423556.3,0
5623,8629732971,Paliwal,684,Jaipur Gramin,Male,38,10,7600444.15,1,0,0,12263408.15,0
5624,8800158516,Verma,583,Jaipur City,Male,42,6,0,2,1,1,10489869.55,0
5625,8343737741,Khandelwal,620,Jaipur City,Female,45,1,0,1,1,0,12180335.1,0
5626,8911834383,Rathore,490,Jaipur Gramin,Female,60,7,12177273.4,1,1,1,11012832.9,0
5627,8211628714,Gupta,629,Jaipur City,Female,35,7,10170798.25,2,1,1,390579.25,0
5628,8361372787,Jat,665,Jaipur Gramin,Male,29,4,11301144.4,1,1,1,12470780.95,0
5629,8439971656,Singh,697,Jaipur  Urban,Female,44,3,8942569.5,2,1,1,13902460.6,0
5630,8207880447,Khandelwal,574,Jaipur City,Male,28,4,0,2,0,0,590502.65,0
5631,8053992528,Meena,625,Jaipur City,Female,37,9,7060207.1,2,1,0,779495.9,0
5632,8847457035,Choudhary,638,Jaipur Gramin,Male,40,5,12550307.8,1,1,1,16972360.55,0
5633,8358104191,Aggarwal,653,Jaipur Gramin,Male,44,5,6234627.6,1,1,0,13359177.15,1
5634,8288858949,Sharma,865,Jaipur Gramin,Male,28,2,0,2,1,0,3916164.2,0
5635,8421022610,Sharma,785,Jaipur Gramin,Female,38,2,0,2,0,0,299598.65,0
5636,8137136362,Jat,562,Jaipur City,Female,27,1,9887257.8,1,0,1,3872934.9,0
5637,8610542120,Meena,581,Jaipur Gramin,Male,33,3,0,2,0,1,5023766.05,0
5638,8132538548,Saini,539,Jaipur Gramin,Female,29,8,0,2,1,1,16112467.4,0
5639,8946925724,Sharma,755,Jaipur Gramin,Female,38,7,0,2,0,0,3891291.5,0
5640,8221988293,Saini,508,Jaipur Gramin,Male,61,8,5631310.35,1,1,1,1858020.1,0
5641,8119431738,Singh,452,Jaipur  Urban,Female,24,2,8132427.7,2,0,0,13829474.5,1
5642,8680907608,Choudhary,690,Jaipur  Urban,Male,42,2,7872414.4,2,1,0,728210.3,0
5643,8269264575,Jat,818,Jaipur City,Female,41,4,0,1,1,0,11300229.8,0
5644,8400733207,Khandelwal,619,Jaipur City,Female,36,6,0,1,1,1,1097887.2,1
5645,8569529816,Paliwal,766,Jaipur City,Female,37,8,8548104.9,1,1,1,10947988.1,0
5646,8480048527,Meena,740,Jaipur City,Female,42,5,16175991.3,1,1,0,8444563,1
5647,8044433999,Meena,511,Jaipur  Urban,Female,35,9,10075594,1,1,0,3483373.95,1
5648,8873470085,Jain,672,Jaipur Gramin,Male,19,5,10850219.4,1,1,1,3431335.25,0
5649,8541913508,Singh,510,Jaipur Gramin,Male,35,7,14055495.45,1,0,1,8052775.9,0
5650,8073533652,Singh,635,Jaipur City,Male,29,6,0,2,1,1,7551638,0
5651,8875801475,Agarwal,619,Jaipur  Urban,Female,36,10,6651210.05,1,1,0,11639467.35,0
5652,8058456545,Aggarwal,505,Jaipur  Urban,Female,61,0,10641486.6,1,1,1,9295305.05,0
5653,8647692635,Gupta,709,Jaipur Gramin,Female,29,9,0,2,0,0,16969054.05,0
5654,8847536293,Maheshwari,704,Jaipur  Urban,Female,41,2,13090612.85,1,1,0,13464699.55,0
5655,8935711656,Gupta,692,Jaipur City,Female,43,3,11323264.8,2,1,1,8154631.4,0
5656,8171217243,Jain,714,Jaipur City,Male,63,1,12427249.05,1,1,1,10768550.55,1
5657,8485206864,Rathore,676,Jaipur Gramin,Female,27,9,0,2,1,0,12822274.65,0
5658,8508293517,Verma,475,Jaipur Gramin,Male,30,0,7731896.65,1,0,1,2363170,0
5659,8853975622,Jat,776,Jaipur City,Male,41,9,0,1,1,0,2756629.9,1
5660,8485759701,Choudhary,535,Jaipur Gramin,Female,52,2,0,1,1,0,11673251.45,1
5661,8269970866,Meena,727,Jaipur City,Male,68,4,9722882.25,1,1,1,2431142.8,0
5662,8671438400,Aggarwal,446,Jaipur Gramin,Female,26,5,0,2,1,0,9214991.1,0
5663,8970915036,Saini,724,Jaipur Gramin,Female,40,7,0,2,0,1,10414072.5,0
5664,8803303731,Jat,900,Jaipur Gramin,Female,38,2,0,2,1,0,766280.95,0
5665,8812796894,Rathore,680,Jaipur City,Male,71,4,11667166.3,1,0,1,8026811.8,1
5666,8630885149,Paliwal,551,Jaipur Gramin,Male,33,9,9440104.25,2,1,0,9381606.4,0
5667,8462610104,Jat,643,Jaipur City,Male,60,7,10578057.05,1,1,1,12015992.7,1
5668,8163797457,Rathore,686,Jaipur Gramin,Female,34,8,0,2,1,1,1380846.25,0
5669,8346763362,Meena,680,Jaipur Gramin,Male,42,7,0,1,0,1,9209659.9,1
5670,8939820273,Verma,658,Jaipur  Urban,Male,33,7,11501384.85,2,0,1,14591797,0
5671,8593277085,Rathore,476,Jaipur Gramin,Male,32,8,0,2,1,0,5725975.7,0
5672,8187955809,Meena,772,Jaipur Gramin,Female,73,6,0,2,0,1,9168727.3,0
5673,8733409833,Meena,623,Jaipur Gramin,Male,29,5,0,2,1,0,16516358.5,0
5674,8117453450,Verma,647,Jaipur City,Male,34,5,11848421.15,2,0,0,2885756.8,0
5675,8974257946,Gupta,528,Jaipur City,Male,28,8,0,2,0,0,16795007.2,0
5676,8000994199,Jat,799,Jaipur Gramin,Female,26,3,8861998,1,1,1,36399.55,0
5677,8324274402,Jain,779,Jaipur Gramin,Female,26,6,0,2,0,1,2970645.45,0
5678,8689785254,Sharma,666,Jaipur  Urban,Male,32,9,9642995.85,1,1,0,6977165.5,0
5679,8744913991,Sharma,636,Jaipur Gramin,Male,33,9,0,2,1,0,5508390.15,0
5680,8389490930,Jain,814,Jaipur  Urban,Female,33,4,9440417.05,2,1,0,7102315.25,0
5681,8064113169,Paliwal,788,Jaipur  Urban,Female,30,6,13717131.7,1,0,0,6113733.8,1
5682,8317738572,Saini,515,Jaipur City,Female,39,2,7035146.55,1,1,1,10448662.4,0
5683,8733053996,Singh,624,Jaipur City,Male,29,9,0,2,1,0,1116379.8,0
5684,8374232535,Saini,618,Jaipur Gramin,Female,61,1,8862754.5,1,1,0,5341879.4,1
5685,8699677042,Singh,762,Jaipur Gramin,Female,25,3,7796098,1,0,0,2414954.55,0
5686,8286398294,Jain,726,Jaipur City,Female,47,3,5396539.5,1,0,1,2434478.2,1
5687,8440400523,Sharma,653,Jaipur City,Female,46,6,1059031.15,1,0,0,13326923.9,1
5688,8342174384,Choudhary,486,Jaipur  Urban,Female,37,6,13588431.5,2,0,1,10651168.95,0
5689,8034099933,Sharma,445,Jaipur  Urban,Male,23,6,8890366.75,2,1,0,11197579.55,0
5690,8267913118,Saini,746,Jaipur City,Female,50,4,11227530.15,1,1,1,10902281.9,0
5691,8733694997,Aggarwal,572,Jaipur City,Female,39,4,0,2,1,0,7766145.7,0
5692,8968632491,Jain,773,Jaipur City,Male,44,5,10255647.8,1,1,0,6994718.85,0
5693,8872281691,Paliwal,568,Jaipur Gramin,Female,30,6,0,2,1,0,5626167.85,0
5694,8357520575,Saini,664,Jaipur Gramin,Female,32,4,7120700.75,1,0,1,2033255.25,0
5695,8178173004,Choudhary,672,Jaipur Gramin,Female,31,6,14647681.95,1,0,1,3862262.3,0
5696,8408220952,Jat,824,Jaipur Gramin,Male,46,7,10003251.35,2,1,1,7935629.75,0
5697,8946488683,Singh,620,Jaipur Gramin,Male,41,7,0,2,0,1,1232216.95,0
5698,8387387570,Sharma,560,Jaipur Gramin,Male,39,5,0,2,0,0,14324346.2,0
5699,8885819629,Paliwal,698,Jaipur City,Female,64,9,0,2,1,1,8782067.4,0
5700,8455330950,Verma,701,Jaipur Gramin,Male,35,6,11549077.5,1,1,1,7413649.85,0
5701,8071748460,Aggarwal,416,Jaipur Gramin,Male,41,3,0,4,1,1,16786683.15,1
5702,8384965509,Meena,630,Jaipur  Urban,Female,49,4,10922904.6,1,1,0,10779073.55,1
5703,8942989591,Choudhary,582,Jaipur Gramin,Male,36,7,0,2,1,0,8014062.65,0
5704,8898659346,Saini,499,Jaipur Gramin,Female,42,8,4779401.25,1,1,0,3982889.2,0
5705,8926264035,Singh,758,Jaipur  Urban,Female,45,6,8397354,1,1,0,6926794.5,1
5706,8754196850,Verma,634,Jaipur  Urban,Male,40,5,15450307.2,2,1,1,10974177.45,0
5707,8163895048,Paliwal,698,Jaipur City,Female,48,9,8601830.85,1,1,1,4227296.5,0
5708,8277179503,Maheshwari,775,Jaipur Gramin,Male,25,9,0,2,0,1,7541919.95,0
5709,8876621562,Rathore,666,Jaipur Gramin,Female,60,3,0,2,1,1,7393423.25,0
5710,8333553315,Gupta,653,Jaipur Gramin,Female,39,9,0,1,1,0,317979.05,0
5711,8385383269,Sharma,814,Jaipur Gramin,Male,34,5,11820445.1,2,0,0,5775692.2,0
5712,8463054503,Khandelwal,620,Jaipur Gramin,Female,35,2,8883188.5,1,1,1,12549099.1,0
5713,8858618874,Gupta,672,Jaipur  Urban,Male,35,9,9685629.3,1,1,0,16055816.6,1
5714,8109340892,Choudhary,524,Jaipur Gramin,Male,47,10,0,2,0,1,2166022.7,0
5715,8465460119,Rathore,545,Jaipur Gramin,Female,39,10,0,2,1,1,1563314.05,0
5716,8245719343,Maheshwari,847,Jaipur Gramin,Male,31,9,0,2,0,1,11914310.6,0
5717,8888352446,Rathore,613,Jaipur  Urban,Male,37,1,9989601.2,2,0,1,13690464.65,0
5718,8502482244,Paliwal,678,Jaipur Gramin,Female,37,5,13633134.7,1,0,1,15601076.8,0
5719,8287766965,Rathore,658,Jaipur Gramin,Female,37,7,0,2,1,0,16510308.2,0
5720,8779687081,Meena,710,Jaipur Gramin,Male,27,1,10671540.05,1,0,0,671539.1,0
5721,8429443446,Choudhary,488,Jaipur City,Male,46,6,7886612.8,1,1,1,4371064.65,0
5722,8357912108,Khandelwal,715,Jaipur  Urban,Male,49,5,8248078.7,2,1,0,12958321.4,1
5723,8413550972,Jat,697,Jaipur Gramin,Male,34,3,0,2,0,0,4744377,0
5724,8164858841,Gupta,704,Jaipur Gramin,Female,26,6,0,2,1,1,2797276.05,0
5725,8456841229,Khandelwal,649,Jaipur City,Male,40,5,8682336.05,1,1,1,8554150.95,0
5726,8878246630,Jat,488,Jaipur Gramin,Female,33,1,9643476.1,1,0,0,12147519.15,0
5727,8354329244,Verma,706,Jaipur City,Female,46,8,13232946.2,1,1,0,2234412.85,0
5728,8898884083,Maheshwari,522,Jaipur  Urban,Male,38,8,10835395.4,1,0,0,5165939.6,1
5729,8432840325,Agarwal,721,Jaipur Gramin,Male,41,10,0,2,1,1,12431910.45,0
5730,8015975814,Aggarwal,466,Jaipur Gramin,Male,43,10,9583846.05,1,1,1,2408220,0
5731,8747025956,Aggarwal,527,Jaipur Gramin,Female,29,4,0,2,1,1,8578131.15,0
5732,8285499921,Jat,689,Jaipur Gramin,Male,45,7,12315580.3,1,1,1,8720311.5,1
5733,8041760726,Agarwal,526,Jaipur City,Male,40,8,0,2,1,1,2172124,0
5734,8006805995,Paliwal,875,Jaipur Gramin,Female,22,7,12760747.4,1,1,0,12929174.05,1
5735,8558173733,Khandelwal,802,Jaipur Gramin,Male,54,8,5925582.9,1,1,1,5897389.25,0
5736,8100040378,Agarwal,582,Jaipur City,Female,44,4,0,2,0,1,8646919.1,0
5737,8852487552,Sharma,577,Jaipur Gramin,Male,31,3,0,2,0,0,7568451.85,0
5738,8404051139,Verma,698,Jaipur  Urban,Female,35,2,9982308.2,2,1,1,1437433.3,0
5739,8990626546,Choudhary,664,Jaipur Gramin,Male,38,8,10141838.75,1,1,0,12789809.75,0
5740,8430666542,Agarwal,734,Jaipur Gramin,Female,30,1,7613585.15,1,1,1,15097121.15,0
5741,8096254498,Saini,624,Jaipur  Urban,Female,34,8,8691383.45,1,1,0,10257127.65,0
5742,8868369110,Jain,731,Jaipur Gramin,Male,42,9,10076470.35,1,0,1,6557142.25,0
5743,8048427738,Paliwal,878,Jaipur Gramin,Male,61,2,0,1,0,1,10863396.1,1
5744,8573444923,Aggarwal,642,Jaipur City,Male,38,0,8776856.9,1,0,0,13459293.55,0
5745,8881511001,Saini,779,Jaipur City,Female,43,1,10557766.7,1,1,1,14210255.8,0
5746,8205976883,Verma,635,Jaipur City,Male,32,3,0,2,1,1,1309394.4,0
5747,8591521790,Agarwal,883,Jaipur City,Female,41,7,12775741.4,1,1,1,13263076.15,0
5748,8109133051,Gupta,530,Jaipur City,Male,34,8,9235584.05,1,0,1,12301636.9,0
5749,8292862983,Aggarwal,654,Jaipur Gramin,Female,45,8,7252704.05,1,0,0,1917492.9,0
5750,8303581951,Sharma,893,Jaipur Gramin,Female,29,8,0,2,0,0,12524072.55,0
5751,8712909674,Singh,776,Jaipur  Urban,Male,37,9,11540990.6,3,1,0,7264988.25,1
5752,8045976783,Sharma,654,Jaipur Gramin,Male,40,6,11169955.4,1,1,1,16545769.35,0
5753,8643655810,Jain,782,Jaipur City,Female,36,3,0,2,1,1,4122933.5,0
5754,8550932191,Rathore,792,Jaipur City,Female,41,6,0,2,0,0,8626754.55,0
5755,8308502212,Singh,737,Jaipur  Urban,Female,45,9,9046717.45,2,1,1,13950003.65,0
5756,8958519251,Meena,740,Jaipur Gramin,Male,50,9,7675989.6,1,1,1,10593258.45,0
5757,8015644301,Agarwal,654,Jaipur  Urban,Male,28,7,9984612.55,2,1,1,2931655.1,0
5758,8560054011,Verma,697,Jaipur Gramin,Male,32,3,12655179.95,2,1,1,7732226.45,0
5759,8979518047,Aggarwal,697,Jaipur  Urban,Female,44,4,7744839.6,2,0,0,2057751.4,1
5760,8678058009,Meena,695,Jaipur  Urban,Female,37,8,6576778.95,2,0,1,14864212.65,0
5761,8049503854,Verma,514,Jaipur City,Male,23,7,8903315.65,1,1,0,14472352.45,0
5762,8726226373,Jain,732,Jaipur Gramin,Female,31,3,0,2,1,1,9544570.1,0
5763,8559809146,Jat,760,Jaipur  Urban,Male,39,5,7780773.35,1,1,1,7971555,0
5764,8143094969,Agarwal,749,Jaipur Gramin,Female,32,6,0,2,1,1,12752277.15,0
5765,8254554595,Choudhary,751,Jaipur Gramin,Female,34,0,15787453.75,1,1,1,8673129.7,0
5766,8078768807,Choudhary,504,Jaipur Gramin,Male,30,3,12188705.9,2,1,1,76373.35,0
5767,8501990450,Agarwal,547,Jaipur Gramin,Male,40,5,10702337.25,1,1,1,8085574,0
5768,8850282362,Singh,575,Jaipur Gramin,Female,45,2,0,2,0,0,978723.15,0
5769,8006783564,Rathore,689,Jaipur Gramin,Male,36,2,13134684.5,1,0,1,2334841.2,0
5770,8251825311,Rathore,564,Jaipur Gramin,Female,29,0,0,1,1,0,3152856.55,0
5771,8521869519,Singh,637,Jaipur Gramin,Male,51,8,8555658,1,1,0,14584971.5,0
5772,8559737088,Khandelwal,628,Jaipur City,Male,44,1,7082690.45,1,0,1,6870446.3,0
5773,8130479308,Maheshwari,678,Jaipur Gramin,Male,35,8,9429435.9,1,1,0,14389479.15,0
5774,8855052030,Choudhary,508,Jaipur City,Female,36,8,9662845.9,1,0,0,1121782.4,0
5775,8913770421,Gupta,727,Jaipur  Urban,Male,31,1,9946706.8,2,1,0,4627360.05,0
5776,8376682506,Singh,623,Jaipur Gramin,Female,49,9,12355599.15,1,1,0,3245882.25,0
5777,8198677428,Aggarwal,592,Jaipur  Urban,Female,39,8,12868292.8,1,1,0,2318341,1
5778,8275064839,Choudhary,610,Jaipur City,Male,66,8,10534504.75,1,1,1,5589446.15,0
5779,8069774744,Gupta,511,Jaipur Gramin,Female,36,0,0,2,1,0,8310248.55,0
5780,8482900903,Jain,701,Jaipur City,Male,40,2,5974736.7,1,1,1,9814851.4,1
5781,8908384215,Meena,605,Jaipur  Urban,Female,42,10,14112673.25,1,1,0,8354916.9,0
5782,8729881115,Gupta,643,Jaipur  Urban,Male,36,6,8214682.2,1,0,0,15475038.8,0
5783,8823929836,Meena,683,Jaipur City,Female,33,8,0,2,0,1,10925734.25,0
5784,8859402626,Maheshwari,629,Jaipur Gramin,Male,71,7,0,2,1,1,9251555.55,0
5785,8359982307,Verma,637,Jaipur Gramin,Male,29,2,0,2,1,1,1579456.4,0
5786,8095066751,Paliwal,784,Jaipur Gramin,Male,48,4,0,2,0,1,12479820.7,0
5787,8977991422,Saini,586,Jaipur Gramin,Male,40,5,0,2,0,0,8561852.8,0
5788,8604345818,Verma,755,Jaipur  Urban,Male,26,4,8267788.5,2,1,0,3345292.3,0
5789,8726953683,Choudhary,602,Jaipur Gramin,Female,42,10,0,2,0,0,14443294.35,1
5790,8704057070,Meena,707,Jaipur  Urban,Female,55,1,6485228.85,1,1,0,3601003.75,1
5791,8308441294,Choudhary,463,Jaipur City,Male,27,7,0,2,1,0,2449958.4,0
5792,8086150461,Maheshwari,851,Jaipur  Urban,Female,42,6,5482324.9,3,0,1,15507128.85,1
5793,8888358644,Singh,554,Jaipur Gramin,Male,38,5,0,1,1,0,9834517,0
5794,8227830316,Agarwal,796,Jaipur City,Female,32,8,0,2,1,0,1421670.05,0
5795,8661524072,Aggarwal,683,Jaipur Gramin,Male,57,5,0,2,1,1,4834439.6,0
5796,8184367451,Sharma,731,Jaipur Gramin,Male,39,8,0,2,1,0,4778197.65,0
5797,8713896728,Choudhary,545,Jaipur City,Female,45,4,0,2,1,1,16440024.25,0
5798,8043219177,Aggarwal,719,Jaipur Gramin,Male,37,10,0,2,0,0,7077358.4,0
5799,8771630780,Singh,758,Jaipur City,Male,54,0,11411224.5,1,0,1,1139374,0
5800,8376626219,Gupta,630,Jaipur Gramin,Female,45,3,0,1,1,1,15680302.75,1
5801,8812217325,Singh,599,Jaipur Gramin,Male,30,9,8962712.8,1,1,1,10295585.05,0
5802,8048655072,Jain,581,Jaipur City,Female,50,1,0,1,0,1,12968258.75,1
5803,8279483309,Verma,479,Jaipur Gramin,Male,35,10,0,2,1,0,911415.9,0
5804,8466742919,Khandelwal,511,Jaipur City,Male,38,2,0,2,0,0,4930933.3,0
5805,8256530607,Gupta,630,Jaipur  Urban,Female,35,5,7322534.1,2,1,0,13892468,1
5806,8504555149,Sharma,524,Jaipur City,Female,38,1,8239820.1,1,1,1,8721588.2,0
5807,8153186895,Meena,715,Jaipur City,Male,47,1,9074481,1,1,1,6850250.3,0
5808,8122257489,Agarwal,695,Jaipur Gramin,Female,33,9,9564935.25,2,1,0,15075808.25,0
5809,8745248902,Aggarwal,701,Jaipur Gramin,Male,60,2,9907904.3,1,1,0,10221904.5,1
5810,8629096142,Agarwal,900,Jaipur Gramin,Male,32,4,0,1,1,1,15352871.7,0
5811,8493968215,Saini,474,Jaipur City,Female,42,7,0,2,0,0,11084385.05,0
5812,8585055408,Maheshwari,524,Jaipur City,Female,38,6,12051876.3,1,0,1,12562790.9,0
5813,8836748670,Singh,900,Jaipur Gramin,Male,41,3,11595429.7,1,0,1,4916762.1,0
5814,8990780658,Choudhary,496,Jaipur Gramin,Male,30,5,0,2,1,0,13814511.1,0
5815,8822689334,Meena,622,Jaipur  Urban,Female,40,1,11325869.2,2,1,1,4632144.7,0
5816,8721599628,Saini,842,Jaipur  Urban,Female,41,4,7714399.4,2,0,1,14380611.1,0
5817,8837453256,Singh,536,Jaipur Gramin,Male,43,1,7849780.6,1,0,1,6822347.35,0
5818,8695237047,Jat,616,Jaipur  Urban,Male,69,9,6696171.65,1,0,1,743885.15,0
5819,8608216119,Choudhary,590,Jaipur  Urban,Female,34,6,8682234.05,2,1,1,8723463.3,0
5820,8613464760,Gupta,535,Jaipur Gramin,Male,29,5,0,1,1,1,8060035.75,0
5821,8849649465,Verma,745,Jaipur  Urban,Male,37,4,8369066,1,0,0,7719841.1,0
5822,8566849954,Paliwal,685,Jaipur  Urban,Female,47,7,9741319.6,2,1,0,13021517.2,1
5823,8401035351,Aggarwal,629,Jaipur City,Male,35,2,0,2,1,0,7421400.15,0
5824,8888262240,Khandelwal,781,Jaipur  Urban,Female,51,7,12586357.15,1,1,0,12444969.85,1
5825,8875211407,Jain,643,Jaipur City,Male,36,1,0,3,1,1,6294088.5,1
5826,8343489543,Sharma,608,Jaipur City,Female,62,8,9180394.4,1,1,1,1987875.45,1
5827,8911331542,Sharma,491,Jaipur  Urban,Female,29,0,9155568.45,2,1,1,7896344.45,0
5828,8797159084,Khandelwal,664,Jaipur City,Male,35,9,0,2,1,1,3906264.25,0
5829,8650626782,Gupta,731,Jaipur City,Female,37,8,0,3,1,0,6097777.6,0
5830,8038177319,Rathore,551,Jaipur Gramin,Male,32,9,12350799.2,1,1,0,8802683.3,0
5831,8087545328,Sharma,701,Jaipur  Urban,Male,37,4,11770494.85,2,1,1,4451219.65,0
5832,8140383925,Aggarwal,642,Jaipur Gramin,Female,27,8,10835082.6,1,1,1,12997864.25,1
5833,8229960182,Gupta,731,Jaipur Gramin,Male,26,6,13306888.55,1,0,1,374915.45,0
5834,8595824397,Meena,667,Jaipur  Urban,Female,49,9,8252893.95,1,1,0,6355553.7,1
5835,8873253108,Sharma,832,Jaipur Gramin,Male,32,2,0,2,1,0,16474498.55,1
5836,8011437533,Agarwal,611,Jaipur City,Male,37,5,10991587.15,1,1,1,2277474.7,0
5837,8434172212,Gupta,622,Jaipur  Urban,Female,29,10,8526783.5,2,1,1,2764764.4,0
5838,8802201830,Aggarwal,900,Jaipur Gramin,Female,35,6,6943222.45,1,1,0,70040,0
5839,8252747134,Khandelwal,683,Jaipur City,Male,51,3,7550340.05,1,0,0,7246315.45,1
5840,8086675610,Paliwal,593,Jaipur  Urban,Male,40,0,12927857.4,2,1,1,7098259.05,0
5841,8478274734,Agarwal,619,Jaipur City,Male,71,4,0,2,1,1,14755947.3,0
5842,8192977743,Choudhary,691,Jaipur Gramin,Female,49,1,0,1,1,0,6744096.35,1
5843,8919355506,Choudhary,610,Jaipur City,Female,38,9,8704574.6,1,0,1,4896056.1,0
5844,8065561989,Sharma,732,Jaipur Gramin,Male,21,4,9276131.6,2,1,1,4776319.15,0
5845,8410489142,Agarwal,714,Jaipur Gramin,Male,29,5,0,2,1,1,575487.4,0
5846,8945447904,Verma,516,Jaipur  Urban,Male,33,9,6395593.8,1,0,1,8644046.95,0
5847,8096848171,Singh,491,Jaipur City,Male,29,1,0,2,1,0,5874616.9,0
5848,8137167889,Choudhary,500,Jaipur Gramin,Female,45,4,0,1,0,0,14677320.6,1
5849,8239442703,Verma,790,Jaipur  Urban,Male,33,0,10977115.9,2,1,1,2261533.8,0
5850,8831504395,Meena,678,Jaipur Gramin,Male,51,2,0,1,0,0,4535035.6,0
5851,8225080723,Gupta,637,Jaipur  Urban,Female,22,6,11826043.2,1,1,1,5418538.35,0
5852,8734879532,Singh,571,Jaipur City,Male,33,3,0,2,0,1,16159524.25,0
5853,8677813951,Saini,533,Jaipur City,Male,22,3,5651082.2,1,0,1,9376978.15,0
5854,8529373415,Maheshwari,595,Jaipur  Urban,Male,40,5,5303067.55,3,1,0,12632991.55,1
5855,8950295482,Aggarwal,457,Jaipur Gramin,Female,34,5,0,2,1,1,10646544.1,0
5856,8880086620,Jain,478,Jaipur Gramin,Male,46,1,7807901.1,1,1,0,8666156.3,1
5857,8760666077,Maheshwari,494,Jaipur City,Male,31,6,0,2,1,0,14319292.1,0
5858,8365933273,Maheshwari,593,Jaipur Gramin,Female,56,7,0,1,1,0,2228347.25,1
5859,8096949525,Gupta,564,Jaipur Gramin,Female,30,10,14974749.2,1,1,0,8248852.2,1
5860,8644642144,Khandelwal,745,Jaipur City,Male,38,7,0,1,0,1,4550458,0
5861,8137235449,Singh,424,Jaipur Gramin,Female,37,4,11205954.6,2,1,0,760682,0
5862,8659949556,Aggarwal,554,Jaipur Gramin,Male,48,3,7849576.6,1,1,1,13864923.75,0
5863,8668503014,Singh,698,Jaipur Gramin,Male,40,4,0,2,1,1,11963402.35,0
5864,8885713198,Agarwal,778,Jaipur Gramin,Male,40,3,8100254.35,1,0,0,14578846.4,0
5865,8609632796,Meena,755,Jaipur Gramin,Female,32,9,0,2,0,0,12818292.4,0
5866,8012974549,Jat,676,Jaipur Gramin,Male,39,4,0,1,1,0,6535144.25,0
5867,8474205179,Jain,762,Jaipur Gramin,Female,53,8,10526855.6,2,0,1,14488669.05,1
5868,8763608584,Sharma,632,Jaipur  Urban,Male,62,3,12191238.9,2,1,1,12163865.5,0
5869,8728055831,Singh,736,Jaipur Gramin,Male,46,5,0,1,1,1,4734637.7,0
5870,8782259214,Aggarwal,554,Jaipur  Urban,Male,31,2,9580197,1,0,1,15841475.5,0
5871,8285622947,Aggarwal,638,Jaipur Gramin,Male,43,2,8501148.35,1,1,0,2063402.2,0
5872,8947411468,Agarwal,455,Jaipur Gramin,Female,33,2,17694070.05,1,0,0,4315858.85,1
5873,8152824154,Verma,670,Jaipur City,Male,21,7,0,2,0,1,13113788.95,0
5874,8067702955,Gupta,598,Jaipur Gramin,Female,40,9,0,1,1,0,5819320.15,1
5875,8587274084,Khandelwal,596,Jaipur Gramin,Male,19,2,0,2,1,1,7738122.9,0
5876,8392916294,Jat,494,Jaipur Gramin,Female,33,6,10343251.35,2,1,1,7112967.45,0
5877,8060287687,Rathore,725,Jaipur Gramin,Male,39,2,9479626.7,1,1,0,16956221.6,0
5878,8059596260,Sharma,449,Jaipur Gramin,Male,26,6,0,2,0,0,12961753.7,0
5879,8077472232,Saini,605,Jaipur  Urban,Male,36,10,9651435.5,1,1,1,11464406.45,0
5880,8994641357,Rathore,700,Jaipur Gramin,Male,41,6,8134204.2,2,1,1,15671121.9,0
5881,8791361913,Maheshwari,524,Jaipur Gramin,Male,28,0,7561881.35,2,1,1,16136394.05,0
5882,8778325579,Gupta,833,Jaipur City,Male,31,0,12314828.9,2,0,1,14929692.4,0
5883,8371190947,Maheshwari,758,Jaipur Gramin,Male,55,9,11608961.7,1,0,1,277794.45,1
5884,8259000691,Maheshwari,474,Jaipur Gramin,Female,38,2,5362905.85,1,1,1,4002626.2,0
5885,8211476028,Sharma,542,Jaipur  Urban,Male,38,10,11243045.2,2,1,1,3957771.7,0
5886,8579984359,Aggarwal,602,Jaipur Gramin,Female,29,3,7549224,2,1,1,5311477.45,0
5887,8638303184,Paliwal,608,Jaipur  Urban,Male,40,5,7700536.75,1,0,1,15435851.25,0
5888,8939101607,Saini,690,Jaipur  Urban,Female,33,0,12054381.25,1,1,0,5509279.25,1
5889,8820921076,Singh,412,Jaipur Gramin,Female,54,3,11776577.45,1,1,1,5966679.55,1
5890,8809937372,Verma,752,Jaipur Gramin,Female,31,2,4436326.8,2,0,1,13632594.95,0
5891,8504559997,Jat,458,Jaipur Gramin,Male,38,4,10622976.15,1,1,0,3047090.2,0
5892,8798142618,Singh,703,Jaipur Gramin,Female,34,1,0,2,1,0,7418670.8,0
5893,8161276160,Khandelwal,586,Jaipur  Urban,Male,35,3,8870292.3,1,1,0,8032399.7,0
5894,8979224307,Verma,606,Jaipur City,Female,48,10,12776853.2,1,0,1,11346340.6,0
5895,8356856481,Meena,580,Jaipur Gramin,Male,39,1,10990438.8,2,1,0,6214146,0
5896,8758258007,Paliwal,766,Jaipur  Urban,Male,37,7,11980828.2,2,1,0,16603388.3,0
5897,8238873876,Agarwal,773,Jaipur City,Male,30,1,10885535.2,1,1,0,10329665.8,0
5898,8598274720,Sharma,817,Jaipur Gramin,Male,23,2,9131845.8,1,1,0,14776672.85,0
5899,8730757510,Singh,719,Jaipur Gramin,Male,34,2,9984836.95,1,1,0,15744330.7,0
5900,8095659456,Verma,647,Jaipur Gramin,Female,27,2,0,2,0,0,10645755.3,0
5901,8283918312,Paliwal,580,Jaipur Gramin,Female,27,4,0,3,1,0,13864639.85,0
5902,8511623426,Rathore,584,Jaipur Gramin,Male,42,1,0,1,0,0,10455587.35,0
5903,8749441003,Agarwal,713,Jaipur Gramin,Male,40,9,0,2,1,0,3439357.55,0
5904,8232481074,Verma,564,Jaipur Gramin,Female,29,4,13008402.55,1,1,1,11165903.45,1
5905,8254795598,Choudhary,710,Jaipur  Urban,Male,45,6,12077143.4,4,1,0,16005997.25,1
5906,8466961502,Maheshwari,493,Jaipur Gramin,Female,30,5,0,2,1,0,12239563.1,0
5907,8131578805,Meena,826,Jaipur Gramin,Male,32,4,9526764.3,1,0,0,7596330.15,0
5908,8760159695,Gupta,511,Jaipur City,Male,66,7,11223791,2,1,1,13461100.65,0
5909,8954469321,Singh,779,Jaipur City,Female,46,9,5659538.85,1,1,0,6694015.2,1
5910,8709185781,Maheshwari,709,Jaipur Gramin,Female,33,6,0,2,1,1,8534706.35,0
5911,8658696924,Khandelwal,457,Jaipur Gramin,Female,39,6,0,1,1,1,2097590.9,0
5912,8819709562,Jat,782,Jaipur Gramin,Male,33,4,0,2,1,1,3363516.3,0
5913,8158779141,Paliwal,670,Jaipur Gramin,Female,38,6,8746083.5,1,0,0,13231589.6,0
5914,8001762204,Meena,695,Jaipur City,Male,42,2,0,1,1,1,14305012.95,0
5915,8499712784,Agarwal,785,Jaipur  Urban,Male,27,7,9994159.75,2,0,1,7472180.85,0
5916,8413101428,Choudhary,695,Jaipur Gramin,Male,47,10,16876418.5,2,1,0,16251908.2,1
5917,8473142843,Sharma,640,Jaipur City,Female,39,2,0,2,0,0,16252597.55,0
5918,8712719765,Rathore,689,Jaipur Gramin,Female,31,1,0,1,1,0,10961094.25,0
5919,8937195927,Jat,600,Jaipur  Urban,Male,28,2,9912981.35,1,0,1,5091949.65,0
5920,8162925692,Singh,654,Jaipur City,Male,49,8,0,2,1,0,13771071,0
5921,8742729040,Paliwal,718,Jaipur Gramin,Male,36,6,0,2,0,1,1634718.3,0
5922,8796827988,Jat,490,Jaipur City,Male,54,10,0,1,1,1,14938695.6,0
5923,8575849010,Meena,546,Jaipur Gramin,Female,44,3,8990509.5,3,1,0,5145386.6,1
5924,8651459761,Paliwal,781,Jaipur Gramin,Female,48,9,0,1,1,0,11688215.7,1
5925,8867963530,Agarwal,766,Jaipur Gramin,Female,39,1,8027013.25,2,0,1,16101623.1,0
5926,8913116087,Sharma,727,Jaipur  Urban,Female,39,8,9595642.35,1,0,1,571511.1,0
5927,8460390214,Aggarwal,594,Jaipur Gramin,Female,53,7,0,2,1,0,3516592.8,1
5928,8807584937,Khandelwal,572,Jaipur  Urban,Female,43,3,10874939.95,1,0,0,10636961.2,1
5929,8207858726,Choudhary,574,Jaipur  Urban,Female,36,8,11028333.5,1,1,1,12213118.75,0
5930,8297713732,Singh,719,Jaipur Gramin,Male,32,3,0,2,1,1,14515487.4,0
5931,8637877483,Aggarwal,871,Jaipur Gramin,Female,30,5,0,2,0,1,13378793.45,0
5932,8009459247,Rathore,667,Jaipur  Urban,Female,46,7,12030519.2,1,1,0,4300587.75,1
5933,8704235900,Sharma,547,Jaipur Gramin,Female,47,2,11892712.95,1,1,1,4283233.3,0
5934,8884414520,Jain,563,Jaipur Gramin,Male,41,4,10220696.65,1,1,0,13867752.55,1
5935,8744315729,Jain,798,Jaipur Gramin,Male,34,9,7805988.6,1,0,0,11753814.45,0
5936,8058012770,Sharma,533,Jaipur City,Male,37,2,0,2,0,0,11480696.7,0
5937,8890418067,Choudhary,586,Jaipur City,Female,22,9,5710146.15,1,1,1,13900453.75,1
5938,8457313806,Saini,768,Jaipur City,Female,31,8,0,2,0,0,7365885.8,0
5939,8413149508,Aggarwal,900,Jaipur City,Male,38,7,9807209.9,1,0,1,13777464.7,0
5940,8699118028,Verma,799,Jaipur  Urban,Male,30,4,10861833.8,2,1,1,2454740.5,0
5941,8868972722,Jat,899,Jaipur Gramin,Female,41,6,0,2,1,1,14382298.35,1
5942,8748995133,Singh,614,Jaipur Gramin,Female,33,0,5516527.2,2,1,0,8706220.2,0
5943,8188305526,Saini,500,Jaipur  Urban,Male,53,0,9279694.8,1,1,0,4647468.5,1
5944,8673291732,Verma,654,Jaipur Gramin,Female,55,7,0,2,1,1,1561393.05,0
5945,8693037604,Khandelwal,715,Jaipur  Urban,Male,43,4,9697767.3,1,0,1,13590488.5,0
5946,8757658245,Agarwal,739,Jaipur Gramin,Female,40,3,0,2,0,1,14249072.75,0
5947,8462964166,Singh,588,Jaipur Gramin,Male,32,9,0,2,1,0,11805577.75,0
5948,8160704537,Singh,667,Jaipur Gramin,Female,45,7,12404327.95,1,1,1,16948331.9,0
5949,8096655343,Jain,448,Jaipur  Urban,Female,35,7,11177902.05,1,1,0,16112636.55,0
5950,8848884743,Choudhary,770,Jaipur  Urban,Female,44,8,9173711.7,1,0,1,1476897.95,1
5951,8833709000,Agarwal,881,Jaipur  Urban,Female,57,8,9543936,3,1,0,11919136.9,1
5952,8128399322,Jat,745,Jaipur Gramin,Male,41,7,0,2,0,1,5186602.25,0
5953,8134673923,Gupta,588,Jaipur City,Male,29,10,0,1,1,1,4412156.2,1
5954,8608492052,Verma,499,Jaipur City,Female,31,7,0,1,1,0,3996593.75,0
5955,8773291934,Jain,900,Jaipur Gramin,Male,33,0,10606441.95,1,0,1,2864544.2,0
5956,8523618452,Singh,778,Jaipur Gramin,Female,39,9,11293572.6,1,1,1,5069096.55,1
5957,8580494823,Saini,838,Jaipur  Urban,Female,38,4,10969686.05,1,1,0,13357545.15,0
5958,8939045912,Maheshwari,614,Jaipur  Urban,Male,76,6,8174184.8,1,1,1,16268427.1,0
5959,8685285350,Jain,528,Jaipur Gramin,Female,40,3,14050340.2,1,0,1,16988333.75,0
5960,8407626382,Verma,743,Jaipur City,Female,33,7,0,2,1,0,1701410.15,0
5961,8077446900,Verma,598,Jaipur Gramin,Male,48,6,10258015.05,1,1,0,2604019.2,1
5962,8601364386,Maheshwari,835,Jaipur City,Male,32,5,8735717.75,2,0,1,10015794.8,0
5963,8245017520,Choudhary,575,Jaipur  Urban,Male,42,0,12272837.2,1,1,1,1912253.5,1
5964,8672617002,Singh,900,Jaipur  Urban,Female,40,7,8878233,1,1,1,63569.8,0
5965,8160412072,Agarwal,599,Jaipur City,Male,35,6,11653725.25,1,0,0,6534018.85,0
5966,8330572068,Aggarwal,749,Jaipur Gramin,Female,30,9,12110448.95,1,1,1,9167100.4,0
5967,8177534136,Khandelwal,490,Jaipur Gramin,Female,43,9,0,1,1,0,8816770.35,0
5968,8653584937,Gupta,808,Jaipur City,Male,37,2,8771592,2,1,0,15152810.6,0
5969,8317378990,Choudhary,511,Jaipur Gramin,Male,28,1,9525987.4,1,0,1,10733955.55,0
5970,8758676059,Rathore,530,Jaipur Gramin,Female,29,7,0,2,0,1,16715396.2,0
5971,8585191740,Khandelwal,444,Jaipur Gramin,Male,35,1,8200255.15,1,0,0,506795.5,0
5972,8151875981,Singh,846,Jaipur City,Male,37,5,0,2,1,0,1863948.85,0
5973,8590828867,Choudhary,538,Jaipur  Urban,Male,49,9,9217220.65,1,0,0,10796943.95,1
5974,8884205108,Jat,686,Jaipur Gramin,Male,37,5,13021625.15,1,1,1,13834855.85,0
5975,8948167251,Gupta,808,Jaipur Gramin,Male,45,8,8234562.85,1,1,1,9685793.35,0
5976,8550250571,Jain,617,Jaipur Gramin,Male,44,6,0,2,0,1,8919089.1,0
5977,8694467424,Maheshwari,524,Jaipur Gramin,Female,38,10,0,1,0,0,4448727.45,1
5978,8368732055,Sharma,725,Jaipur Gramin,Female,40,6,8113495.65,1,0,1,15296986.75,0
5979,8287581075,Rathore,583,Jaipur City,Male,41,3,5429252.6,1,1,0,7119059.4,0
5980,8748149444,Meena,692,Jaipur Gramin,Female,24,0,12605380.15,2,0,0,15547685.75,0
5981,8547936741,Paliwal,550,Jaipur City,Female,31,7,0,2,1,0,14171223.8,0
5982,8233049885,Choudhary,641,Jaipur  Urban,Female,37,7,12177002.25,2,1,0,16381368.3,0
5983,8469580887,Verma,666,Jaipur  Urban,Male,37,9,10314090.4,1,1,1,15320522.4,0
5984,8683567850,Aggarwal,623,Jaipur  Urban,Female,28,6,8427982.05,2,1,0,4120385.2,0
5985,8407303399,Sharma,674,Jaipur Gramin,Female,41,4,0,2,1,0,10756875.8,0
5986,8635890694,Choudhary,726,Jaipur City,Male,33,7,5816030.65,1,1,1,5514166.75,0
5987,8366485283,Choudhary,512,Jaipur City,Female,35,8,0,1,1,0,8332680.05,1
5988,8058554917,Saini,636,Jaipur  Urban,Female,25,7,6770828.85,1,1,0,7949558.7,0
5989,8282846159,Khandelwal,900,Jaipur Gramin,Male,35,2,0,2,1,1,4844291.1,0
5990,8227828787,Saini,682,Jaipur Gramin,Female,53,10,9370403.4,1,0,0,15638347.6,1
5991,8225762958,Sharma,568,Jaipur Gramin,Female,32,9,10652356.4,2,1,1,11069943.55,0
5992,8531073965,Agarwal,696,Jaipur Gramin,Male,27,3,0,1,1,0,2758612.1,0
5993,8411065238,Jain,790,Jaipur Gramin,Female,32,2,7172206.5,1,1,1,6408696.55,0
5994,8593227147,Saini,596,Jaipur Gramin,Male,45,7,0,2,0,0,14259298.25,0
5995,8496145628,Verma,576,Jaipur  Urban,Male,35,10,11583919.85,2,1,1,2107954.95,0
5996,8410985899,Rathore,626,Jaipur Gramin,Male,59,5,10147331.45,1,1,1,5136501.55,0
5997,8942149359,Meena,646,Jaipur  Urban,Male,62,4,9240910.15,2,1,1,6310492.65,0
5998,8706884750,Khandelwal,648,Jaipur Gramin,Female,20,4,0,2,0,1,6656419.7,0
5999,8900337500,Maheshwari,653,Jaipur City,Male,28,0,0,2,1,0,10150646.45,0
6000,8390997996,Gupta,784,Jaipur Gramin,Female,31,6,9060684.65,1,0,0,7760990.45,0
6001,8461578602,Meena,635,Jaipur Gramin,Female,37,10,8461431.25,3,0,1,2136640.75,1
6002,8636553597,Meena,810,Jaipur Gramin,Female,30,5,0,1,1,0,16479851,1
6003,8283012656,Gupta,721,Jaipur Gramin,Female,41,2,0,1,1,0,4067826.3,0
6004,8700914964,Saini,730,Jaipur City,Male,19,7,9572348.1,1,1,1,381800.45,0
6005,8717498638,Sharma,505,Jaipur City,Female,22,10,0,1,1,1,8611515.75,0
6006,8668380173,Gupta,643,Jaipur Gramin,Female,24,9,0,2,0,1,3300611.2,0
6007,8771169259,Jain,515,Jaipur Gramin,Female,31,5,0,2,1,0,2279464.55,0
6008,8270638543,Jain,788,Jaipur Gramin,Male,28,3,6407397.75,1,1,1,16976856.2,0
6009,8288165390,Singh,800,Jaipur City,Female,24,5,0,2,1,1,5732897.25,0
6010,8457937129,Jat,510,Jaipur City,Male,33,5,0,2,1,0,13685194.65,0
6011,8402463294,Agarwal,791,Jaipur City,Male,38,1,0,2,1,0,1766163.15,0
6012,8164079299,Rathore,504,Jaipur  Urban,Female,45,1,10462343.15,1,1,1,3488604,1
6013,8094625818,Aggarwal,766,Jaipur Gramin,Female,26,3,0,2,1,0,5736153.6,0
6014,8030029270,Saini,538,Jaipur City,Male,37,4,0,1,1,0,10349912.8,0
6015,8335921244,Khandelwal,522,Jaipur City,Male,48,9,9305159.95,1,1,0,13375466.55,1
6016,8705030760,Maheshwari,618,Jaipur City,Male,59,4,13240114.25,1,1,1,9373389.45,0
6017,8732422452,Agarwal,900,Jaipur  Urban,Male,38,7,8668793.85,2,0,0,3723107.95,0
6018,8727515187,Gupta,464,Jaipur Gramin,Female,34,2,8161657.5,1,0,0,772225,0
6019,8633159998,Jat,757,Jaipur Gramin,Male,30,7,0,2,0,1,12162317.65,0
6020,8925181896,Aggarwal,751,Jaipur City,Female,35,9,0,2,0,1,8547343.3,0
6021,8670642356,Khandelwal,611,Jaipur Gramin,Female,35,2,12571536.55,1,1,0,11900024.65,0
6022,8789599800,Rathore,737,Jaipur Gramin,Male,52,4,8564231.1,1,1,1,15875896.25,0
6023,8566312055,Paliwal,713,Jaipur City,Female,35,7,0,1,1,0,11353486.55,1
6024,8180580147,Rathore,823,Jaipur Gramin,Female,33,0,7058064.25,1,0,1,13174199.3,1
6025,8183573546,Saini,718,Jaipur City,Male,27,6,10661326.45,2,0,0,2350627.4,0
6026,8180531846,Gupta,601,Jaipur Gramin,Female,46,3,8347234.6,1,0,0,11709934.05,0
6027,8340103028,Paliwal,803,Jaipur City,Male,41,1,6163342.35,1,1,0,2186517.05,0
6028,8726013865,Agarwal,900,Jaipur  Urban,Male,44,3,11933460.25,2,0,1,15834269.2,0
6029,8643856580,Sharma,655,Jaipur City,Female,50,5,12124794.4,2,1,1,12087722.5,1
6030,8277375620,Agarwal,671,Jaipur Gramin,Female,44,9,1997781.35,1,0,1,14438270.85,1
6031,8851094474,Agarwal,464,Jaipur City,Male,33,8,12387025.35,1,1,0,3516097.25,0
6032,8867940606,Rathore,768,Jaipur  Urban,Female,40,2,10395089.45,2,1,1,2619091.4,0
6033,8104851432,Sharma,703,Jaipur Gramin,Male,39,4,0,2,1,0,13177034.05,0
6034,8870341339,Sharma,614,Jaipur City,Female,36,5,10182937.95,2,1,0,13550409.3,0
6035,8614912335,Saini,666,Jaipur City,Male,37,8,13915229.3,2,0,0,6482034.55,0
6036,8833173032,Khandelwal,620,Jaipur Gramin,Male,34,1,5243423.05,2,1,0,9007046.25,0
6037,8591693301,Aggarwal,689,Jaipur Gramin,Female,27,4,6727268.9,1,0,1,4313225.55,0
6038,8750367709,Choudhary,733,Jaipur City,Male,32,5,0,2,1,1,12556222.95,0
6039,8158342019,Meena,629,Jaipur  Urban,Female,27,7,8912137.8,1,1,1,14227925.6,0
6040,8853198078,Khandelwal,596,Jaipur City,Male,26,5,0,2,0,1,8088526.05,0
6041,8079798785,Meena,698,Jaipur City,Male,46,4,0,1,1,1,395613.8,0
6042,8131897325,Rathore,810,Jaipur Gramin,Male,45,8,0,1,1,0,11082017.8,0
6043,8477011650,Choudhary,752,Jaipur Gramin,Female,29,1,12465420.85,1,1,1,14746343.15,0
6044,8300054676,Aggarwal,635,Jaipur Gramin,Male,31,6,0,2,1,0,7979948.75,0
6045,8077358789,Choudhary,701,Jaipur Gramin,Male,46,0,0,2,1,1,3092042.45,0
6046,8762834218,Saini,539,Jaipur  Urban,Female,37,1,11102898.9,2,1,1,10922494.9,0
6047,8338451188,Agarwal,592,Jaipur  Urban,Male,69,2,15896116.05,2,0,1,9001388.65,0
6048,8742256465,Rathore,523,Jaipur City,Male,40,9,0,2,1,1,1016517.55,0
6049,8684309099,Sharma,728,Jaipur Gramin,Female,36,6,0,1,0,0,8398916.3,0
6050,8405899716,Jain,590,Jaipur City,Male,41,0,0,2,1,0,5602015.95,0
6051,8188812680,Rathore,724,Jaipur Gramin,Male,44,6,8403315.9,1,1,0,12878919.5,0
6052,8264325331,Meena,748,Jaipur City,Female,45,4,0,2,1,0,3163223.15,0
6053,8926872219,Paliwal,422,Jaipur  Urban,Male,52,1,8367666.9,2,0,0,7822888.3,0
6054,8085786137,Aggarwal,542,Jaipur City,Male,42,4,0,2,0,0,16633845.5,0
6055,8681341521,Maheshwari,640,Jaipur Gramin,Female,47,0,0,1,1,1,539141.4,1
6056,8079117906,Choudhary,455,Jaipur  Urban,Female,23,9,10503918.35,1,0,1,8087603.8,0
6057,8269219970,Aggarwal,802,Jaipur Gramin,Male,25,6,0,2,1,1,1803331.95,0
6058,8579886408,Khandelwal,770,Jaipur Gramin,Male,31,4,8945323.5,1,1,1,1674520.4,0
6059,8454904419,Maheshwari,682,Jaipur  Urban,Male,56,9,9434472.15,1,1,0,11423714.4,1
6060,8951451903,Saini,728,Jaipur City,Male,44,3,0,2,1,1,11481545.85,0
6061,8080086494,Rathore,785,Jaipur City,Male,39,7,13403818.3,2,1,0,11356075.65,1
6062,8917180976,Khandelwal,533,Jaipur  Urban,Male,47,5,8945842.85,1,0,0,8493376.8,1
6063,8234684304,Paliwal,742,Jaipur City,Male,32,8,0,2,1,1,3518943.05,0
6064,8946284606,Gupta,794,Jaipur Gramin,Male,31,7,10003424.75,1,1,1,13544276.55,0
6065,8592254262,Maheshwari,806,Jaipur Gramin,Male,23,2,0,2,1,0,1560956.15,0
6066,8530751894,Rathore,709,Jaipur  Urban,Female,37,7,10460748.55,1,1,1,8343807.4,1
6067,8111569697,Khandelwal,482,Jaipur Gramin,Male,45,0,0,1,0,0,7196372.85,0
6068,8054971496,Sharma,556,Jaipur Gramin,Female,34,6,0,2,0,0,3105639.05,0
6069,8204193384,Rathore,691,Jaipur Gramin,Female,41,4,8623856.9,1,1,1,6723641.95,0
6070,8056166212,Jat,571,Jaipur City,Male,52,2,8546701.55,2,1,1,1414753.6,0
6071,8162863118,Saini,635,Jaipur City,Male,35,4,14840048,2,0,1,13465711.9,0
6072,8733353646,Verma,630,Jaipur City,Male,52,8,10298733.45,1,1,0,4164003.8,0
6073,8256332034,Saini,634,Jaipur Gramin,Male,45,9,0,2,1,1,8233317.6,0
6074,8418136786,Choudhary,445,Jaipur  Urban,Female,36,5,7655417.9,2,1,1,8191169.5,0
6075,8622910875,Jain,853,Jaipur Gramin,Female,45,5,0,2,1,1,12420471.15,0
6076,8040969474,Verma,485,Jaipur Gramin,Male,42,3,11469642.45,2,0,0,11490207.35,0
6077,8656657667,Paliwal,704,Jaipur Gramin,Female,24,3,9392097.95,1,1,0,13482309.85,0
6078,8435453783,Choudhary,672,Jaipur  Urban,Female,37,2,11322007.65,1,0,0,6071879.8,0
6079,8675354270,Choudhary,538,Jaipur Gramin,Female,41,4,7020728,1,0,1,4732127.65,0
6080,8667667500,Sharma,611,Jaipur  Urban,Male,31,9,8826208.75,1,1,1,12768539.35,0
6081,8037233452,Paliwal,671,Jaipur City,Female,42,2,0,1,0,0,13832416.35,1
6082,8184002298,Sharma,511,Jaipur Gramin,Male,52,8,7955189.95,1,0,1,1804440.35,1
6083,8762429770,Paliwal,750,Jaipur  Urban,Male,40,8,8852721.1,1,1,0,5272371.5,0
6084,8127322276,Singh,503,Jaipur  Urban,Male,38,1,9702039.4,1,1,1,5183997.85,1
6085,8284714176,Agarwal,554,Jaipur  Urban,Female,31,9,9958005,1,1,1,9237375.85,0
6086,8419919368,Meena,458,Jaipur  Urban,Male,45,7,13290044.1,1,1,0,6174735.75,1
6087,8501677456,Paliwal,522,Jaipur City,Male,37,3,14920456.3,2,1,1,785529.2,0
6088,8088135029,Agarwal,553,Jaipur Gramin,Female,27,9,11529145,1,1,0,13011834,1
6089,8655891520,Agarwal,673,Jaipur Gramin,Female,30,7,0,2,1,0,6136708.45,0
6090,8667365762,Maheshwari,805,Jaipur Gramin,Male,27,2,0,2,1,1,16959823.9,0
6091,8005821934,Jain,534,Jaipur Gramin,Male,26,7,0,2,0,1,13310849.55,0
6092,8723113753,Meena,900,Jaipur  Urban,Female,33,2,7090278.4,1,0,1,6367999.4,0
6093,8919780766,Gupta,601,Jaipur  Urban,Male,43,3,12058025.2,2,1,1,9456217.7,0
6094,8012064537,Verma,734,Jaipur  Urban,Male,38,7,11285251.1,2,1,1,5024840.45,0
6095,8477738774,Aggarwal,587,Jaipur Gramin,Female,31,10,9404002.2,1,1,0,12598603.1,0
6096,8314686493,Agarwal,600,Jaipur City,Male,37,8,15100874.75,1,1,1,6557097.2,0
6097,8664366345,Jain,650,Jaipur  Urban,Male,41,4,13411094.3,1,1,0,5736191,0
6098,8555755847,Singh,570,Jaipur  Urban,Male,47,9,9172854.9,2,1,1,5393435.3,1
6099,8865637867,Paliwal,564,Jaipur  Urban,Female,57,5,7358343.75,1,0,1,8811126.35,0
6100,8678691135,Rathore,518,Jaipur  Urban,Male,52,9,11709239.6,1,1,0,13871319.15,1
6101,8561078165,Rathore,835,Jaipur Gramin,Male,30,2,11667330.35,2,1,0,5346949.65,0
6102,8805155214,Maheshwari,880,Jaipur City,Male,32,6,0,1,1,1,3767473.7,1
6103,8341534586,Choudhary,650,Jaipur City,Female,36,6,0,2,1,1,8324780.15,0
6104,8602373112,Maheshwari,666,Jaipur Gramin,Male,28,10,0,2,0,1,10758042.85,0
6105,8664928585,Meena,763,Jaipur  Urban,Male,50,9,9886265.85,1,1,0,15755634,1
6106,8547562131,Choudhary,620,Jaipur Gramin,Female,34,0,11155795.25,2,1,0,15574466.7,0
6107,8513863272,Maheshwari,794,Jaipur  Urban,Male,28,3,10638245.55,2,1,1,9012041.7,0
6108,8722119726,Paliwal,724,Jaipur  Urban,Male,35,5,11958741.8,2,1,0,14263872.1,0
6109,8340613718,Jain,488,Jaipur Gramin,Male,41,3,4999727.2,2,1,1,11775567.65,0
6110,8691557172,Jat,577,Jaipur  Urban,Female,26,3,8933453.25,1,1,1,15684200,1
6111,8745351092,Jat,592,Jaipur Gramin,Male,31,9,0,2,0,1,1741833.6,0
6112,8307676929,Singh,658,Jaipur Gramin,Male,23,9,14311664.2,1,1,0,11447521.2,0
6113,8455661881,Khandelwal,434,Jaipur  Urban,Male,34,1,8048017.6,2,1,0,11770647,0
6114,8656600210,Aggarwal,595,Jaipur City,Male,36,2,0,2,0,1,10672425.75,0
6115,8620556749,Maheshwari,632,Jaipur Gramin,Female,44,5,0,2,1,0,7052416.85,1
6116,8860624455,Sharma,473,Jaipur Gramin,Male,40,7,0,2,0,1,13436093.65,0
6117,8992700901,Paliwal,632,Jaipur Gramin,Male,73,0,12438027.05,1,0,1,3707331.95,0
6118,8894760587,Sharma,900,Jaipur City,Male,37,2,0,2,1,0,10197449.15,0
6119,8038775193,Meena,638,Jaipur Gramin,Female,49,5,14276829.5,1,0,0,11917102.85,0
6120,8419649562,Meena,468,Jaipur Gramin,Male,33,1,0,2,1,1,6867390.55,0
6121,8049310748,Agarwal,738,Jaipur Gramin,Male,40,7,0,1,1,1,12015524.35,0
6122,8064418062,Jat,695,Jaipur Gramin,Male,48,8,0,2,1,0,1984319.9,0
6123,8618588845,Maheshwari,623,Jaipur Gramin,Male,44,3,9942252.8,1,1,0,431389.45,1
6124,8691919348,Agarwal,438,Jaipur City,Female,33,6,0,2,1,1,8117583.3,0
6125,8439049468,Sharma,763,Jaipur City,Male,32,7,0,1,0,1,6722022.7,0
6126,8405966907,Khandelwal,481,Jaipur  Urban,Female,34,7,7925775.7,1,0,1,16983478.55,0
6127,8773092458,Verma,522,Jaipur Gramin,Female,29,5,0,2,0,1,4480311.75,0
6128,8353722587,Verma,791,Jaipur Gramin,Female,33,2,0,2,1,0,4809629.8,0
6129,8010941880,Meena,863,Jaipur Gramin,Male,35,1,0,2,0,1,287728.4,0
6130,8422700914,Khandelwal,520,Jaipur  Urban,Male,43,4,6837575.1,2,0,1,1065680.7,0
6131,8585957009,Choudhary,638,Jaipur  Urban,Female,35,2,12797687.55,2,0,0,5501421.85,0
6132,8087624243,Sharma,703,Jaipur Gramin,Male,60,9,0,3,1,1,6395927.85,1
6133,8361256507,Verma,704,Jaipur Gramin,Female,34,9,10665327.4,1,1,0,16909036.4,0
6134,8448776737,Khandelwal,680,Jaipur  Urban,Female,33,4,10801517.8,2,1,0,5865991.1,0
6135,8213729375,Maheshwari,719,Jaipur City,Female,25,8,0,2,1,1,4454379.95,0
6136,8116073436,Khandelwal,476,Jaipur City,Male,37,8,10935259.35,2,1,1,13909530.05,0
6137,8410002520,Sharma,816,Jaipur City,Female,33,6,12374351.85,1,1,1,13140877.6,0
6138,8482474811,Saini,662,Jaipur Gramin,Female,51,3,0,1,1,0,14789104.95,1
6139,8041277337,Khandelwal,452,Jaipur Gramin,Male,47,9,12316549.3,1,1,0,5211806.45,1
6140,8143714534,Khandelwal,662,Jaipur Gramin,Female,37,4,0,2,1,0,12188425.4,0
6141,8775214023,Rathore,466,Jaipur Gramin,Female,31,8,8295031,1,0,0,10557895.05,0
6142,8802109714,Jat,566,Jaipur Gramin,Male,24,1,0,2,1,1,12874171.4,0
6143,8933044469,Agarwal,786,Jaipur Gramin,Female,38,1,0,2,1,0,1762458.85,0
6144,8748267630,Sharma,815,Jaipur  Urban,Female,24,10,10387026.35,2,1,0,3714972.6,0
6145,8951307541,Rathore,712,Jaipur City,Female,46,3,12895293.05,1,1,0,15362580.4,0
6146,8621043164,Khandelwal,516,Jaipur City,Female,22,7,0,2,1,0,8854490.8,0
6147,8149461408,Saini,766,Jaipur City,Female,33,3,10381424,2,0,1,2368745.15,0
6148,8182741669,Agarwal,708,Jaipur  Urban,Male,31,2,11667138.25,2,1,0,4707918.8,0
6149,8683971711,Sharma,613,Jaipur Gramin,Female,30,9,7530501.9,1,1,0,16688258.25,0
6150,8981161196,Meena,652,Jaipur City,Male,34,6,0,2,1,1,9863928.7,0
6151,8168333293,Rathore,638,Jaipur  Urban,Male,41,8,10812452.2,4,1,0,7979363.95,1
6152,8257774370,Agarwal,752,Jaipur City,Female,31,10,8244752.65,2,0,0,6512193.4,0
6153,8253307498,Sharma,490,Jaipur Gramin,Female,64,2,0,1,1,1,516512.7,0
6154,8239250559,Rathore,540,Jaipur Gramin,Male,31,5,12087016.15,2,1,1,10388845.35,0
6155,8216312514,Saini,785,Jaipur  Urban,Female,39,3,13664719.85,1,1,1,2053262.55,0
6156,8846281554,Sharma,791,Jaipur Gramin,Male,26,4,0,2,1,0,11508542.7,0
6157,8889161097,Sharma,833,Jaipur City,Male,33,8,0,2,0,0,7763901.7,0
6158,8020937178,Paliwal,539,Jaipur Gramin,Male,29,3,0,2,1,0,12417682.3,0
6159,8457466510,Sharma,685,Jaipur Gramin,Male,31,0,9879941.85,1,1,0,14628166.8,0
6160,8588867978,Singh,787,Jaipur  Urban,Female,26,5,13187199.2,1,0,1,11477938.45,1
6161,8447791214,Aggarwal,638,Jaipur Gramin,Female,21,1,0,2,1,0,7140736.1,0
6162,8464478297,Singh,575,Jaipur Gramin,Male,38,8,0,2,0,0,7799911.95,0
6163,8331391738,Khandelwal,778,Jaipur Gramin,Male,34,5,7140804.95,1,1,1,11645093.5,0
6164,8552514839,Meena,466,Jaipur  Urban,Female,28,7,11835928.7,2,1,0,9077956.65,0
6165,8751629644,Maheshwari,732,Jaipur  Urban,Male,58,7,14459605,2,0,1,892044.4,0
6166,8722115807,Khandelwal,623,Jaipur City,Female,41,8,0,3,1,1,6788672.05,1
6167,8109292644,Saini,808,Jaipur Gramin,Male,64,2,12374153.8,1,0,1,15824692.25,0
6168,8200255619,Singh,668,Jaipur City,Male,75,7,10733285.75,1,0,1,7792256,0
6169,8064574476,Agarwal,575,Jaipur Gramin,Female,26,10,13811034.6,1,1,1,1568947,0
6170,8229738952,Jain,530,Jaipur Gramin,Male,29,9,0,1,1,0,709099.75,0
6171,8155444664,Aggarwal,731,Jaipur Gramin,Female,32,2,7464265.65,1,1,0,11779161.45,0
6172,8855335009,Choudhary,620,Jaipur City,Male,61,3,9678010.75,1,1,1,3240983.7,0
6173,8240522359,Jain,562,Jaipur  Urban,Male,43,5,7447074.4,4,1,1,9108209,1
6174,8816562468,Aggarwal,803,Jaipur Gramin,Female,73,1,0,1,1,1,2532329.35,0
6175,8761095983,Jat,610,Jaipur  Urban,Male,26,1,9065163.3,1,0,1,600406,0
6176,8391431878,Jat,484,Jaipur City,Male,31,4,0,2,1,1,1839830.1,0
6177,8380474368,Sharma,610,Jaipur  Urban,Female,38,8,8810548.35,2,1,1,11651788.1,0
6178,8938895931,Khandelwal,757,Jaipur  Urban,Male,37,3,9934845.05,1,0,0,14681059.75,1
6179,8677484793,Aggarwal,900,Jaipur  Urban,Female,40,4,8329191.65,2,0,0,9068736.7,0
6180,8917992075,Choudhary,589,Jaipur  Urban,Female,34,4,12804000.5,1,1,1,6143361.4,0
6181,8649300116,Aggarwal,575,Jaipur City,Male,37,4,0,2,1,1,2740963.55,0
6182,8845909386,Meena,564,Jaipur Gramin,Male,39,10,11022365.65,2,1,0,6846950.6,0
6183,8077166635,Jain,731,Jaipur Gramin,Female,37,9,0,2,1,0,1422355.15,0
6184,8699041650,Meena,613,Jaipur Gramin,Male,53,3,7103302.1,1,0,0,105016.65,0
6185,8905070265,Choudhary,810,Jaipur City,Male,48,4,15142317.35,2,0,0,4264314.85,1
6186,8978300523,Aggarwal,719,Jaipur  Urban,Male,36,6,12506707.9,1,1,1,2863471.5,0
6187,8360168525,Rathore,622,Jaipur Gramin,Male,37,5,0,1,0,1,15189963.25,1
6188,8481459425,Paliwal,725,Jaipur Gramin,Male,36,3,9721484.85,1,0,1,5678890.8,0
6189,8521681057,Khandelwal,882,Jaipur  Urban,Female,47,5,9204588.8,2,1,1,3898061.75,1
6190,8819332888,Meena,737,Jaipur  Urban,Male,39,3,12740436.65,2,1,0,5426940.6,0
6191,8854319356,Meena,577,Jaipur City,Female,43,4,14464696.5,1,0,1,8520061.7,0
6192,8983421059,Verma,590,Jaipur Gramin,Male,27,3,0,2,1,1,1669880.25,0
6193,8159641023,Aggarwal,541,Jaipur Gramin,Male,43,7,0,2,1,0,15163462.8,0
6194,8631334771,Khandelwal,707,Jaipur  Urban,Female,28,2,5508707.2,2,0,0,6680247.75,0
6195,8874178422,Maheshwari,605,Jaipur Gramin,Female,56,0,5332275.25,1,0,1,10621137.6,0
6196,8621914585,Meena,497,Jaipur Gramin,Female,41,7,0,2,1,1,319315.25,0
6197,8668948111,Singh,718,Jaipur Gramin,Male,29,5,8089241.75,1,1,1,12981474.55,0
6198,8873271049,Saini,577,Jaipur  Urban,Female,54,2,12963264.15,1,1,0,15945828.3,1
6199,8560157804,Paliwal,568,Jaipur  Urban,Male,31,0,11444756.15,1,1,1,5982426.65,0
6200,8789087266,Paliwal,419,Jaipur City,Female,33,8,0,2,0,0,13327395.65,0
6201,8961129938,Aggarwal,900,Jaipur  Urban,Female,31,3,4359944.95,1,0,0,3020447.8,0
6202,8696186757,Jat,614,Jaipur Gramin,Male,41,5,0,3,0,0,12856778.7,0
6203,8035211538,Verma,708,Jaipur City,Male,49,8,9912932.05,1,0,1,4335959.65,0
6204,8152953018,Meena,599,Jaipur City,Female,49,2,0,2,1,0,9451195.05,0
6205,8639157172,Verma,478,Jaipur Gramin,Male,33,1,16839678.1,1,1,0,5921469.75,0
6206,8777906418,Jat,476,Jaipur Gramin,Female,29,4,7279978.85,1,0,0,5374806.7,1
6207,8232657159,Choudhary,842,Jaipur City,Male,51,7,0,1,0,1,3472742.15,0
6208,8906328013,Choudhary,653,Jaipur Gramin,Male,33,9,12004973.3,1,1,0,8132209.25,0
6209,8252719625,Jain,737,Jaipur Gramin,Male,34,10,0,2,1,1,6819901.9,0
6210,8056163266,Maheshwari,708,Jaipur Gramin,Female,40,9,6599569.15,1,0,0,16069385.15,1
6211,8889192101,Aggarwal,506,Jaipur City,Male,30,3,0,2,1,0,12366722.25,0
6212,8737449500,Jat,482,Jaipur  Urban,Female,40,7,9970864.65,1,0,0,16683657.2,0
6213,8762278670,Gupta,756,Jaipur City,Female,62,2,0,2,1,1,13845573.5,0
6214,8660413526,Maheshwari,588,Jaipur  Urban,Male,36,6,7848958.65,2,1,1,14846744.3,0
6215,8009548310,Jain,430,Jaipur  Urban,Male,35,9,12476344.2,2,1,1,295492.3,0
6216,8109404369,Gupta,544,Jaipur City,Male,41,6,12322836.75,1,1,1,1644318.2,0
6217,8260835373,Aggarwal,455,Jaipur Gramin,Male,47,1,0,1,1,0,8098020.55,0
6218,8273198546,Sharma,712,Jaipur Gramin,Male,31,2,0,2,1,1,9159541.35,0
6219,8846841371,Khandelwal,728,Jaipur City,Male,43,10,0,2,1,0,10061297,0
6220,8949526553,Verma,643,Jaipur City,Male,37,1,9786667.1,1,1,0,4461140.85,0
6221,8583826697,Verma,848,Jaipur Gramin,Male,33,10,8666002.45,2,1,0,15143060.25,0
6222,8053428398,Khandelwal,496,Jaipur Gramin,Female,45,0,13995209.2,3,1,0,4242819.2,1
6223,8197150006,Khandelwal,578,Jaipur Gramin,Male,31,2,0,2,1,1,2868497.55,0
6224,8919880001,Choudhary,713,Jaipur Gramin,Male,32,0,7816301.65,1,1,1,5096753.85,0
6225,8147150402,Maheshwari,812,Jaipur Gramin,Male,39,8,0,2,1,1,1582149.2,0
6226,8258012294,Gupta,598,Jaipur  Urban,Male,32,9,10534781,2,1,0,16906025.7,0
6227,8731721782,Khandelwal,794,Jaipur  Urban,Male,46,6,10503600.45,3,0,1,4846204.45,1
6228,8324284367,Singh,586,Jaipur Gramin,Female,34,3,10266119.8,1,1,1,11197009.2,0
6229,8617133641,Agarwal,676,Jaipur  Urban,Male,42,5,7671147.15,1,1,1,6729427.05,0
6230,8403471890,Khandelwal,812,Jaipur Gramin,Male,36,7,0,1,1,0,9050148.9,0
6231,8901655707,Meena,590,Jaipur Gramin,Male,71,4,0,2,0,1,1446150.9,0
6232,8637380432,Meena,637,Jaipur  Urban,Male,48,1,9043700.8,1,1,1,12806220.7,1
6233,8144849563,Meena,750,Jaipur  Urban,Female,47,1,8915431.55,1,0,0,7362917.6,1
6234,8639269010,Choudhary,900,Jaipur Gramin,Male,34,2,6126775.35,1,1,1,9840274.05,0
6235,8617764324,Paliwal,528,Jaipur Gramin,Male,37,6,0,2,1,0,12069905.65,0
6236,8663149142,Jat,689,Jaipur City,Male,36,2,0,2,1,1,15536909.45,0
6237,8039692307,Singh,544,Jaipur Gramin,Male,38,3,8486797.8,1,0,0,15972834.5,0
6238,8249782604,Rathore,636,Jaipur Gramin,Female,28,1,0,2,1,1,11327761.3,0
6239,8756749194,Paliwal,439,Jaipur Gramin,Male,26,3,13329335.35,1,1,1,11685467.65,0
6240,8565537711,Gupta,616,Jaipur Gramin,Male,47,6,12412952.9,1,1,1,6557421.9,0
6241,8456197006,Singh,550,Jaipur Gramin,Male,27,1,12944088.15,1,1,0,15578047.75,0
6242,8621310352,Jain,810,Jaipur  Urban,Female,33,1,10106253.5,2,1,1,2240804,0
6243,8373326773,Gupta,718,Jaipur  Urban,Male,52,8,8226418.15,1,1,1,13036765.35,0
6244,8801330481,Singh,610,Jaipur  Urban,Male,33,1,8735676.95,2,1,0,6009974.3,0
6245,8367159323,Agarwal,684,Jaipur City,Female,20,4,0,2,1,0,10179535.4,0
6246,8715508178,Maheshwari,589,Jaipur City,Male,39,8,0,2,0,0,3603340.4,0
6247,8281980163,Singh,640,Jaipur Gramin,Male,40,4,12799130,1,0,1,2947002.7,1
6248,8637918741,Singh,694,Jaipur Gramin,Female,46,1,0,2,0,0,6979026.15,0
6249,8373402581,Paliwal,588,Jaipur Gramin,Male,47,3,0,2,1,0,14600832.5,0
6250,8255260534,Singh,726,Jaipur Gramin,Female,48,0,0,2,0,0,12730671.85,0
6251,8957562980,Verma,610,Jaipur Gramin,Male,42,10,13901585.95,1,1,0,3303682.25,0
6252,8456135206,Paliwal,698,Jaipur Gramin,Female,37,8,12629310.2,1,1,0,2990230.3,0
6253,8807705377,Sharma,595,Jaipur  Urban,Male,32,3,8220270.95,2,0,0,3552011.45,0
6254,8102041952,Aggarwal,354,Jaipur  Urban,Female,34,5,9010985.15,1,1,1,1477008.45,1
6255,8764587307,Jain,574,Jaipur  Urban,Male,37,1,11530324.8,1,1,0,16951396.15,0
6256,8105141929,Maheshwari,536,Jaipur  Urban,Male,55,4,9465834.6,3,1,0,1438393.8,1
6257,8679823655,Jain,611,Jaipur Gramin,Male,37,1,3344310.55,1,1,1,15154810.65,1
6258,8174817632,Verma,809,Jaipur  Urban,Male,36,9,11118830.45,1,1,0,12944673.8,0
6259,8059296651,Khandelwal,734,Jaipur Gramin,Female,27,2,11305808.35,1,1,0,10778777.75,0
6260,8051100801,Jat,582,Jaipur  Urban,Female,28,9,11503686.65,2,1,1,3432776.85,0
6261,8051839994,Maheshwari,679,Jaipur Gramin,Female,32,10,9565608.45,2,1,1,2919795.9,0
6262,8185353371,Aggarwal,730,Jaipur City,Female,35,8,10418508.65,1,0,0,16915499.8,0
6263,8081335369,Gupta,496,Jaipur Gramin,Male,44,1,5402771.7,2,0,1,4473527.05,1
6264,8025443669,Jat,414,Jaipur Gramin,Male,37,3,0,2,1,1,15301053.15,0
6265,8454233552,Aggarwal,708,Jaipur  Urban,Male,44,9,8531333.55,2,0,0,3004098.05,0
6266,8542030937,Agarwal,900,Jaipur Gramin,Male,37,6,0,2,1,0,9289753.7,0
6267,8914271810,Agarwal,524,Jaipur City,Female,33,7,11566970,1,1,0,5333455.9,0
6268,8271272390,Saini,726,Jaipur  Urban,Male,48,9,9704378.6,1,0,0,14728222,1
6269,8384274155,Khandelwal,684,Jaipur Gramin,Female,45,5,4070218.2,1,1,1,4618920.4,0
6270,8702274247,Paliwal,662,Jaipur City,Female,36,1,0,2,1,1,1640736.3,0
6271,8949928915,Rathore,715,Jaipur City,Male,24,9,0,1,0,0,925099.2,0
6272,8711587147,Agarwal,776,Jaipur Gramin,Male,49,6,17246894.4,1,1,1,1470391.2,1
6273,8315257570,Gupta,493,Jaipur Gramin,Female,46,1,0,1,1,1,9841255.8,1
6274,8899777488,Sharma,772,Jaipur City,Male,43,2,13753610.3,2,0,1,7924453.1,1
6275,8764077403,Meena,518,Jaipur  Urban,Male,52,3,9417317.45,1,1,0,12639905.45,1
6276,8428853480,Saini,650,Jaipur City,Female,33,9,0,2,1,1,12790386.9,0
6277,8336631561,Meena,545,Jaipur  Urban,Female,54,6,9244175,1,1,0,3477717.2,1
6278,8547634773,Jain,605,Jaipur City,Female,34,3,0,2,1,0,3279954.5,0
6279,8313441279,Khandelwal,602,Jaipur Gramin,Female,72,3,0,2,1,1,14557156.1,0
6280,8147781733,Singh,788,Jaipur City,Female,55,9,9970000.2,4,1,0,8005934.95,1
6281,8636285408,Rathore,469,Jaipur  Urban,Male,26,4,8691346.9,1,1,1,12401575.65,0
6282,8054260949,Jain,900,Jaipur Gramin,Male,31,4,0,2,0,0,12945353.8,0
6283,8018988196,Aggarwal,505,Jaipur Gramin,Male,22,5,0,2,1,1,8485418.25,0
6284,8669901772,Maheshwari,751,Jaipur Gramin,Male,37,2,11224923.2,2,1,0,2953238.3,0
6285,8487678655,Jain,595,Jaipur Gramin,Male,33,8,0,1,1,0,10301090.5,1
6286,8013826382,Choudhary,900,Jaipur  Urban,Female,35,7,9714242,1,0,1,11021150.15,0
6287,8747575381,Khandelwal,644,Jaipur Gramin,Female,41,9,0,2,1,0,12365575.6,0
6288,8291183325,Agarwal,708,Jaipur City,Male,32,2,6467478.3,1,0,1,12904926.1,0
6289,8921863018,Sharma,707,Jaipur Gramin,Male,40,8,13623142.95,1,1,0,4220780.4,0
6290,8960271783,Rathore,640,Jaipur City,Male,63,4,9736971,1,1,0,6277783.8,1
6291,8591429220,Maheshwari,546,Jaipur Gramin,Female,27,8,8670014.45,1,1,1,9924345,0
6292,8240389857,Meena,556,Jaipur City,Male,24,7,0,2,0,0,1387162.6,0
6293,8026126699,Saini,473,Jaipur Gramin,Female,33,1,11717505,1,0,1,7673277.25,0
6294,8169642043,Agarwal,521,Jaipur Gramin,Male,27,9,0,2,1,0,13714251.05,0
6295,8932949473,Gupta,715,Jaipur  Urban,Male,42,7,13797081.85,1,1,0,10290260.65,0
6296,8704914681,Agarwal,522,Jaipur City,Female,50,1,11924869.3,3,0,0,5910153.7,1
6297,8356188719,Saini,600,Jaipur Gramin,Male,34,0,0,2,0,1,319279.55,0
6298,8758456436,Saini,848,Jaipur Gramin,Female,34,1,0,1,0,0,9728091.05,0
6299,8597513065,Choudhary,737,Jaipur Gramin,Female,52,2,0,1,0,1,12243831.8,1
6300,8414727058,Paliwal,588,Jaipur Gramin,Male,24,7,10746680.9,1,1,0,4996394.35,0
6301,8408990663,Agarwal,617,Jaipur Gramin,Female,41,3,10495378.4,1,1,1,15234339.2,0
6302,8274303974,Jain,799,Jaipur  Urban,Female,45,6,8300501.6,1,1,0,10823248.05,0
6303,8109229600,Agarwal,548,Jaipur City,Male,42,4,0,2,0,1,7364602.3,0
6304,8135807019,Khandelwal,826,Jaipur  Urban,Female,49,4,11683759.15,1,1,0,15655154.65,1
6305,8822510076,Khandelwal,658,Jaipur Gramin,Female,38,2,0,2,0,1,811876.65,0
6306,8036509659,Singh,751,Jaipur  Urban,Female,33,7,8418936.35,2,1,1,4764510.1,0
6307,8572732580,Choudhary,808,Jaipur Gramin,Male,33,9,0,2,1,1,95056.35,0
6308,8647105903,Jat,580,Jaipur  Urban,Male,27,4,9002130.7,2,1,1,16637223.4,0
6309,8316364067,Jat,558,Jaipur  Urban,Male,52,5,8306229.75,2,1,0,14881029.9,1
6310,8271659856,Singh,726,Jaipur Gramin,Male,25,9,0,2,0,1,9548151.15,0
6311,8784807767,Aggarwal,702,Jaipur City,Male,43,4,8278335.3,2,1,0,3736330.55,0
6312,8015745940,Jat,769,Jaipur Gramin,Male,29,8,0,2,1,1,9859534.2,0
6313,8862251905,Khandelwal,670,Jaipur  Urban,Female,28,9,12989069.3,1,1,0,14168018.45,0
6314,8945177374,Singh,570,Jaipur Gramin,Male,27,3,11840642.8,1,1,0,8486738.3,0
6315,8973542251,Verma,893,Jaipur Gramin,Female,41,10,6487169.4,1,1,1,11999890.3,1
6316,8594986720,Paliwal,551,Jaipur City,Male,67,9,10703144.75,1,1,0,14952430.75,1
6317,8827222301,Paliwal,750,Jaipur Gramin,Male,37,6,10569612.3,2,0,1,15043668.9,0
6318,8497044683,Jain,420,Jaipur Gramin,Male,29,7,9961983,1,1,1,3695853.55,0
6319,8353008299,Agarwal,766,Jaipur  Urban,Female,57,9,12612694.4,1,0,0,13179004.35,1
6320,8963886603,Jain,650,Jaipur  Urban,Female,19,3,9681965.8,1,1,1,14971662,0
6321,8529957682,Singh,622,Jaipur City,Male,32,5,11345467.65,1,0,1,13161689,0
6322,8660613240,Maheshwari,588,Jaipur Gramin,Male,47,0,10019742.2,1,1,1,698229.1,0
6323,8711742384,Sharma,762,Jaipur Gramin,Male,50,2,0,2,0,1,12501433.65,0
6324,8922320627,Agarwal,540,Jaipur Gramin,Male,34,8,10400557.5,1,0,0,9902121.75,0
6325,8918007447,Verma,755,Jaipur City,Female,28,0,0,2,1,1,2649030.1,1
6326,8455130775,Verma,772,Jaipur  Urban,Male,59,5,9229754.75,1,1,1,16330813.7,1
6327,8675679225,Jain,546,Jaipur Gramin,Male,31,8,12399437.9,1,1,0,11686754.55,0
6328,8146476219,Meena,680,Jaipur City,Female,36,3,10331118.45,2,1,1,15881545.35,0
6329,8750240650,Agarwal,828,Jaipur City,Female,41,7,9308237.8,1,0,0,7375992.3,0
6330,8756297740,Rathore,752,Jaipur  Urban,Male,34,2,12444604.35,1,1,1,6126266.2,0
6331,8656966234,Verma,773,Jaipur Gramin,Female,39,6,0,1,0,0,906319.3,0
6332,8242248265,Paliwal,635,Jaipur  Urban,Male,35,8,9548120.55,1,1,1,7735086.7,0
6333,8008890111,Sharma,623,Jaipur Gramin,Female,35,4,7685115.2,1,1,1,1747192.85,0
6334,8044010951,Paliwal,641,Jaipur Gramin,Male,34,8,8950726.1,1,1,1,10469022.45,0
6335,8876892607,Choudhary,610,Jaipur City,Female,35,6,0,2,1,1,12194378.8,0
6336,8976783123,Aggarwal,488,Jaipur Gramin,Female,35,1,0,2,0,0,7831180.9,0
6337,8583511879,Maheshwari,523,Jaipur  Urban,Female,35,4,10329230.6,1,0,0,6560165.7,0
6338,8136061768,Meena,756,Jaipur City,Female,43,1,8836632.3,1,1,1,16460263.6,0
6339,8996764742,Choudhary,580,Jaipur  Urban,Male,39,8,8750325.85,1,0,0,4493260.65,0
6340,8990720589,Meena,653,Jaipur Gramin,Female,24,8,7884646.75,1,1,0,3051223.75,0
6341,8605986587,Paliwal,828,Jaipur City,Male,37,8,0,2,1,1,12700564.85,0
6342,8850384001,Khandelwal,848,Jaipur  Urban,Female,40,1,11440167.85,1,1,1,3931560.25,0
6343,8343522168,Sharma,577,Jaipur Gramin,Female,37,10,8861677.55,1,1,0,7361796.45,0
6344,8518744106,Paliwal,632,Jaipur City,Female,55,6,0,1,0,0,7815234.9,1
6345,8385798663,Khandelwal,900,Jaipur Gramin,Male,41,3,0,2,1,0,10955850.6,0
6346,8756409356,Jain,785,Jaipur Gramin,Female,35,4,0,2,1,0,3810610.35,0
6347,8389784276,Saini,541,Jaipur  Urban,Male,50,1,10318998.3,1,0,1,7183217.4,1
6348,8161290862,Agarwal,644,Jaipur  Urban,Male,35,8,12505863.85,2,1,1,7204659.5,0
6349,8426763227,Paliwal,719,Jaipur City,Male,31,8,10703838.35,2,1,0,12551224.95,0
6350,8688571170,Khandelwal,530,Jaipur Gramin,Female,25,7,0,2,0,1,7003411.8,0
6351,8724814358,Singh,648,Jaipur  Urban,Male,48,1,9485942.2,1,0,1,11559624.3,0
6352,8138107181,Gupta,544,Jaipur Gramin,Female,27,3,0,2,0,0,13583013.6,0
6353,8781012733,Rathore,769,Jaipur Gramin,Male,38,9,0,2,1,0,1222215.85,0
6354,8231638657,Choudhary,598,Jaipur Gramin,Male,35,8,9708071,1,1,1,6317442.25,0
6355,8071066738,Agarwal,672,Jaipur City,Female,42,5,0,3,1,1,16066380.4,1
6356,8132178379,Rathore,622,Jaipur City,Male,41,4,9796389.4,1,0,0,11597038.75,0
6357,8020355903,Saini,656,Jaipur Gramin,Male,43,9,0,2,1,1,6671513.15,0
6358,8504498680,Maheshwari,469,Jaipur Gramin,Female,68,3,9143586.85,1,0,1,9664159.15,0
6359,8642309427,Maheshwari,662,Jaipur Gramin,Female,32,2,0,2,1,0,4643389.35,0
6360,8045790115,Gupta,660,Jaipur  Urban,Female,45,9,12951212.85,3,1,0,12820992.85,1
6361,8445986754,Rathore,376,Jaipur  Urban,Male,39,1,11132430.45,2,1,1,13505802.15,0
6362,8990949700,Rathore,379,Jaipur  Urban,Female,25,0,8307812.45,2,1,1,13644483.05,0
6363,8530739778,Choudhary,635,Jaipur City,Male,34,8,0,2,1,1,15350576.7,0
6364,8779815672,Jat,694,Jaipur City,Female,40,4,9672508.7,1,1,0,1412594.6,0
6365,8433913006,Gupta,512,Jaipur City,Male,28,6,10913688.05,2,1,0,6793197.45,0
6366,8892840786,Agarwal,772,Jaipur City,Female,48,5,10047653.65,2,0,0,15851576.9,1
6367,8471193089,Saini,700,Jaipur  Urban,Male,73,9,10602072.1,1,1,1,4419957.5,0
6368,8843886564,Gupta,523,Jaipur Gramin,Female,41,9,0,1,1,0,10310426.9,0
6369,8845822911,Jain,676,Jaipur City,Male,52,0,11585385.25,1,1,0,12290430.5,1
6370,8006142453,Sharma,655,Jaipur Gramin,Female,38,2,0,2,0,0,15193982.05,0
6371,8117233616,Jain,728,Jaipur Gramin,Male,35,2,0,3,1,1,8002605.5,0
6372,8745486669,Jat,602,Jaipur Gramin,Male,34,5,0,2,1,1,6580228.25,0
6373,8352594203,Sharma,642,Jaipur Gramin,Female,47,2,10686620.75,2,1,0,5375142.45,0
6374,8892645850,Saini,596,Jaipur Gramin,Male,67,2,0,2,0,1,9234897.25,0
6375,8477885493,Maheshwari,484,Jaipur Gramin,Male,38,1,0,2,1,1,8088025.4,0
6376,8449328585,Choudhary,509,Jaipur City,Female,64,5,0,1,1,0,11566769.4,1
6377,8916387394,Choudhary,720,Jaipur Gramin,Male,46,5,8149193.1,1,1,0,8353205.85,1
6378,8989967779,Khandelwal,710,Jaipur Gramin,Male,33,9,0,1,1,0,9648004.05,1
6379,8580038245,Saini,554,Jaipur Gramin,Male,37,2,0,1,0,1,4464637.75,1
6380,8333144695,Meena,695,Jaipur Gramin,Male,37,7,6312102.55,1,1,0,16542528.3,0
6381,8901482904,Maheshwari,604,Jaipur  Urban,Male,35,1,10489653.65,1,1,0,12966060.65,1
6382,8720004053,Saini,744,Jaipur City,Male,33,3,10521632.35,2,1,1,12146792.4,0
6383,8084226606,Jain,836,Jaipur Gramin,Male,24,5,0,2,1,0,15491896.85,0
6384,8487755997,Jat,593,Jaipur Gramin,Male,36,6,13079812.75,1,0,0,11511696.2,0
6385,8736019988,Paliwal,515,Jaipur Gramin,Female,31,7,0,2,1,1,14934318.95,0
6386,8240568477,Verma,607,Jaipur  Urban,Female,32,1,9035657.25,2,0,1,5020206.25,0
6387,8099463515,Choudhary,625,Jaipur City,Female,40,7,0,2,0,1,11159106,1
6388,8013776030,Aggarwal,496,Jaipur Gramin,Female,43,9,0,2,1,0,12962483,0
6389,8638399352,Jat,784,Jaipur  Urban,Male,44,3,11736499.95,1,1,0,1319462.65,1
6390,8706061209,Paliwal,606,Jaipur Gramin,Female,30,9,11510896.35,1,0,1,15845602.25,0
6391,8388183274,Singh,569,Jaipur City,Female,37,7,0,2,1,0,2742293.8,0
6392,8232397461,Jat,751,Jaipur Gramin,Female,38,5,10784427.7,1,1,0,10884444.65,0
6393,8301154708,Jat,613,Jaipur City,Female,28,3,8192442.8,2,1,0,15420639.65,0
6394,8180221184,Maheshwari,592,Jaipur  Urban,Female,41,4,10174763.5,2,1,1,9331579.65,0
6395,8112947876,Khandelwal,439,Jaipur  Urban,Male,41,2,12928685.3,2,1,0,15459762.6,0
6396,8546239052,Rathore,769,Jaipur  Urban,Female,36,0,10852408.15,2,1,0,6312113.6,0
6397,8047367764,Jat,701,Jaipur  Urban,Female,44,2,11371033.1,2,0,1,4238528.4,0
6398,8638057005,Khandelwal,540,Jaipur City,Female,33,9,6186982.55,1,1,1,8806685.1,0
6399,8163498888,Choudhary,592,Jaipur City,Male,26,9,6479286.5,1,1,0,14243009.7,0
6400,8730800016,Verma,601,Jaipur  Urban,Male,48,9,13908614.6,1,0,1,3554401.65,1
6401,8676957230,Verma,691,Jaipur City,Female,30,5,0,2,0,0,15220659.3,0
6402,8020274388,Jat,547,Jaipur Gramin,Female,46,10,0,2,0,0,9280660.4,0
6403,8414185950,Singh,743,Jaipur Gramin,Male,36,3,13210969.45,1,1,1,16986512.2,0
6404,8056891878,Sharma,900,Jaipur  Urban,Male,55,0,8390425.65,1,1,1,7107459.45,1
6405,8241533493,Choudhary,659,Jaipur City,Female,49,2,0,1,1,0,7213427.25,1
6406,8159137109,Khandelwal,491,Jaipur City,Male,41,7,10768123,1,0,1,9755920.05,0
6407,8693254667,Choudhary,701,Jaipur Gramin,Male,33,4,11959551.85,1,1,0,8802424.05,0
6408,8151409343,Singh,847,Jaipur  Urban,Male,30,8,14286700.55,1,1,0,7227410.6,1
6409,8849255926,Gupta,755,Jaipur City,Male,44,4,9156789.05,2,1,0,13010513.95,0
6410,8879590405,Jain,700,Jaipur Gramin,Female,33,9,0,2,1,1,3296675.7,0
6411,8542755636,Singh,707,Jaipur City,Female,63,1,0,2,1,1,15854720.2,0
6412,8382958735,Khandelwal,686,Jaipur  Urban,Female,21,1,3038043.65,1,1,0,2447144.9,0
6413,8960750425,Maheshwari,602,Jaipur  Urban,Female,53,5,8352851.4,1,0,1,3828254.65,1
6414,8477013252,Singh,767,Jaipur Gramin,Female,20,4,11373083.3,1,0,1,12770893.85,0
6415,8990585416,Khandelwal,622,Jaipur Gramin,Female,21,2,10683037.15,1,0,0,4909770,0
6416,8122698413,Agarwal,689,Jaipur Gramin,Female,42,9,0,2,1,0,364881.2,0
6417,8098242791,Meena,794,Jaipur Gramin,Male,26,6,11086446.3,1,1,0,14736100.65,0
6418,8092723469,Khandelwal,828,Jaipur City,Male,37,6,0,2,1,1,10156140.85,0
6419,8382122923,Singh,785,Jaipur City,Female,27,8,0,2,0,0,10354798.6,0
6420,8434838974,Meena,755,Jaipur Gramin,Male,44,6,0,2,1,0,12897341.55,0
6421,8614529897,Maheshwari,607,Jaipur  Urban,Female,47,0,11656747,2,0,1,4571658.7,0
6422,8266208477,Maheshwari,619,Jaipur Gramin,Male,23,8,6214600.75,1,1,1,5332309.25,0
6423,8463380531,Khandelwal,806,Jaipur Gramin,Male,47,9,12949495.85,1,0,1,1502101.3,0
6424,8298592371,Khandelwal,662,Jaipur City,Male,41,8,9787297.8,1,1,0,16056961.55,0
6425,8252805657,Sharma,772,Jaipur Gramin,Male,43,5,0,2,0,0,9611731.15,1
6426,8702463540,Meena,832,Jaipur Gramin,Male,39,3,11714489.2,1,0,0,7139812.15,0
6427,8682278764,Gupta,772,Jaipur City,Male,45,7,13373242.1,1,1,0,10661075.7,0
6428,8798212636,Singh,775,Jaipur Gramin,Male,37,2,0,2,1,0,12171494.25,0
6429,8285373458,Singh,632,Jaipur  Urban,Female,39,5,10589889.05,1,1,0,7916271.85,1
6430,8868762414,Saini,736,Jaipur City,Male,38,6,9943366.3,2,0,1,6463262.3,0
6431,8952436103,Meena,694,Jaipur City,Female,40,3,10913862.3,1,1,0,14335955.5,0
6432,8069184278,Choudhary,528,Jaipur City,Male,39,1,0,1,0,1,9215649.85,0
6433,8502704745,Singh,618,Jaipur  Urban,Female,33,3,11700866.25,2,1,1,14590893.45,0
6434,8997454242,Paliwal,378,Jaipur City,Male,53,5,14217052.4,1,1,1,1900366.25,0
6435,8794251230,Maheshwari,634,Jaipur Gramin,Female,45,8,0,2,1,0,16481760.1,0
6436,8376981812,Jain,720,Jaipur Gramin,Male,26,4,10115813.45,1,1,0,12063746.55,0
6437,8487853794,Saini,628,Jaipur  Urban,Male,33,2,6800198.05,1,1,1,8846767.7,0
6438,8722330463,Meena,628,Jaipur Gramin,Female,37,4,11918009.8,1,1,1,7975748.05,0
6439,8393101497,Choudhary,695,Jaipur Gramin,Female,44,3,10093132.9,2,1,0,133357.35,0
6440,8626258180,Choudhary,638,Jaipur City,Male,37,1,11747601.8,1,1,0,5166139.35,1
6441,8921798159,Maheshwari,828,Jaipur Gramin,Female,47,10,12634077.85,1,0,1,1370196.6,1
6442,8248198416,Paliwal,497,Jaipur Gramin,Male,45,1,15200362.15,1,1,0,5131890.3,0
6443,8039610527,Jat,469,Jaipur Gramin,Male,33,5,7066415.5,1,1,0,15975456.75,0
6444,8604101477,Verma,784,Jaipur Gramin,Male,92,3,10328631.35,1,0,1,16622939.15,0
6445,8547848953,Sharma,712,Jaipur  Urban,Female,37,6,8151503.4,1,1,1,3246680.4,0
6446,8930427103,Gupta,695,Jaipur Gramin,Female,30,1,9566190.7,1,1,1,15251992.85,0
6447,8456926463,Rathore,515,Jaipur City,Male,34,9,0,1,1,1,7922698.7,0
6448,8804368563,Maheshwari,623,Jaipur City,Female,31,3,12048904.7,1,0,1,5230208.1,0
6449,8315627539,Singh,696,Jaipur City,Female,37,6,10551948.45,2,1,0,7890239.75,0
6450,8659486319,Agarwal,712,Jaipur  Urban,Male,45,2,9906460.15,2,0,0,1966923.8,1
6451,8099414647,Meena,881,Jaipur Gramin,Female,28,6,0,1,1,0,6314440.05,0
6452,8588267201,Meena,643,Jaipur City,Female,29,6,13393999.95,2,1,1,8593703.15,0
6453,8001433043,Saini,526,Jaipur City,Male,43,5,0,2,1,0,10789367.05,0
6454,8029077102,Saini,559,Jaipur  Urban,Female,44,5,12021464.15,2,0,0,5814742.9,0
6455,8543507968,Khandelwal,596,Jaipur City,Male,35,0,10838434.15,1,1,1,13205288.9,0
6456,8677877817,Agarwal,733,Jaipur Gramin,Female,29,9,0,2,0,1,274958,0
6457,8973327452,Meena,607,Jaipur Gramin,Male,31,10,0,2,1,0,16592799,0
6458,8061521116,Aggarwal,618,Jaipur City,Male,51,6,6954571.65,1,1,1,14377697.3,0
6459,8058477266,Gupta,587,Jaipur Gramin,Male,36,1,8576120.9,1,1,1,5786386.9,0
6460,8035495143,Khandelwal,607,Jaipur  Urban,Male,45,5,5425756.55,1,1,1,7965163,0
6461,8382226181,Khandelwal,578,Jaipur Gramin,Male,29,4,0,2,0,0,13273027.95,0
6462,8991219051,Maheshwari,732,Jaipur Gramin,Female,36,4,9867230.1,1,1,0,4981136.85,0
6463,8630968934,Meena,440,Jaipur Gramin,Male,57,1,0,2,1,1,9728145.45,0
6464,8224029045,Singh,779,Jaipur Gramin,Male,30,1,0,2,0,1,10756890.25,0
6465,8801657453,Verma,557,Jaipur  Urban,Female,33,2,9839728.35,1,0,1,9549767.85,1
6466,8012099015,Agarwal,756,Jaipur City,Male,26,6,0,2,1,1,15793739.5,0
6467,8392374359,Khandelwal,694,Jaipur  Urban,Male,32,4,11868210.85,1,1,1,10050019.2,1
6468,8137436179,Singh,528,Jaipur Gramin,Female,31,7,0,1,0,1,15559386,1
6469,8708015093,Aggarwal,800,Jaipur Gramin,Female,35,6,9823997.4,1,0,1,2373408.25,0
6470,8939714573,Gupta,618,Jaipur Gramin,Female,23,4,0,2,1,0,16700476.15,0
6471,8076712068,Meena,580,Jaipur  Urban,Female,41,5,6600046,1,1,0,16186509.2,0
6472,8094209960,Rathore,900,Jaipur Gramin,Female,40,5,0,2,1,0,2977902.75,0
6473,8173985575,Jat,661,Jaipur  Urban,Female,34,10,12661809.1,1,1,0,5643101.55,1
6474,8667194401,Singh,838,Jaipur Gramin,Male,22,8,0,2,1,0,9147311.55,0
6475,8527899515,Paliwal,714,Jaipur Gramin,Male,37,2,0,2,1,1,8473875.25,0
6476,8715599055,Verma,476,Jaipur  Urban,Male,41,5,6846138.85,1,0,0,7541983.7,1
6477,8872181548,Rathore,767,Jaipur Gramin,Male,40,4,0,2,0,0,14732340.25,0
6478,8452447430,Jain,539,Jaipur Gramin,Female,34,4,0,2,0,0,11854403.45,0
6479,8652628559,Saini,900,Jaipur Gramin,Male,35,9,8674289.95,1,1,1,320425.35,0
6480,8374014534,Maheshwari,658,Jaipur City,Male,49,5,0,1,1,0,12745446.55,1
6481,8411221146,Singh,695,Jaipur Gramin,Female,24,6,9770644.6,2,0,1,11540301.25,0
6482,8156853837,Saini,607,Jaipur  Urban,Male,39,8,11560038.25,2,1,0,2695225.05,0
6483,8413459533,Meena,900,Jaipur Gramin,Male,32,4,13260142.8,2,1,1,12892571.35,0
6484,8516635819,Saini,623,Jaipur  Urban,Male,41,3,12577803.6,2,1,0,14494100.55,0
6485,8664092960,Jain,743,Jaipur City,Male,44,2,0,2,1,0,16709486.15,0
6486,8190240288,Verma,648,Jaipur  Urban,Male,26,5,7684235.45,1,1,1,280385.25,0
6487,8898998059,Gupta,732,Jaipur Gramin,Male,40,5,0,2,0,0,13844711.6,0
6488,8371281683,Choudhary,576,Jaipur Gramin,Male,31,2,0,2,0,1,5441210.4,0
6489,8370150388,Sharma,540,Jaipur Gramin,Male,44,9,0,2,1,0,2231845.85,0
6490,8040495982,Agarwal,889,Jaipur Gramin,Female,31,3,13829640.25,2,1,1,10777537.6,0
6491,8460600739,Gupta,792,Jaipur Gramin,Male,34,2,0,2,1,0,13953807.4,0
6492,8275066886,Choudhary,704,Jaipur Gramin,Female,30,6,0,2,0,0,15232588.2,0
6493,8330941599,Aggarwal,784,Jaipur  Urban,Female,35,5,7008586.6,2,0,0,1551653.75,0
6494,8900223215,Paliwal,673,Jaipur Gramin,Male,35,9,8509179.15,1,1,0,7135722.8,0
6495,8396277698,Singh,719,Jaipur Gramin,Male,28,7,0,2,1,1,1928206.3,0
6496,8360234972,Singh,620,Jaipur  Urban,Female,39,5,7084655.65,3,1,0,676057.7,1
6497,8546822679,Khandelwal,594,Jaipur  Urban,Female,44,4,8207049.2,2,1,0,12235940.4,1
6498,8221141061,Verma,683,Jaipur Gramin,Male,50,9,17085819.4,1,1,0,13432762.5,1
6499,8546244463,Singh,616,Jaipur Gramin,Female,27,5,10639257.9,1,1,0,16923884.2,0
6500,8936392919,Rathore,818,Jaipur Gramin,Male,32,9,0,1,1,1,7443192.45,0
6501,8310733927,Choudhary,578,Jaipur Gramin,Female,43,5,13031661.95,1,0,0,14497917.05,0
6502,8871653078,Verma,695,Jaipur Gramin,Male,30,9,0,2,1,0,13419081.75,0
6503,8552035381,Jat,613,Jaipur Gramin,Female,40,2,10699739.65,1,1,0,7922291.55,0
6504,8587217701,Rathore,426,Jaipur  Urban,Female,37,6,14454897.7,1,0,1,4623877.6,0
6505,8222628169,Singh,625,Jaipur Gramin,Male,32,1,0,2,1,1,14346254.95,0
6506,8715948879,Saini,595,Jaipur  Urban,Male,48,2,11162749.95,1,0,0,96901.7,1
6507,8645520586,Jain,582,Jaipur City,Female,56,1,10920188,1,1,0,15850537.35,1
6508,8581629215,Saini,770,Jaipur Gramin,Male,32,6,13641238.6,1,1,0,2466957.55,0
6509,8339327020,Rathore,900,Jaipur  Urban,Male,42,6,7177882.8,3,0,1,5101813.9,1
6510,8147090236,Aggarwal,766,Jaipur  Urban,Female,40,1,9809780.3,2,0,0,15338828,0
6511,8607541445,Singh,623,Jaipur City,Male,46,8,5304040.8,1,1,1,11262363.15,1
6512,8394839255,Maheshwari,634,Jaipur Gramin,Female,50,4,12159637.6,1,0,1,9316748.85,1
6513,8052024800,Aggarwal,464,Jaipur Gramin,Male,24,7,11358387.65,2,1,1,8378450.85,0
6514,8358294836,Aggarwal,496,Jaipur City,Female,41,9,9106478.4,2,1,1,13646459.3,0
6515,8399620991,Choudhary,556,Jaipur City,Male,26,7,0,2,0,0,521877.9,0
6516,8264383922,Agarwal,844,Jaipur Gramin,Female,65,2,12891059.2,2,0,1,589064.45,0
6517,8690202955,Choudhary,608,Jaipur City,Female,32,7,0,3,0,1,907342.7,0
6518,8667505335,Meena,634,Jaipur  Urban,Female,51,9,13251824.7,2,1,1,6048586.4,0
6519,8946679834,Sharma,505,Jaipur City,Female,49,4,7049921.25,2,0,0,5305105.85,1
6520,8035499173,Rathore,683,Jaipur  Urban,Female,50,4,9575325.65,1,0,0,14142828.7,1
6521,8049547581,Gupta,703,Jaipur Gramin,Female,41,10,0,1,1,0,11312348.25,0
6522,8128679185,Sharma,720,Jaipur  Urban,Male,35,4,8147538.15,2,1,0,16399336.45,0
6523,8831356286,Maheshwari,676,Jaipur Gramin,Female,42,1,6989436.95,2,1,0,6065581.3,0
6524,8715696492,Jat,685,Jaipur City,Female,31,4,0,2,0,1,6737951.7,0
6525,8179874918,Jain,661,Jaipur  Urban,Female,35,1,13914566.3,3,1,1,2514595.8,1
6526,8252482495,Choudhary,754,Jaipur Gramin,Male,34,4,9037886.8,1,1,0,7537855.25,0
6527,8013178358,Choudhary,569,Jaipur Gramin,Female,34,7,13004397.35,1,1,1,11448752,0
6528,8182286156,Verma,437,Jaipur Gramin,Male,38,3,9897370.25,1,1,0,6423830.8,0
6529,8361742708,Maheshwari,605,Jaipur City,Male,27,9,8614986.3,1,0,0,2571445.5,0
6530,8207330919,Sharma,883,Jaipur City,Female,37,10,0,2,1,0,9462574.85,0
6531,8730990493,Khandelwal,493,Jaipur  Urban,Female,75,9,8976779.45,1,0,1,8961140.3,0
6532,8143180020,Paliwal,502,Jaipur Gramin,Female,45,8,0,2,1,1,3076410.95,0
6533,8211134256,Paliwal,787,Jaipur Gramin,Male,67,4,0,3,1,1,7911958.95,0
6534,8439385256,Verma,467,Jaipur Gramin,Female,47,8,8831022.3,2,1,1,9148164.1,0
6535,8315678323,Gupta,626,Jaipur City,Male,27,9,11885969.05,1,1,1,12982380.65,0
6536,8210228876,Verma,662,Jaipur Gramin,Female,36,6,9564090.35,2,0,1,9385811.35,0
6537,8445087137,Sharma,630,Jaipur Gramin,Female,37,7,9851110.7,1,1,0,4121331.25,0
6538,8256945507,Rathore,505,Jaipur City,Female,39,3,12444737.8,1,0,0,6204461.95,0
6539,8035930236,Singh,535,Jaipur Gramin,Male,34,4,14055881.35,2,1,1,2188251.05,1
6540,8542421528,Singh,716,Jaipur Gramin,Female,45,1,0,2,1,0,3978647.7,1
6541,8355052225,Maheshwari,565,Jaipur  Urban,Male,33,3,6106667.75,1,1,0,2275623.4,0
6542,8081790847,Jain,778,Jaipur City,Male,35,5,8966865.05,1,1,1,12754862,0
6543,8541894243,Jat,589,Jaipur Gramin,Male,35,7,15557316.25,1,1,1,4762447.15,0
6544,8998385041,Choudhary,857,Jaipur  Urban,Male,29,1,11217328.45,2,1,1,12553983.2,0
6545,8796337668,Gupta,731,Jaipur Gramin,Female,45,3,8850072.5,1,0,1,14792720,0
6546,8786465298,Paliwal,400,Jaipur City,Male,27,2,0,2,1,1,13064385.25,0
6547,8051617449,Choudhary,817,Jaipur Gramin,Male,20,0,10626963.5,2,1,1,9205623.25,0
6548,8675158801,Meena,667,Jaipur Gramin,Female,30,4,6317472,1,1,1,1948971.8,0
6549,8811874424,Jain,700,Jaipur Gramin,Male,38,7,9294421.05,2,1,0,8726603.2,0
6550,8655469599,Jat,624,Jaipur Gramin,Male,32,6,0,2,1,0,4771822.65,0
6551,8192762516,Agarwal,644,Jaipur  Urban,Female,39,3,9324364.85,1,1,1,7513259.65,1
6552,8263276297,Paliwal,510,Jaipur City,Female,30,5,0,2,0,1,12681612.4,0
6553,8730633252,Khandelwal,832,Jaipur  Urban,Female,34,5,10859437.65,1,1,0,12185347.55,0
6554,8109862576,Khandelwal,646,Jaipur  Urban,Male,50,1,8724865.8,1,1,0,14310598.3,1
6555,8946165077,Verma,504,Jaipur Gramin,Male,31,4,7926199,1,1,0,6573538.75,0
6556,8124540086,Saini,649,Jaipur Gramin,Male,35,5,0,2,1,0,7917659.05,0
6557,8619196048,Sharma,888,Jaipur  Urban,Female,51,1,7461285.55,1,0,1,3118404.35,1
6558,8815275272,Choudhary,485,Jaipur City,Male,40,5,0,2,0,0,12469785.6,0
6559,8731314263,Verma,703,Jaipur Gramin,Male,38,0,11741163.9,1,0,1,9853867.25,0
6560,8995733419,Gupta,520,Jaipur  Urban,Male,38,4,5980814.2,2,1,1,8856104.1,0
6561,8819330509,Choudhary,572,Jaipur Gramin,Female,32,1,0,2,1,0,841703.15,0
6562,8534059053,Agarwal,414,Jaipur  Urban,Female,48,7,14304359.3,1,1,0,1414890.45,1
6563,8920290422,Singh,744,Jaipur Gramin,Male,44,3,7318692.95,1,1,0,15311464.8,1
6564,8730454948,Jat,652,Jaipur  Urban,Male,25,4,9787146.5,1,1,1,12588410.75,0
6565,8276985362,Jain,662,Jaipur  Urban,Female,47,0,10760820.65,2,1,1,3297897.15,1
6566,8463674814,Jat,676,Jaipur Gramin,Female,33,2,0,2,1,0,13030075,0
6567,8319088347,Singh,510,Jaipur  Urban,Female,30,0,13429082.85,2,1,1,8558451.95,0
6568,8449951661,Choudhary,674,Jaipur City,Female,54,1,15979757.75,1,0,0,9472630.35,1
6569,8524112616,Gupta,749,Jaipur  Urban,Male,54,8,14636361.65,1,1,1,11636670.85,0
6570,8877151837,Jat,577,Jaipur  Urban,Male,38,1,11313964.95,1,1,0,8987296.5,1
6571,8024662982,Khandelwal,702,Jaipur City,Male,38,4,0,2,1,1,3050217.35,0
6572,8288201465,Jat,594,Jaipur Gramin,Male,46,10,0,1,1,0,6246577.75,1
6573,8367498009,Agarwal,586,Jaipur Gramin,Female,21,8,0,2,1,1,9359706.15,0
6574,8476779239,Paliwal,656,Jaipur  Urban,Male,35,3,16354677.45,1,1,1,3412348.8,0
6575,8145683501,Sharma,822,Jaipur  Urban,Female,38,9,9111978.75,1,0,0,12443873.35,0
6576,8496602997,Gupta,833,Jaipur  Urban,Female,55,6,9842719.5,1,1,0,13644740.6,1
6577,8318600699,Gupta,868,Jaipur Gramin,Male,37,5,14012945.3,1,1,1,14748920.35,0
6578,8054788653,Rathore,704,Jaipur  Urban,Male,38,4,9998828.8,1,0,1,7513711,0
6579,8960395210,Paliwal,900,Jaipur Gramin,Female,28,9,0,2,1,0,15794819.85,0
6580,8838504973,Paliwal,475,Jaipur Gramin,Female,36,7,0,2,0,0,9188353.8,0
6581,8355121748,Singh,512,Jaipur  Urban,Female,30,6,10766398.35,1,1,1,13792772.35,0
6582,8721551166,Rathore,571,Jaipur  Urban,Female,71,6,11923244.95,1,1,1,16416496.25,1
6583,8862552903,Khandelwal,510,Jaipur City,Female,60,7,0,2,0,1,14282966.5,0
6584,8281567234,Singh,752,Jaipur  Urban,Male,21,8,13034301.2,1,1,1,13880148.95,0
6585,8867771419,Maheshwari,685,Jaipur  Urban,Female,23,9,10535170.3,1,1,1,13562027.95,0
6586,8640296316,Jat,630,Jaipur Gramin,Male,39,5,0,1,1,0,8483073.95,0
6587,8823976092,Singh,652,Jaipur  Urban,Male,33,7,8383576.35,2,1,1,3421319.7,0
6588,8430512982,Saini,728,Jaipur Gramin,Female,33,2,4933088.05,1,1,1,7083541.3,0
6589,8590096273,Rathore,527,Jaipur City,Male,28,5,0,2,1,0,4112504,0
6590,8717682594,Jat,478,Jaipur  Urban,Male,45,7,9282062.9,2,0,1,14109187.4,0
6591,8929235454,Maheshwari,715,Jaipur City,Female,30,0,0,2,1,1,765238,0
6592,8575417676,Aggarwal,790,Jaipur Gramin,Female,33,7,0,1,1,0,15993288.9,0
6593,8963182411,Meena,702,Jaipur Gramin,Female,33,6,0,2,0,1,15876725.85,0
6594,8736637614,Meena,666,Jaipur  Urban,Female,30,1,7069788.3,2,1,1,15662066,0
6595,8422773873,Gupta,776,Jaipur Gramin,Female,40,3,0,1,0,0,4914516.4,1
6596,8018724228,Saini,601,Jaipur City,Male,24,7,0,2,0,0,12296135.7,0
6597,8716428774,Agarwal,452,Jaipur Gramin,Male,22,5,7017550.7,2,0,0,13864596.5,1
6598,8750120778,Sharma,550,Jaipur Gramin,Male,32,5,6247007.85,1,0,0,11585593.5,0
6599,8258436345,Maheshwari,583,Jaipur City,Male,29,2,11258270.4,1,1,1,3075013.55,0
6600,8483201594,Maheshwari,900,Jaipur Gramin,Male,49,6,10936431.5,1,1,0,5590390.5,1
6601,8660677322,Rathore,486,Jaipur Gramin,Female,36,2,6795911.5,1,0,1,14800468.6,1
6602,8407524666,Aggarwal,589,Jaipur  Urban,Female,51,8,11263205.5,1,1,1,13710897.8,1
6603,8186558702,Jat,793,Jaipur  Urban,Female,38,1,10245061.05,2,1,0,9298542.7,0
6604,8356515049,Maheshwari,545,Jaipur Gramin,Female,35,10,6374030.15,2,0,1,16163186.05,0
6605,8708368686,Maheshwari,809,Jaipur Gramin,Female,47,6,8051444.8,1,0,1,5223331.6,0
6606,8530713182,Saini,805,Jaipur City,Female,33,5,0,2,1,0,737241.55,0
6607,8728269790,Paliwal,830,Jaipur Gramin,Male,31,6,6057940.65,2,0,1,10702585.45,0
6608,8920411788,Paliwal,688,Jaipur  Urban,Female,41,9,8382028.5,1,1,0,12864694.75,0
6609,8289534285,Gupta,798,Jaipur Gramin,Male,40,6,11732851.75,1,1,1,5777658.25,0
6610,8365594736,Jain,778,Jaipur Gramin,Female,41,2,7787843.65,1,1,1,6046841.35,0
6611,8786945644,Rathore,386,Jaipur Gramin,Male,54,3,11901225.7,1,0,1,7339832.45,0
6612,8828559721,Saini,562,Jaipur City,Male,27,5,10779357.45,2,0,1,10085090.2,0
6613,8809006936,Rathore,482,Jaipur Gramin,Female,64,3,11871386.45,1,0,1,8584584.35,0
6614,8146783008,Jain,509,Jaipur Gramin,Female,28,7,0,2,0,1,12503561.2,0
6615,8705046624,Sharma,707,Jaipur Gramin,Male,34,1,14051542.95,1,1,0,13217128.55,0
6616,8299153341,Sharma,673,Jaipur Gramin,Male,26,8,0,2,0,0,16734448.95,0
6617,8199376718,Agarwal,607,Jaipur City,Male,33,8,0,2,1,1,5370025.45,0
6618,8259557391,Paliwal,694,Jaipur  Urban,Female,54,1,10514438.8,2,0,1,8943849.6,0
6619,8456174123,Khandelwal,643,Jaipur  Urban,Female,29,3,8272637.75,1,0,1,11213572.3,0
6620,8814761913,Meena,656,Jaipur Gramin,Male,32,5,8248498.6,1,1,1,1966282.05,0
6621,8031236471,Paliwal,758,Jaipur Gramin,Male,36,5,0,2,1,0,13721401.25,0
6622,8965812965,Singh,655,Jaipur Gramin,Male,50,0,8850985.4,2,1,0,15452563.1,1
6623,8261616005,Verma,551,Jaipur Gramin,Female,43,1,0,1,0,1,7363915.5,0
6624,8850905707,Verma,577,Jaipur Gramin,Male,28,3,8871237.5,1,1,1,2544708.75,0
6625,8768107736,Rathore,558,Jaipur Gramin,Male,46,7,11506425.35,1,0,1,11911068.7,0
6626,8261877134,Jain,668,Jaipur City,Female,41,6,9530155.8,1,1,0,1490629.7,0
6627,8641350915,Agarwal,896,Jaipur Gramin,Male,66,7,10519657.8,1,0,1,4518358.6,0
6628,8428053303,Verma,550,Jaipur Gramin,Female,41,6,0,1,1,1,12204749.65,1
6629,8793340223,Singh,595,Jaipur City,Male,57,6,0,2,1,1,6154170,0
6630,8096495811,Gupta,575,Jaipur Gramin,Male,39,5,0,2,0,1,3390806.4,0
6631,8624831965,Verma,769,Jaipur Gramin,Female,36,3,0,2,1,1,7633410.55,0
6632,8351265185,Choudhary,616,Jaipur Gramin,Male,44,3,0,2,0,1,11601796.2,0
6633,8750116314,Jat,713,Jaipur City,Male,31,5,0,1,1,0,3025420.3,0
6634,8989864542,Agarwal,755,Jaipur City,Female,42,7,0,2,1,0,4952797,1
6635,8424305207,Gupta,456,Jaipur Gramin,Female,42,1,12933617.85,2,1,0,8651206.5,0
6636,8206995435,Maheshwari,679,Jaipur Gramin,Female,59,5,0,2,1,1,15735462.65,0
6637,8041662694,Saini,570,Jaipur Gramin,Male,24,2,0,2,1,1,10193863.85,0
6638,8423330675,Gupta,900,Jaipur Gramin,Male,36,3,0,2,1,0,16577810.95,0
6639,8601487880,Meena,768,Jaipur Gramin,Male,36,4,14652453,1,1,1,7350824.65,0
6640,8012210878,Saini,586,Jaipur  Urban,Male,41,6,9019907.6,2,1,0,16895161.85,0
6641,8309583720,Paliwal,697,Jaipur Gramin,Male,36,5,12065925.95,1,1,1,15737246.8,0
6642,8222831815,Aggarwal,613,Jaipur City,Female,33,7,0,2,1,1,317040.65,0
6643,8337521485,Jat,587,Jaipur Gramin,Female,37,6,11772316.4,1,0,1,1614029.3,0
6644,8825637536,Jat,740,Jaipur City,Female,34,1,0,2,1,0,10141667.9,0
6645,8322524758,Jat,547,Jaipur  Urban,Male,33,3,10558135.6,2,1,0,5323341.75,0
6646,8116934676,Jain,900,Jaipur Gramin,Male,37,4,10784171,1,1,0,16767659.3,0
6647,8830463286,Jat,702,Jaipur City,Female,42,2,0,2,0,0,16999360.8,0
6648,8322370123,Rathore,736,Jaipur Gramin,Female,37,8,0,1,1,1,1394289.85,0
6649,8494280632,Jat,404,Jaipur Gramin,Female,26,1,10278499.2,1,0,1,6702638.45,0
6650,8679148417,Singh,606,Jaipur City,Male,47,7,12124700.9,1,1,0,16091372.95,0
6651,8698293900,Paliwal,790,Jaipur  Urban,Male,41,10,6787899.4,1,1,1,6637494.45,0
6652,8380219005,Jat,600,Jaipur Gramin,Male,46,10,8117687.85,1,0,0,1686585.3,0
6653,8131090170,Khandelwal,872,Jaipur Gramin,Male,38,5,0,2,0,0,8780925.85,0
6654,8088096643,Paliwal,610,Jaipur  Urban,Male,23,8,16805854.05,2,1,1,9870563.8,0
6655,8023352915,Jat,610,Jaipur Gramin,Female,30,8,7298079.6,1,0,0,12132072.95,0
6656,8487728561,Jain,545,Jaipur Gramin,Male,44,7,7250862.95,1,1,1,4936504.2,0
6657,8458357106,Agarwal,700,Jaipur  Urban,Female,35,1,11251560.5,2,0,0,15820503.45,0
6658,8135231023,Rathore,672,Jaipur City,Male,33,4,0,1,1,0,2521478.25,0
6659,8544532346,Jain,634,Jaipur Gramin,Female,31,5,0,1,0,0,12576860.95,1
6660,8523411533,Sharma,682,Jaipur  Urban,Male,39,4,6791160,1,1,0,3269643.15,0
6661,8592719389,Gupta,811,Jaipur Gramin,Female,29,5,0,2,1,1,12180626.65,0
6662,8804767004,Khandelwal,864,Jaipur Gramin,Male,36,4,0,2,1,0,2670928.65,0
6663,8552854151,Khandelwal,678,Jaipur Gramin,Male,36,1,0,2,0,1,10327976.85,0
6664,8479242379,Gupta,900,Jaipur  Urban,Male,31,4,12459920.5,1,1,1,7639359.7,0
6665,8230761000,Saini,724,Jaipur Gramin,Female,42,7,0,2,0,1,6162557.8,0
6666,8634565605,Agarwal,487,Jaipur City,Male,32,8,0,2,0,1,15528888,0
6667,8765034033,Choudhary,586,Jaipur City,Male,32,3,9274293.05,1,0,1,424484.9,0
6668,8997680385,Gupta,626,Jaipur City,Female,26,8,0,2,1,1,10622009.7,0
6669,8840558390,Maheshwari,607,Jaipur Gramin,Male,34,5,0,1,1,0,13767570.7,0
6670,8115733863,Verma,500,Jaipur Gramin,Male,56,9,12082522.2,1,0,0,3356483.4,1
6671,8119613879,Choudhary,790,Jaipur City,Female,43,10,0,2,1,1,4701642.4,0
6672,8525973773,Maheshwari,692,Jaipur Gramin,Female,49,3,0,2,1,1,15963995.35,0
6673,8236287109,Jat,872,Jaipur City,Female,35,0,0,2,0,1,15683690.85,0
6674,8926165737,Maheshwari,755,Jaipur Gramin,Female,36,8,9274078,1,0,0,10311445.2,0
6675,8083848831,Jat,665,Jaipur Gramin,Male,36,2,9542341.4,1,1,0,1094238.15,0
6676,8359936103,Rathore,665,Jaipur City,Female,36,5,0,2,0,0,13365234.25,0
6677,8346559229,Choudhary,623,Jaipur City,Male,52,8,0,2,1,1,10475579.35,0
6678,8618921808,Verma,650,Jaipur City,Male,26,8,12260289.5,1,1,1,15673979.6,0
6679,8060476120,Maheshwari,446,Jaipur City,Female,32,1,13548808.75,1,0,1,4872470.3,0
6680,8964986428,Rathore,444,Jaipur City,Male,30,4,10657725.85,1,1,0,5804984.05,0
6681,8340083167,Singh,640,Jaipur Gramin,Female,60,8,5896046.25,1,1,1,874500.4,0
6682,8446135051,Jain,602,Jaipur Gramin,Male,31,7,13198105.55,1,1,1,15252936.35,0
6683,8832294128,Paliwal,648,Jaipur City,Male,29,5,16762003.4,2,1,0,12023557.7,0
6684,8304311442,Paliwal,425,Jaipur City,Female,48,5,12311212.15,1,1,1,7917900.45,0
6685,8474523563,Saini,554,Jaipur Gramin,Female,57,3,0,3,1,0,557172.45,1
6686,8116268783,Choudhary,643,Jaipur Gramin,Male,34,8,0,2,1,0,3278461.05,0
6687,8481483352,Agarwal,625,Jaipur City,Male,50,3,13862292.15,1,0,1,11139110.6,0
6688,8164079710,Jat,834,Jaipur  Urban,Male,38,7,10701773.7,2,1,1,10800858.2,0
6689,8383078202,Paliwal,540,Jaipur Gramin,Male,22,6,13122070.5,1,1,1,4396329.2,0
6690,8494844196,Jat,636,Jaipur City,Male,41,7,9138479.2,1,0,1,3923333.95,0
6691,8657098776,Meena,568,Jaipur  Urban,Male,30,8,10829552.5,1,1,0,16400801,0
6692,8335193359,Jain,553,Jaipur City,Male,24,8,12210806.75,1,0,1,15379259.1,0
6693,8009770488,Jain,674,Jaipur Gramin,Female,39,5,11739073.75,1,0,0,1665722.05,0
6694,8676459685,Paliwal,644,Jaipur Gramin,Male,27,9,10959920.4,1,1,0,3976888.2,0
6695,8951288746,Rathore,661,Jaipur  Urban,Male,37,9,9728554.3,1,0,1,14944777.35,0
6696,8405151728,Sharma,655,Jaipur Gramin,Female,33,2,0,2,0,0,16847680,0
6697,8025461497,Sharma,560,Jaipur Gramin,Female,48,3,0,1,1,0,4705808.25,0
6698,8402054230,Rathore,646,Jaipur Gramin,Male,41,1,11199849.9,1,1,1,4052399.65,0
6699,8397030029,Maheshwari,750,Jaipur Gramin,Female,31,6,0,1,0,0,5212746.55,0
6700,8705169029,Maheshwari,731,Jaipur Gramin,Female,41,3,12775555.25,2,1,0,6092193.1,0
6701,8418356184,Agarwal,824,Jaipur City,Male,39,10,9259508.15,1,1,1,8599305.5,0
6702,8530272022,Aggarwal,664,Jaipur Gramin,Male,37,7,11547034.95,1,1,0,12314868.85,0
6703,8459131517,Rathore,673,Jaipur  Urban,Male,37,7,9342185.1,2,1,0,9778201.95,1
6704,8988065595,Agarwal,697,Jaipur  Urban,Male,49,8,12150425.3,1,0,0,15918843.35,1
6705,8465099242,Saini,403,Jaipur  Urban,Male,45,3,8868824.35,2,1,1,15600918.7,1
6706,8617269131,Jat,676,Jaipur Gramin,Male,33,5,13368320.6,2,1,1,2425203.85,0
6707,8733912204,Verma,674,Jaipur Gramin,Male,64,0,8402096.15,1,0,1,3632060.2,0
6708,8976768867,Aggarwal,608,Jaipur  Urban,Female,39,8,8933783.05,1,1,0,8901327.5,1
6709,8975406182,Choudhary,785,Jaipur Gramin,Male,34,7,0,2,1,1,5543687.25,0
6710,8735833313,Khandelwal,900,Jaipur  Urban,Female,66,0,10805252.7,1,0,1,10109019.4,1
6711,8460855173,Aggarwal,574,Jaipur Gramin,Male,39,2,0,2,1,0,5997931.5,0
6712,8719843902,Verma,679,Jaipur  Urban,Female,36,3,10975072.5,2,0,0,11851985.2,0
6713,8884971813,Meena,599,Jaipur Gramin,Female,43,4,0,1,1,0,14479503.5,0
6714,8470063999,Jain,583,Jaipur Gramin,Female,46,0,0,3,0,1,11182074.7,1
6715,8633730353,Jat,870,Jaipur Gramin,Female,36,3,12414561.1,1,1,1,11759299.5,0
6716,8616551677,Sharma,850,Jaipur City,Female,67,10,10589057.75,1,0,1,14441024,0
6717,8201639091,Maheshwari,498,Jaipur City,Male,29,4,12836066.75,2,1,0,830532.45,0
6718,8377983015,Agarwal,676,Jaipur City,Female,58,5,18369339.8,1,0,1,6305020.35,1
6719,8270121735,Maheshwari,413,Jaipur Gramin,Male,34,2,12267112.45,1,1,0,9576785.1,0
6720,8616476348,Maheshwari,660,Jaipur Gramin,Female,39,4,0,2,0,0,15833434.5,0
6721,8801382919,Maheshwari,611,Jaipur Gramin,Male,26,7,0,2,1,0,8369439.15,0
6722,8598144615,Rathore,869,Jaipur  Urban,Male,77,3,2338957.75,2,0,1,233444.85,0
6723,8500178656,Rathore,674,Jaipur Gramin,Male,29,5,12502875.25,1,1,0,928905.5,0
6724,8272169505,Khandelwal,719,Jaipur  Urban,Female,51,2,7840921.9,2,0,1,7764412.55,0
6725,8024873195,Sharma,782,Jaipur Gramin,Female,41,8,0,2,1,0,11886743.4,1
6726,8912085454,Aggarwal,604,Jaipur  Urban,Female,40,8,12656246.7,1,0,0,8929496.5,0
6727,8920769763,Jat,634,Jaipur City,Male,50,8,0,1,0,0,12271180.55,1
6728,8601579195,Gupta,774,Jaipur Gramin,Female,36,9,0,1,1,0,1666440.3,1
6729,8491968312,Agarwal,845,Jaipur  Urban,Female,33,10,11758556.6,1,1,1,6841119.6,0
6730,8487809506,Singh,425,Jaipur  Urban,Female,50,10,7896122.6,1,1,0,13119240,1
6731,8276531629,Saini,637,Jaipur City,Male,46,9,13662613.55,1,0,1,7947756.7,0
6732,8769920021,Verma,484,Jaipur Gramin,Male,32,4,0,2,1,1,13008142.45,0
6733,8258236758,Khandelwal,538,Jaipur Gramin,Female,37,9,0,2,0,0,8332514.3,0
6734,8229579815,Aggarwal,682,Jaipur Gramin,Male,28,4,9107007.95,1,1,0,16406590.35,0
6735,8069399724,Maheshwari,623,Jaipur Gramin,Female,55,0,0,3,0,0,5168904.4,1
6736,8489350582,Jain,890,Jaipur Gramin,Female,37,4,11257916.8,2,1,0,7401050.3,1
6737,8923935922,Jain,728,Jaipur Gramin,Female,57,1,7824505,1,1,1,13945477.4,1
6738,8135390805,Choudhary,738,Jaipur City,Male,38,2,8227897.15,2,1,1,387146.95,0
6739,8323745924,Meena,568,Jaipur  Urban,Male,35,9,11432375.9,2,1,1,10193608,0
6740,8776563038,Jain,491,Jaipur Gramin,Male,55,8,11252972.35,2,1,1,14480609.35,0
6741,8244300281,Rathore,684,Jaipur  Urban,Female,40,2,12509552,1,0,1,5937253.4,0
6742,8330537043,Aggarwal,616,Jaipur City,Male,44,9,8544598.65,1,1,1,4020410.75,0
6743,8120468448,Meena,694,Jaipur Gramin,Female,26,1,0,2,1,0,3862712.8,0
6744,8105418191,Verma,546,Jaipur  Urban,Female,51,9,11748232.5,1,1,0,16890797.95,1
6745,8638085949,Rathore,812,Jaipur Gramin,Female,30,4,0,2,0,1,9827017.45,0
6746,8318233436,Rathore,542,Jaipur City,Male,55,3,0,1,1,1,3428384.9,0
6747,8730704214,Gupta,648,Jaipur City,Male,39,3,0,1,1,1,9009766.25,0
6748,8022867223,Singh,529,Jaipur Gramin,Male,34,3,10943201.75,1,1,0,11462345.2,0
6749,8051055457,Aggarwal,787,Jaipur Gramin,Male,31,10,10425022.2,1,0,0,5241683.95,0
6750,8278396166,Paliwal,701,Jaipur City,Female,24,9,6737431.5,1,0,1,16708830.8,0
6751,8100820133,Jat,622,Jaipur Gramin,Female,42,2,0,4,0,0,9443278.15,1
6752,8383125796,Khandelwal,605,Jaipur Gramin,Female,53,2,10318131.3,1,1,1,4097139.4,1
6753,8537390588,Khandelwal,629,Jaipur City,Male,38,7,10532056.75,1,1,0,11483226.3,0
6754,8312174147,Sharma,673,Jaipur City,Male,38,7,12155569.5,1,1,1,1330325.65,0
6755,8114257121,Sharma,632,Jaipur City,Female,28,3,13395796.85,1,0,1,2898263.7,0
6756,8622367913,Saini,854,Jaipur City,Male,38,3,10805013,2,1,1,14859932.9,0
6757,8266207829,Choudhary,448,Jaipur Gramin,Female,39,9,9953777.1,2,1,1,7304689.2,1
6758,8435872388,Meena,740,Jaipur City,Male,36,2,8754135.55,2,0,1,4180773.45,0
6759,8920220095,Khandelwal,712,Jaipur City,Male,28,1,12335100.55,1,0,1,6608102.3,0
6760,8468990641,Aggarwal,726,Jaipur Gramin,Male,92,1,10716480.4,2,1,1,2927130.55,0
6761,8390339561,Jain,673,Jaipur Gramin,Male,41,5,0,1,0,1,7503766,0
6762,8443124566,Agarwal,568,Jaipur Gramin,Female,27,4,0,2,1,1,13391716,0
6763,8150133237,Paliwal,647,Jaipur Gramin,Male,37,5,8345869.5,1,0,1,14737890.75,0
6764,8062694139,Maheshwari,742,Jaipur Gramin,Female,67,7,0,3,1,1,7036476.8,0
6765,8824778254,Choudhary,564,Jaipur Gramin,Male,37,6,0,1,1,1,15959472.5,0
6766,8083759838,Gupta,433,Jaipur Gramin,Female,40,7,0,2,1,0,15006563,0
6767,8594173306,Jain,646,Jaipur  Urban,Female,33,5,10993530.25,1,1,1,4809742,1
6768,8861297864,Rathore,610,Jaipur City,Male,48,7,6443147.9,1,1,0,10689850.75,0
6769,8663856746,Jat,599,Jaipur City,Male,42,6,0,2,1,0,9678814,0
6770,8050014457,Aggarwal,794,Jaipur Gramin,Female,44,7,13541914.4,1,0,0,2106311.05,0
6771,8876576692,Khandelwal,674,Jaipur Gramin,Female,38,2,8200783.85,1,1,0,10222049.85,0
6772,8244006296,Singh,776,Jaipur  Urban,Male,29,7,10006738.05,1,1,1,14908858.9,0
6773,8108065368,Choudhary,527,Jaipur Gramin,Male,39,6,0,2,1,1,7375235.8,0
6774,8693741692,Maheshwari,630,Jaipur Gramin,Male,43,4,10399859.65,1,1,0,6053411,0
6775,8230361200,Choudhary,667,Jaipur Gramin,Female,48,9,0,2,1,1,7245451.85,1
6776,8394769364,Jat,443,Jaipur Gramin,Female,48,5,0,1,1,0,13645025.35,1
6777,8135724168,Jain,625,Jaipur City,Female,43,8,0,1,0,0,8738561,0
6778,8802217455,Saini,785,Jaipur Gramin,Female,27,7,0,2,1,0,12251444.4,0
6779,8306400933,Paliwal,695,Jaipur  Urban,Female,50,6,11270862.3,2,1,1,15641528.3,0
6780,8754038933,Meena,522,Jaipur Gramin,Male,38,2,10138144.65,1,0,0,16651210.15,1
6781,8286690154,Jain,464,Jaipur Gramin,Male,37,2,0,2,1,1,10771418.45,0
6782,8212556118,Meena,900,Jaipur Gramin,Female,42,3,0,2,1,1,15035090.7,0
6783,8500129712,Khandelwal,582,Jaipur Gramin,Male,55,10,9045323.45,3,1,1,10451683.3,1
6784,8766304835,Choudhary,604,Jaipur Gramin,Male,31,4,0,2,0,1,816603.5,0
6785,8414355164,Verma,754,Jaipur  Urban,Female,32,9,10860628.5,2,1,1,12974695.8,0
6786,8462607118,Choudhary,625,Jaipur City,Male,41,5,8893691.95,1,1,1,8121853.7,0
6787,8107284800,Khandelwal,880,Jaipur Gramin,Male,30,1,0,2,1,0,12058152.7,0
6788,8618380085,Choudhary,482,Jaipur Gramin,Male,37,10,0,1,1,1,6514627.8,0
6789,8342073245,Jat,870,Jaipur  Urban,Male,37,6,10034317.15,1,0,1,4445597.75,0
6790,8065769308,Rathore,682,Jaipur Gramin,Male,46,0,0,2,0,0,2497981.7,0
6791,8771387923,Jat,464,Jaipur City,Female,40,6,11567967.9,1,0,1,16439716.55,0
6792,8722545952,Paliwal,600,Jaipur  Urban,Female,39,7,7520575.6,2,1,0,4983751.45,0
6793,8233313768,Aggarwal,607,Jaipur City,Male,34,3,13733640.4,1,0,1,16241478.7,0
6794,8832559595,Choudhary,628,Jaipur  Urban,Male,50,7,10761711.45,1,0,1,54876.85,1
6795,8338211427,Paliwal,570,Jaipur Gramin,Female,54,9,5808301.6,1,1,1,12273213.75,0
6796,8624482555,Meena,572,Jaipur City,Male,48,6,15287442.1,1,1,0,16454327.2,0
6797,8946755541,Agarwal,661,Jaipur Gramin,Female,25,8,0,2,1,1,10774702,0
6798,8804758604,Meena,712,Jaipur  Urban,Male,46,2,8904889.85,1,1,1,5301308.05,0
6799,8617490054,Singh,840,Jaipur Gramin,Male,60,6,7526033.45,2,1,1,11196040.2,0
6800,8526251399,Jain,792,Jaipur Gramin,Male,38,6,13845542.05,1,1,0,7743394.6,1
6801,8355702171,Sharma,733,Jaipur Gramin,Female,35,8,0,1,1,1,5738180.85,0
6802,8053291180,Singh,644,Jaipur City,Male,43,8,0,1,1,0,1033339.05,1
6803,8020927338,Maheshwari,674,Jaipur Gramin,Male,32,9,0,2,0,0,5532597.3,0
6804,8041752776,Khandelwal,562,Jaipur Gramin,Female,44,7,0,2,0,0,5301506.95,1
6805,8638640344,Maheshwari,710,Jaipur Gramin,Female,30,7,0,2,1,1,1600238.9,0
6806,8101564791,Saini,617,Jaipur Gramin,Female,35,1,0,2,1,1,284122.7,0
6807,8590323407,Paliwal,454,Jaipur Gramin,Male,35,1,7860294.25,1,1,0,15183215.95,0
6808,8883115593,Gupta,554,Jaipur Gramin,Male,36,6,0,2,1,0,2791852.2,0
6809,8229470218,Aggarwal,731,Jaipur  Urban,Male,30,9,9815755.8,2,1,1,11452304.15,0
6810,8480624414,Maheshwari,701,Jaipur Gramin,Female,26,5,7403407.35,1,0,0,9018144.7,0
6811,8048918271,Aggarwal,535,Jaipur  Urban,Female,42,9,7339907.25,2,1,0,4877311.05,0
6812,8530512907,Maheshwari,815,Jaipur Gramin,Female,42,5,0,2,0,0,2205912.35,0
6813,8843991931,Paliwal,571,Jaipur  Urban,Male,63,3,12651702.6,1,1,0,5900201.05,1
6814,8867356638,Saini,457,Jaipur  Urban,Male,44,3,13915734.2,1,1,0,8170516.2,0
6815,8541345357,Agarwal,414,Jaipur Gramin,Male,25,6,0,2,1,0,10151204.9,0
6816,8368171442,Gupta,607,Jaipur City,Male,36,0,8003052.6,1,0,1,10211752.95,0
6817,8827252395,Rathore,551,Jaipur Gramin,Male,50,5,13829699.75,1,0,0,12796622.5,1
6818,8808455775,Maheshwari,610,Jaipur Gramin,Female,56,10,10986692,2,1,0,12111823.4,1
6819,8291992369,Choudhary,718,Jaipur Gramin,Male,41,3,7701449.65,1,1,1,1220345,0
6820,8054041972,Gupta,562,Jaipur City,Male,39,5,0,2,1,1,11013443.2,0
6821,8376644880,Khandelwal,514,Jaipur Gramin,Male,29,3,8736930.7,1,1,0,4757667.6,0
6822,8896179106,Khandelwal,842,Jaipur Gramin,Female,39,7,10212406.6,2,0,1,5057245.85,1
6823,8009371520,Maheshwari,683,Jaipur  Urban,Male,47,0,5416521.3,2,1,1,15463901.25,0
6824,8611258268,Agarwal,577,Jaipur City,Female,24,10,13532315.35,1,1,1,8714015.55,1
6825,8874959538,Verma,648,Jaipur Gramin,Male,38,9,0,2,1,0,7550351.95,0
6826,8772281919,Sharma,515,Jaipur City,Female,44,1,0,2,0,0,1203710.5,0
6827,8388199932,Gupta,536,Jaipur Gramin,Female,51,1,0,2,1,1,4837214.85,0
6828,8252241027,Gupta,742,Jaipur Gramin,Female,49,10,0,1,1,0,15680351.2,1
6829,8973101910,Khandelwal,728,Jaipur  Urban,Male,34,9,13828748.6,2,1,0,8067586.3,0
6830,8536623003,Sharma,762,Jaipur Gramin,Male,43,9,10863587.35,1,1,1,6210915.15,0
6831,8197849871,Choudhary,798,Jaipur Gramin,Male,43,9,13426641.65,2,0,0,11611238,0
6832,8414845246,Gupta,443,Jaipur  Urban,Female,52,8,11856926.25,3,0,0,12757932.2,1
6833,8064121675,Sharma,593,Jaipur  Urban,Female,21,2,7403229.7,2,1,0,14295819.35,0
6834,8866576308,Sharma,690,Jaipur Gramin,Female,34,10,7220289.3,1,0,0,12429603.55,0
6835,8710260564,Maheshwari,724,Jaipur Gramin,Male,50,8,13611865.15,2,1,1,6741698.5,0
6836,8175118956,Khandelwal,852,Jaipur Gramin,Male,33,6,0,2,1,1,6627081.95,0
6837,8978019088,Sharma,738,Jaipur City,Male,42,6,0,2,1,1,10943383.65,0
6838,8532266151,Jat,677,Jaipur Gramin,Male,40,9,0,2,1,0,16555220.5,0
6839,8463532428,Agarwal,900,Jaipur Gramin,Male,29,6,0,2,1,1,907165.9,0
6840,8269778099,Jat,749,Jaipur  Urban,Male,36,6,8042284.35,2,1,1,903312.85,0
6841,8781444153,Verma,556,Jaipur Gramin,Male,30,7,7711862.15,1,1,0,10392843.75,0
6842,8203257311,Singh,737,Jaipur  Urban,Male,26,3,10161365.8,2,1,0,5566049.9,0
6843,8702562212,Khandelwal,617,Jaipur Gramin,Male,36,1,10056499.6,1,1,0,12421447.8,0
6844,8177072113,Rathore,768,Jaipur Gramin,Male,33,1,11013873.3,1,1,1,10480532.3,0
6845,8108922446,Paliwal,584,Jaipur Gramin,Male,33,8,12593903.45,1,0,0,10448659,0
6846,8003428811,Jat,438,Jaipur  Urban,Male,24,5,9958166.5,1,1,1,10858241.7,0
6847,8965982268,Jat,707,Jaipur City,Female,40,5,13111391.95,1,0,1,10057157.5,0
6848,8814762352,Singh,667,Jaipur Gramin,Male,30,3,0,2,0,1,1453840,0
6849,8799071352,Agarwal,575,Jaipur Gramin,Female,33,1,5581762.15,2,0,0,13991763.3,0
6850,8438721230,Maheshwari,739,Jaipur Gramin,Female,44,1,0,1,1,1,12929219.95,0
6851,8558494241,Singh,541,Jaipur Gramin,Male,42,1,4266540.15,1,1,1,1988964.3,0
6852,8254201413,Khandelwal,512,Jaipur  Urban,Female,39,9,8223655.65,2,1,0,8050471.55,0
6853,8389020688,Rathore,600,Jaipur Gramin,Female,37,4,0,3,1,0,621541.25,1
6854,8138009071,Saini,702,Jaipur Gramin,Female,43,1,11276709.45,1,1,1,3559543.3,0
6855,8219726320,Sharma,766,Jaipur City,Male,36,5,0,2,1,1,8234912.2,0
6856,8654164472,Jain,626,Jaipur Gramin,Male,41,2,10802400.1,1,1,0,8704247.35,1
6857,8335994387,Aggarwal,514,Jaipur Gramin,Male,34,1,10673186.5,1,1,1,15024877.95,0
6858,8694057928,Khandelwal,535,Jaipur  Urban,Female,52,1,9016365.65,1,1,1,2001618.25,1
6859,8508326980,Rathore,571,Jaipur  Urban,Male,46,4,11676274.9,1,1,1,2843259.35,0
6860,8341606102,Verma,760,Jaipur Gramin,Female,38,3,13400960.6,1,0,0,1670966.55,0
6861,8045869216,Choudhary,752,Jaipur  Urban,Male,45,6,9725942.25,2,1,1,8897696.3,1
6862,8157455973,Verma,606,Jaipur City,Male,41,5,8768146.1,1,0,0,12172321.3,0
6863,8762371959,Maheshwari,583,Jaipur Gramin,Male,33,9,0,1,1,0,592876.7,0
6864,8502330061,Sharma,557,Jaipur City,Female,24,6,12715331.9,1,1,1,13070603,0
6865,8894569616,Paliwal,592,Jaipur  Urban,Female,48,3,11381765.2,2,1,1,7301703.15,1
6866,8360339000,Rathore,763,Jaipur  Urban,Female,26,0,7189971.5,1,0,1,15983209.6,0
6867,8684813906,Khandelwal,690,Jaipur City,Male,32,8,16782129.7,1,1,1,4480409.5,0
6868,8224525280,Verma,667,Jaipur City,Female,32,1,8861612.95,1,1,1,1447921.45,0
6869,8706340224,Khandelwal,434,Jaipur Gramin,Male,39,4,11911311.8,2,0,0,11160878.25,0
6870,8014848268,Paliwal,702,Jaipur City,Female,30,2,0,3,1,1,14668996.55,1
6871,8387035117,Paliwal,900,Jaipur  Urban,Female,36,0,11643319.55,2,1,1,8416670.25,0
6872,8318887834,Verma,643,Jaipur  Urban,Female,48,3,10248314.85,1,1,0,16163603.4,1
6873,8087967173,Khandelwal,900,Jaipur Gramin,Female,27,7,3710958.05,2,1,1,257166.65,0
6874,8445708986,Singh,634,Jaipur Gramin,Female,37,9,0,2,1,1,2948630.45,0
6875,8501724677,Saini,838,Jaipur Gramin,Male,28,3,0,2,1,0,195947.95,0
6876,8270275424,Paliwal,612,Jaipur Gramin,Female,57,7,6127900.75,4,0,1,9624449.7,1
6877,8423643485,Saini,589,Jaipur Gramin,Female,42,10,0,2,0,0,14543433.7,0
6878,8166961261,Rathore,617,Jaipur City,Female,37,9,0,2,1,1,5271963.5,0
6879,8182709730,Sharma,661,Jaipur Gramin,Male,35,0,15454866.6,2,0,1,3138511.95,1
6880,8682654102,Jat,678,Jaipur Gramin,Male,25,7,7728263.75,1,0,1,9541808.45,0
6881,8789815945,Meena,564,Jaipur Gramin,Male,23,2,0,1,0,0,16900633.3,0
6882,8096884786,Gupta,637,Jaipur City,Male,29,3,0,2,1,1,16826894.1,0
6883,8192404882,Maheshwari,583,Jaipur Gramin,Male,32,1,0,2,0,0,2689059.15,0
6884,8522034738,Aggarwal,709,Jaipur Gramin,Male,30,9,0,1,1,0,4215491.7,0
6885,8484722139,Gupta,647,Jaipur Gramin,Male,35,8,0,2,1,0,14491131.5,0
6886,8143973443,Agarwal,718,Jaipur Gramin,Female,27,1,8068260.35,1,1,1,3428891.5,0
6887,8238699091,Jain,760,Jaipur  Urban,Male,45,2,9684845.6,2,1,0,273590.35,0
6888,8434930642,Maheshwari,900,Jaipur Gramin,Male,19,8,0,1,1,1,5828440.65,0
6889,8075758633,Saini,622,Jaipur Gramin,Female,31,4,0,2,1,0,2479963.4,0
6890,8526451418,Rathore,448,Jaipur Gramin,Female,25,6,9406645.7,2,0,0,3974465.7,0
6891,8566755384,Gupta,468,Jaipur Gramin,Male,39,1,0,3,1,0,14540100.85,1
6892,8032799457,Paliwal,785,Jaipur  Urban,Female,48,7,12054616.7,1,1,0,7951795.05,1
6893,8276170947,Sharma,659,Jaipur Gramin,Female,56,8,13342812.1,1,1,0,7599447.1,1
6894,8248960759,Aggarwal,574,Jaipur Gramin,Male,50,5,12853303.9,2,1,0,14433374,0
6895,8491914917,Gupta,708,Jaipur City,Male,26,8,9887049.55,1,1,1,7076509.25,0
6896,8507173949,Aggarwal,612,Jaipur  Urban,Male,49,6,9679998.05,1,1,0,16644173.85,1
6897,8537206895,Choudhary,595,Jaipur Gramin,Male,42,7,0,2,1,1,10333311.45,0
6898,8754006780,Maheshwari,470,Jaipur Gramin,Female,48,6,10816588.3,1,1,1,7832247.65,1
6899,8178238150,Sharma,570,Jaipur City,Male,41,2,8505303.15,1,0,0,10736116.25,0
6900,8421897393,Jain,563,Jaipur Gramin,Male,66,2,0,1,1,0,11116657,1
6901,8135332787,Meena,689,Jaipur City,Female,41,4,10761436.9,1,1,1,14169069.05,0
6902,8902844441,Singh,488,Jaipur Gramin,Female,31,0,9090076.8,1,0,1,3740094.35,0
6903,8489194229,Verma,428,Jaipur City,Male,44,7,0,2,0,0,15809350.6,0
6904,8259209746,Aggarwal,581,Jaipur  Urban,Female,41,3,7530569.05,1,1,0,15214820.65,0
6905,8357660424,Maheshwari,773,Jaipur  Urban,Male,29,6,10517648.4,2,1,0,12032433.4,0
6906,8093367612,Jain,704,Jaipur Gramin,Female,35,1,9413932.75,2,1,1,4073303.7,0
6907,8877336083,Sharma,706,Jaipur City,Female,46,3,0,2,0,1,8916727.8,0
6908,8088349801,Khandelwal,503,Jaipur Gramin,Male,34,5,0,1,1,0,5820766,0
6909,8942996204,Paliwal,760,Jaipur City,Female,38,5,0,2,1,1,108078.35,0
6910,8608905009,Aggarwal,679,Jaipur City,Male,43,5,0,2,1,0,2494418.5,0
6911,8461508047,Aggarwal,493,Jaipur City,Female,40,1,0,1,1,1,15650092.05,0
6912,8331237621,Jat,726,Jaipur  Urban,Female,54,3,10700590.5,3,1,0,8161147.5,1
6913,8412828752,Jat,533,Jaipur Gramin,Male,48,10,6656743.55,3,1,1,8815684.05,1
6914,8869376661,Singh,557,Jaipur Gramin,Female,36,7,17538020.25,1,1,1,3963793.95,1
6915,8575920523,Paliwal,722,Jaipur Gramin,Male,40,7,12370636.5,1,0,1,11503410.4,0
6916,8909316617,Jain,670,Jaipur  Urban,Male,31,2,6552025.25,2,0,0,1145993.8,0
6917,8623998687,Sharma,665,Jaipur Gramin,Female,24,8,12331947.05,1,1,1,11056380.95,0
6918,8593845149,Singh,659,Jaipur  Urban,Female,41,4,9851307.05,1,1,0,12201280.8,0
6919,8284723463,Jat,596,Jaipur City,Male,24,0,9184935.95,2,1,1,15965219.35,0
6920,8771964564,Agarwal,818,Jaipur Gramin,Male,33,7,16279462.65,1,1,1,14199993.75,0
6921,8970965781,Paliwal,653,Jaipur Gramin,Male,38,3,0,2,1,1,6793914.85,0
6922,8750892305,Meena,695,Jaipur City,Female,39,7,7750971.5,1,0,1,516405.6,0
6923,8029341377,Singh,694,Jaipur Gramin,Female,60,2,0,2,1,1,3724832.6,0
6924,8717488047,Rathore,847,Jaipur Gramin,Male,34,5,9686476.75,1,0,1,2730708.3,0
6925,8885309611,Singh,682,Jaipur City,Male,43,1,12509216.25,1,0,0,12042777.05,0
6926,8703508744,Maheshwari,671,Jaipur  Urban,Male,29,9,7047900.8,1,1,1,7151345.8,0
6927,8128935874,Sharma,672,Jaipur Gramin,Male,34,1,0,2,1,0,823869.3,0
6928,8632337433,Sharma,601,Jaipur Gramin,Female,37,5,0,1,0,0,1760231,0
6929,8074872276,Agarwal,817,Jaipur Gramin,Female,48,0,4853411.6,1,1,0,7279745.1,1
6930,8306317149,Khandelwal,634,Jaipur  Urban,Male,39,1,9804001.15,1,1,1,9152315.5,1
6931,8783213019,Saini,781,Jaipur Gramin,Male,30,3,14046862,1,0,0,11459874.25,0
6932,8872413539,Saini,517,Jaipur Gramin,Female,37,1,0,1,1,0,391592.45,0
6933,8071880737,Jat,656,Jaipur Gramin,Female,42,9,0,2,1,1,4365839.7,0
6934,8762620167,Rathore,730,Jaipur City,Male,46,7,5847976.2,1,1,1,3374851.9,0
6935,8296813705,Jat,540,Jaipur City,Male,39,2,9870216.15,2,1,1,16629241.05,0
6936,8247923503,Choudhary,684,Jaipur Gramin,Male,33,1,0,2,1,1,7345114.35,0
6937,8202411702,Choudhary,590,Jaipur Gramin,Female,31,2,7148679.35,2,0,1,9892745.4,0
6938,8479292266,Verma,587,Jaipur Gramin,Female,50,4,0,2,0,1,15476542.45,0
6939,8175170289,Choudhary,750,Jaipur Gramin,Female,33,4,0,1,1,1,5769783,0
6940,8385536565,Saini,564,Jaipur Gramin,Female,43,9,0,2,0,1,970467.1,0
6941,8279208397,Khandelwal,570,Jaipur Gramin,Male,46,1,0,2,1,1,5609852.1,0
6942,8324482678,Meena,481,Jaipur  Urban,Male,25,6,8841172.15,1,1,0,9755819.75,0
6943,8183003790,Choudhary,397,Jaipur  Urban,Male,42,8,10269943.1,2,1,0,10723025.4,0
6944,8861544528,Jat,743,Jaipur City,Male,40,4,10913075.2,1,1,1,14967761.35,0
6945,8462932724,Aggarwal,900,Jaipur  Urban,Male,36,7,8738061.2,1,1,1,7424956.55,0
6946,8468711313,Sharma,545,Jaipur  Urban,Female,31,6,11515026.5,1,1,0,9101358.85,0
6947,8823058271,Meena,382,Jaipur Gramin,Male,36,7,7662328.4,1,1,1,5878424.05,0
6948,8980779877,Meena,738,Jaipur City,Male,31,7,0,1,1,1,12747500.15,0
6949,8906794390,Singh,780,Jaipur City,Female,33,3,13753124.95,1,0,1,13029562.45,1
6950,8945364541,Jat,799,Jaipur  Urban,Male,37,2,8471111.05,2,0,1,12554566.3,0
6951,8196015149,Sharma,662,Jaipur City,Female,38,6,10461956.4,2,1,1,16035927.45,0
6952,8864031318,Saini,670,Jaipur Gramin,Male,42,8,8744029.05,1,0,1,8819986.75,1
6953,8348092002,Meena,671,Jaipur Gramin,Female,37,1,12843982.8,1,1,1,11979438.45,0
6954,8740877094,Verma,569,Jaipur  Urban,Male,35,5,13927824.6,1,1,1,1285047,0
6955,8834209678,Maheshwari,613,Jaipur Gramin,Male,38,7,0,1,1,1,5372170,0
6956,8440947764,Jat,766,Jaipur City,Male,35,8,10819701.85,1,1,0,1366937.7,0
6957,8265485271,Meena,565,Jaipur Gramin,Male,49,4,15352193.4,1,0,0,44455,0
6958,8106873535,Rathore,703,Jaipur Gramin,Female,44,7,4679557.7,1,1,0,15449361.15,0
6959,8613042651,Jain,695,Jaipur City,Male,33,4,8169368.7,1,1,0,99724.55,0
6960,8018814991,Singh,620,Jaipur City,Female,46,3,9054326.65,1,0,1,7359926.45,0
6961,8764591463,Sharma,688,Jaipur Gramin,Male,39,7,6991718.35,2,1,0,9311372.6,0
6962,8920547814,Choudhary,774,Jaipur Gramin,Female,33,1,0,2,1,1,14826635.85,0
6963,8320753477,Meena,692,Jaipur  Urban,Female,26,3,8703642.15,1,1,0,10146364.15,0
6964,8014594753,Jat,616,Jaipur City,Male,39,8,10047119.85,1,1,0,1981825.15,0
6965,8112178677,Choudhary,571,Jaipur Gramin,Female,55,6,3789475.95,3,0,1,5740887.25,1
6966,8021595276,Jain,581,Jaipur City,Female,30,5,0,2,1,1,15742134.3,0
6967,8774668907,Verma,676,Jaipur Gramin,Male,22,6,0,2,0,1,11205307.75,0
6968,8130981678,Choudhary,439,Jaipur Gramin,Male,26,9,8969375.1,1,1,0,921609.1,0
6969,8492375034,Rathore,492,Jaipur  Urban,Female,50,7,10534605.9,1,1,1,2020280.85,0
6970,8566121224,Saini,623,Jaipur City,Female,38,6,0,2,1,1,9997384.65,0
6971,8462397886,Meena,715,Jaipur  Urban,Female,66,7,10157450.7,2,1,1,14792320.5,0
6972,8586647841,Gupta,545,Jaipur Gramin,Female,44,9,11544249.5,2,0,0,9782767.3,0
6973,8069722320,Gupta,594,Jaipur Gramin,Male,52,9,0,1,1,1,9038956.1,1
6974,8007214554,Choudhary,671,Jaipur  Urban,Male,39,8,9032068.55,2,1,1,16838782.2,0
6975,8062392732,Agarwal,674,Jaipur Gramin,Male,44,8,0,2,1,1,14901763.95,0
6976,8742464164,Sharma,547,Jaipur City,Male,38,2,9814368.6,1,1,0,12807770.25,0
6977,8459068842,Singh,721,Jaipur City,Female,39,9,0,2,1,1,9353729.8,0
6978,8073660245,Gupta,584,Jaipur City,Male,42,5,10219875.55,1,1,0,16565678.05,0
6979,8687705458,Agarwal,565,Jaipur Gramin,Female,47,7,0,2,0,0,9551193.3,0
6980,8515391295,Khandelwal,527,Jaipur Gramin,Female,40,7,6896237.85,1,1,0,14219634.7,0
6981,8369707671,Gupta,653,Jaipur  Urban,Female,34,10,10386744.15,2,1,1,15478475.35,0
6982,8938223905,Agarwal,566,Jaipur  Urban,Male,39,4,9544668.7,1,1,0,4196787.45,1
6983,8146832815,Sharma,784,Jaipur Gramin,Female,50,4,0,2,1,1,73219,0
6984,8099894539,Aggarwal,727,Jaipur Gramin,Male,35,5,0,2,1,1,6946061.45,0
6985,8057059478,Gupta,586,Jaipur Gramin,Male,44,8,13124827.9,1,1,0,4192542.55,1
6986,8193771214,Rathore,870,Jaipur Gramin,Male,32,9,0,2,0,0,828837.55,0
6987,8956110078,Jain,632,Jaipur City,Male,48,1,11284583,1,1,0,6706433.7,0
6988,8787873120,Paliwal,518,Jaipur Gramin,Male,60,5,6519998.95,2,0,1,1180627.05,0
6989,8878339448,Meena,797,Jaipur Gramin,Female,44,1,0,2,1,1,974727.3,0
6990,8882570892,Agarwal,720,Jaipur Gramin,Female,36,4,0,2,1,0,11117077.75,0
6991,8377828182,Jain,672,Jaipur Gramin,Male,41,3,0,2,1,1,9236600.65,0
6992,8944228959,Meena,502,Jaipur  Urban,Male,29,9,10706747.9,2,1,0,13625761.8,1
6993,8191901612,Paliwal,548,Jaipur Gramin,Female,39,7,4213682.05,1,1,0,9799479.15,1
6994,8347003249,Jat,647,Jaipur Gramin,Female,35,1,8756285.2,2,1,1,11823000.2,0
6995,8021217984,Jat,548,Jaipur Gramin,Female,24,4,0,1,0,0,1743836.2,0
6996,8820837678,Singh,640,Jaipur Gramin,Female,32,1,8840117.3,1,0,1,3114625.25,0
6997,8340820793,Jain,628,Jaipur City,Female,50,2,7404920.35,1,1,1,8872479.35,0
6998,8593702276,Sharma,613,Jaipur Gramin,Male,68,5,7016504.35,2,1,1,12448080.85,0
6999,8536985976,Agarwal,679,Jaipur City,Female,47,5,0,1,0,0,14165326.5,1
7000,8640123852,Verma,505,Jaipur Gramin,Male,27,4,10312696.4,1,1,1,13959014.5,1
7001,8446746741,Jat,810,Jaipur Gramin,Male,28,9,9449254.5,1,1,0,12693135.85,0
7002,8987474948,Sharma,697,Jaipur  Urban,Male,48,5,11875724,2,0,0,6210671.2,0
7003,8225313211,Maheshwari,557,Jaipur  Urban,Female,32,10,11889392,2,1,0,1307149.55,0
7004,8970153311,Jain,655,Jaipur  Urban,Female,44,2,9610425.55,1,0,0,4511161.65,1
7005,8177701618,Jat,684,Jaipur Gramin,Female,50,8,11758905.1,1,0,1,268527.75,0
7006,8481717780,Jat,781,Jaipur Gramin,Male,43,1,9772810.4,1,1,0,10703245.9,0
7007,8553565847,Verma,533,Jaipur Gramin,Female,33,6,0,2,1,1,10549608.4,0
7008,8785863295,Gupta,647,Jaipur Gramin,Female,38,5,0,2,0,0,7965892.3,0
7009,8149104763,Choudhary,642,Jaipur  Urban,Female,65,5,9972670.9,1,1,0,13242988.1,1
7010,8305048209,Jain,686,Jaipur Gramin,Female,28,6,0,1,0,1,749248.65,0
7011,8438408468,Singh,647,Jaipur Gramin,Female,35,8,0,1,0,0,13978588.3,0
7012,8435555721,Aggarwal,716,Jaipur Gramin,Female,25,1,0,2,0,0,7463282.2,0
7013,8868289175,Maheshwari,900,Jaipur City,Male,44,8,0,2,1,1,15607472.2,0
7014,8531810663,Jat,778,Jaipur Gramin,Female,34,8,0,2,1,0,4554642.55,0
7015,8056779374,Jain,436,Jaipur City,Female,35,2,0,2,1,1,165829.05,0
7016,8514643412,Maheshwari,566,Jaipur Gramin,Female,30,6,0,1,0,1,14877147.95,0
7017,8524441560,Jat,769,Jaipur City,Male,50,1,6692696.85,1,1,1,1106611.6,0
7018,8863671923,Rathore,655,Jaipur City,Male,25,5,15544534.8,2,1,1,3615695.15,1
7019,8167233211,Paliwal,846,Jaipur  Urban,Male,50,9,11051987.3,1,1,0,5354134.7,1
7020,8690969656,Khandelwal,644,Jaipur Gramin,Male,36,2,12971579.7,1,1,1,6093888,0
7021,8370437370,Aggarwal,661,Jaipur Gramin,Male,28,7,0,2,1,0,70036.6,0
7022,8276170623,Maheshwari,686,Jaipur Gramin,Male,28,4,14217863.3,1,1,1,14404890.5,0
7023,8801293206,Verma,472,Jaipur Gramin,Male,54,3,14265709.8,2,1,0,12763595.75,1
7024,8084472981,Meena,509,Jaipur  Urban,Male,29,9,12264446,2,1,0,2725380.5,0
7025,8550599107,Agarwal,629,Jaipur  Urban,Female,45,5,12907703.05,1,1,0,5847502.75,0
7026,8092648609,Jat,563,Jaipur City,Female,51,3,0,3,1,0,6382221.6,1
7027,8328159351,Paliwal,692,Jaipur Gramin,Female,27,2,0,2,0,1,9748303.2,0
7028,8097468997,Choudhary,437,Jaipur  Urban,Male,37,4,13259502.75,1,0,0,12211562.4,0
7029,8180402075,Agarwal,742,Jaipur  Urban,Male,26,7,12539797.55,1,0,0,4343462.6,0
7030,8679001438,Aggarwal,593,Jaipur Gramin,Female,53,4,0,1,1,0,459742.9,1
7031,8319174754,Agarwal,569,Jaipur Gramin,Male,33,8,8522697.55,1,1,0,8755532.95,0
7032,8535737510,Gupta,454,Jaipur City,Male,48,0,7079399.25,2,0,1,3752575.75,1
7033,8928419625,Jat,618,Jaipur City,Male,41,4,0,1,0,1,12688711.6,0
7034,8809035414,Agarwal,661,Jaipur City,Male,45,4,0,2,0,0,16405782.85,0
7035,8581619525,Meena,438,Jaipur  Urban,Male,53,1,9982244.45,1,0,0,6366398,1
7036,8433457103,Meena,550,Jaipur Gramin,Female,56,7,10304979.25,2,1,1,9881513.5,0
7037,8177355265,Jat,528,Jaipur  Urban,Male,37,3,11047040.3,1,0,0,1646796.8,0
7038,8775367319,Saini,562,Jaipur  Urban,Male,46,8,12821138.2,1,0,0,5483928,1
7039,8621527440,Meena,636,Jaipur Gramin,Male,31,0,0,2,1,1,2930386.9,0
7040,8213367148,Agarwal,508,Jaipur  Urban,Male,60,1,13931019.75,1,0,1,4850245.35,0
7041,8262983232,Singh,694,Jaipur Gramin,Female,48,2,0,2,1,1,2745659.8,0
7042,8785126725,Sharma,406,Jaipur Gramin,Male,38,2,0,2,1,0,11633061.75,0
7043,8956271172,Maheshwari,533,Jaipur Gramin,Male,44,1,0,2,0,0,5885760.4,0
7044,8933741164,Meena,594,Jaipur  Urban,Male,34,2,7477230.7,2,0,1,13286309.2,0
7045,8067042107,Jain,694,Jaipur Gramin,Male,26,3,0,2,1,0,424093.05,0
7046,8830210294,Aggarwal,900,Jaipur Gramin,Female,36,6,0,2,1,1,16166570.75,0
7047,8877689265,Saini,587,Jaipur  Urban,Female,20,2,10292929.65,2,1,0,300026.2,0
7048,8119280732,Jain,822,Jaipur City,Female,31,2,10343780.9,2,0,0,6951191.2,0
7049,8226626827,Agarwal,556,Jaipur City,Male,57,6,0,2,1,1,3340285.8,0
7050,8171924070,Maheshwari,602,Jaipur Gramin,Female,39,6,13100312.2,2,1,0,15012263.1,1
7051,8906382274,Verma,589,Jaipur Gramin,Male,29,6,0,2,1,1,9238195.25,0
7052,8179622511,Rathore,652,Jaipur City,Male,43,1,0,2,1,1,12389974,0
7053,8325945664,Maheshwari,606,Jaipur Gramin,Female,32,5,0,2,1,1,3581498.8,0
7054,8532098970,Verma,786,Jaipur  Urban,Male,43,6,14029122.5,3,1,0,1438999.85,1
7055,8969180975,Gupta,803,Jaipur City,Male,38,6,0,2,0,0,8873471.3,0
7056,8268487511,Jain,624,Jaipur Gramin,Female,33,9,10849259.75,1,1,1,16380993.45,0
7057,8441555005,Rathore,750,Jaipur Gramin,Male,31,8,0,2,1,1,5070285.7,0
7058,8653398315,Gupta,862,Jaipur  Urban,Female,72,8,11499685.7,2,1,1,5417026.2,0
7059,8618019770,Rathore,629,Jaipur Gramin,Female,71,4,14471424.25,3,1,1,6262765.15,1
7060,8806442631,Rathore,683,Jaipur  Urban,Female,35,4,9202882,2,1,0,14872443.2,0
7061,8217382454,Sharma,734,Jaipur Gramin,Female,32,1,0,2,1,0,144804.3,0
7062,8481693291,Choudhary,604,Jaipur  Urban,Female,35,9,12377985.6,1,1,0,13870437.7,0
7063,8002497838,Aggarwal,596,Jaipur Gramin,Female,41,4,12393810.05,2,1,1,4447137.1,0
7064,8597561089,Verma,576,Jaipur  Urban,Male,76,2,11078461.4,2,1,1,4392126.8,0
7065,8634491132,Paliwal,742,Jaipur Gramin,Female,39,3,0,2,1,1,12355184.35,0
7066,8935655133,Meena,512,Jaipur City,Male,53,8,0,1,1,1,4395483.45,0
7067,8764991965,Agarwal,755,Jaipur City,Female,42,1,0,2,1,1,12710557.45,0
7068,8676218224,Saini,775,Jaipur Gramin,Female,24,4,0,1,0,1,7998925,0
7069,8559410854,Aggarwal,719,Jaipur  Urban,Female,54,3,9435792.2,1,1,1,13251992.15,1
7070,8623056812,Gupta,791,Jaipur Gramin,Female,46,2,0,1,1,1,11762309.35,0
7071,8905826463,Sharma,778,Jaipur Gramin,Female,39,3,13376580.9,1,0,1,8307415.5,0
7072,8613968832,Gupta,718,Jaipur City,Female,63,5,0,1,1,1,14754020.35,0
7073,8614186149,Choudhary,703,Jaipur Gramin,Male,37,9,11437652.7,1,1,0,2345693.15,0
7074,8909512908,Saini,695,Jaipur Gramin,Male,40,1,0,1,1,1,1436261.15,0
7075,8941362442,Paliwal,698,Jaipur  Urban,Male,36,5,6151757.7,2,1,0,3136159.15,0
7076,8712045705,Khandelwal,814,Jaipur Gramin,Female,34,7,9312948.5,1,0,1,9608978.85,0
7077,8365041007,Sharma,770,Jaipur Gramin,Female,25,4,11229871.05,2,1,0,11044347.5,0
7078,8434146746,Gupta,659,Jaipur  Urban,Male,24,7,8601594.55,1,0,0,11312762.2,0
7079,8812872537,Choudhary,796,Jaipur Gramin,Male,67,1,12702122.05,2,0,1,9034032.9,0
7080,8901104375,Khandelwal,594,Jaipur  Urban,Male,30,9,11107979.35,2,1,1,4918344.8,0
7081,8812217910,Maheshwari,634,Jaipur  Urban,Female,51,10,9798841.65,2,0,0,1073431.85,1
7082,8861536147,Agarwal,630,Jaipur Gramin,Female,36,8,11045273.15,2,0,0,16907758,0
7083,8150841411,Agarwal,760,Jaipur Gramin,Male,36,5,0,2,1,1,9275840.9,0
7084,8814360251,Paliwal,678,Jaipur City,Female,32,10,0,1,1,1,1911433.25,0
7085,8089402262,Gupta,846,Jaipur  Urban,Male,56,6,12903194.65,1,1,0,3977242.65,1
7086,8769860013,Maheshwari,750,Jaipur Gramin,Male,38,6,0,2,1,1,13489268.8,0
7087,8079702323,Paliwal,545,Jaipur Gramin,Female,38,3,11792215.75,1,1,1,16501760.6,0
7088,8009788041,Aggarwal,690,Jaipur City,Female,35,8,13227791.8,1,0,1,2990071.35,0
7089,8114275501,Saini,547,Jaipur Gramin,Female,54,4,12750457.3,1,1,0,13346317.5,1
7090,8372509083,Jat,642,Jaipur City,Female,48,2,0,2,1,1,11606856.25,0
7091,8224292960,Aggarwal,601,Jaipur Gramin,Male,47,1,5476555.1,2,0,1,8204027.45,0
7092,8197195434,Agarwal,600,Jaipur  Urban,Male,53,7,9032238.55,1,1,0,7958521.1,1
7093,8691377305,Saini,790,Jaipur City,Male,40,3,0,2,0,0,8168300.25,0
7094,8966706870,Choudhary,607,Jaipur  Urban,Female,41,4,11276995.05,1,1,0,13300490.6,1
7095,8313107697,Sharma,648,Jaipur Gramin,Female,67,3,0,1,0,1,3651993.55,0
7096,8185963823,Singh,784,Jaipur  Urban,Female,38,1,9971768.2,1,1,0,10371813.05,1
7097,8993314076,Jain,551,Jaipur City,Male,38,3,12399319.75,1,1,0,4786468.15,1
7098,8471942170,Maheshwari,785,Jaipur City,Female,50,7,12476082.4,2,0,1,12808269.2,0
7099,8504032657,Rathore,625,Jaipur  Urban,Male,51,4,9348200.55,1,0,0,15107949.3,1
7100,8810718567,Gupta,665,Jaipur Gramin,Female,37,5,0,1,0,1,6076843.8,0
7101,8665336891,Singh,660,Jaipur City,Male,24,8,9254947.05,1,1,0,8881890.55,0
7102,8145721545,Verma,877,Jaipur City,Female,44,10,0,1,0,1,4056993.05,0
7103,8852003577,Saini,503,Jaipur Gramin,Male,39,2,9601367.1,2,1,0,8295418.6,0
7104,8412093289,Jain,542,Jaipur  Urban,Female,42,8,8785781.9,1,0,1,15883914.3,1
7105,8908988996,Meena,572,Jaipur City,Male,41,4,7566326.85,1,0,1,11494314.55,0
7106,8134696905,Choudhary,571,Jaipur City,Male,45,5,11357530.85,1,0,0,11495813.95,0
7107,8049252721,Jat,655,Jaipur Gramin,Male,40,5,7962836.55,2,1,1,15255227.1,0
7108,8731300372,Rathore,733,Jaipur  Urban,Female,45,1,8286322.75,2,1,0,4301902.7,0
7109,8570946661,Meena,847,Jaipur City,Female,37,2,11712505.3,2,0,1,6394721.7,0
7110,8691692418,Jat,684,Jaipur Gramin,Female,39,8,8663923.35,1,0,0,7582470.9,0
7111,8729587687,Verma,695,Jaipur City,Female,28,9,0,2,0,1,5249750.45,0
7112,8451537502,Agarwal,900,Jaipur City,Female,39,6,0,2,1,0,8833321.55,0
7113,8035063229,Aggarwal,684,Jaipur  Urban,Female,35,2,6764806.6,1,0,1,16898246.5,0
7114,8675015528,Gupta,760,Jaipur Gramin,Female,24,3,13760224.15,1,1,1,817465.4,0
7115,8270460132,Sharma,797,Jaipur Gramin,Female,39,1,10970825.9,2,1,1,15971935.2,0
7116,8683744380,Jat,688,Jaipur Gramin,Female,42,4,0,2,1,0,10322468,0
7117,8361358081,Rathore,586,Jaipur  Urban,Male,49,6,11273019.6,3,1,0,3084899.9,1
7118,8189752129,Singh,557,Jaipur City,Male,31,5,10324258.95,1,1,1,1736727.65,1
7119,8148200422,Khandelwal,738,Jaipur Gramin,Male,32,8,14901122.2,1,1,0,15899354.55,0
7120,8186701680,Saini,625,Jaipur Gramin,Male,31,7,11615981.85,1,1,1,12638576.05,0
7121,8796089257,Agarwal,835,Jaipur City,Female,23,3,12459656.15,2,0,0,10662893,0
7122,8576940193,Khandelwal,686,Jaipur Gramin,Male,34,6,0,1,0,0,1932565.1,0
7123,8578900521,Saini,512,Jaipur City,Female,46,10,11170254.6,1,1,0,4670538.35,0
7124,8293411603,Rathore,746,Jaipur Gramin,Female,38,3,0,2,0,1,14278701.2,0
7125,8604963907,Saini,595,Jaipur  Urban,Male,34,4,8452502.85,2,0,1,408192.95,0
7126,8726295724,Jat,775,Jaipur Gramin,Female,32,4,0,2,1,1,6197328.75,0
7127,8259407851,Singh,508,Jaipur Gramin,Female,26,4,0,2,1,0,15766548.85,0
7128,8541749066,Khandelwal,629,Jaipur Gramin,Male,44,3,0,2,1,0,7514638.35,0
7129,8670492284,Choudhary,544,Jaipur City,Male,38,1,15394361.05,2,1,0,15686290.15,0
7130,8784457385,Khandelwal,900,Jaipur City,Male,33,3,8540499.1,2,1,1,11605826.05,0
7131,8903926318,Saini,599,Jaipur  Urban,Male,33,2,4415745.75,2,1,0,7228903.2,0
7132,8450756868,Aggarwal,470,Jaipur Gramin,Male,35,8,10290396.65,1,0,0,7260825.8,0
7133,8293152984,Singh,728,Jaipur City,Male,48,8,7517539.4,1,1,1,10191772,1
7134,8685004592,Verma,772,Jaipur Gramin,Female,30,1,10796988.15,1,1,1,11796375.65,0
7135,8651948836,Sharma,506,Jaipur Gramin,Male,41,5,12252552.8,1,1,1,1257141.5,0
7136,8244491425,Jat,697,Jaipur City,Female,57,2,14731021.05,1,0,1,11216996.1,0
7137,8682817736,Jain,871,Jaipur Gramin,Female,49,0,0,1,0,0,15190348.3,1
7138,8464829893,Meena,636,Jaipur  Urban,Female,28,8,9046188.75,1,1,1,1729311.4,0
7139,8592406929,Paliwal,396,Jaipur  Urban,Female,66,6,11508346.35,2,1,1,14692425.1,1
7140,8787312077,Singh,847,Jaipur Gramin,Female,67,1,0,2,0,1,8835374.3,0
7141,8082333970,Jain,724,Jaipur City,Male,39,6,12978259,1,0,0,15610770.2,0
7142,8358682829,Jain,786,Jaipur  Urban,Female,38,1,6977099.2,1,0,1,878371.3,0
7143,8509221927,Jain,614,Jaipur City,Female,63,2,11188479.45,2,1,0,10379314.3,1
7144,8940469520,Rathore,743,Jaipur Gramin,Female,54,7,0,2,1,1,10628529.2,0
7145,8901994171,Agarwal,545,Jaipur  Urban,Female,55,0,9220567.95,1,0,1,11900255,1
7146,8302628956,Khandelwal,700,Jaipur Gramin,Male,30,4,9756244.75,1,0,0,15569574.95,0
7147,8115954729,Singh,779,Jaipur Gramin,Male,41,5,4893359.9,1,1,1,5195904.65,0
7148,8446455248,Jat,749,Jaipur City,Male,36,1,0,2,1,0,4459291.25,0
7149,8149911930,Maheshwari,804,Jaipur City,Male,30,8,0,2,0,1,4321387.25,0
7150,8739568746,Khandelwal,696,Jaipur Gramin,Male,37,4,0,2,1,0,5205473.95,0
7151,8423093575,Khandelwal,719,Jaipur Gramin,Female,32,4,9397554.1,1,1,1,10831512.6,0
7152,8090036288,Choudhary,410,Jaipur Gramin,Male,34,4,0,2,1,0,5809161.8,0
7153,8567222636,Jain,515,Jaipur Gramin,Male,46,8,0,1,0,0,10753514.9,1
7154,8153015092,Agarwal,569,Jaipur City,Male,36,3,0,2,1,1,727571.1,0
7155,8068269539,Paliwal,606,Jaipur Gramin,Male,33,9,10892989.7,1,0,0,12564938.85,0
7156,8089804422,Aggarwal,498,Jaipur  Urban,Male,45,7,10281727.5,3,1,1,3339489.35,1
7157,8809342957,Rathore,638,Jaipur  Urban,Male,65,6,11005148.05,1,1,1,7240255.8,0
7158,8452724612,Maheshwari,550,Jaipur Gramin,Male,32,10,8925019.55,1,1,0,16151666.85,0
7159,8130108439,Agarwal,401,Jaipur  Urban,Male,55,8,9293829.45,2,1,0,8194499.8,1
7160,8136944155,Saini,510,Jaipur Gramin,Female,59,6,4702914,1,1,0,7084132.05,1
7161,8088659005,Jat,648,Jaipur  Urban,Male,23,3,6121084.6,1,1,0,13713316.05,0
7162,8326846954,Maheshwari,708,Jaipur Gramin,Female,36,6,9390840.8,1,0,0,6909848.05,0
7163,8523232528,Verma,608,Jaipur City,Male,34,9,11257399.15,1,1,0,15108556.2,0
7164,8102713572,Rathore,900,Jaipur Gramin,Female,46,3,0,2,1,1,15978317.85,0
7165,8435336211,Maheshwari,816,Jaipur  Urban,Male,34,5,7999225.9,2,1,0,15064992.85,0
7166,8858447874,Gupta,619,Jaipur  Urban,Female,28,10,8939789.15,1,0,1,2536006.45,1
7167,8197782948,Aggarwal,622,Jaipur City,Female,40,8,0,2,1,0,6817372.3,0
7168,8995829465,Jain,691,Jaipur Gramin,Male,29,7,11216588.1,1,0,0,16087848.85,0
7169,8387892110,Sharma,488,Jaipur Gramin,Male,33,7,0,2,1,1,7259935.85,0
7170,8205914418,Rathore,468,Jaipur Gramin,Male,34,5,10450996.5,2,0,0,13120682.45,0
7171,8793074095,Choudhary,694,Jaipur Gramin,Male,36,0,9127272.8,1,1,1,7179115.3,0
7172,8271126663,Jat,644,Jaipur  Urban,Male,30,6,10424532.6,2,1,0,5577530.85,0
7173,8036804492,Saini,602,Jaipur Gramin,Female,33,8,0,2,1,1,9598942.9,0
7174,8024784815,Maheshwari,773,Jaipur City,Female,30,1,10543168.8,1,1,1,12087929.9,0
7175,8205298178,Sharma,648,Jaipur Gramin,Female,50,9,9993027.55,2,0,0,7017580.45,0
7176,8770185408,Sharma,701,Jaipur Gramin,Female,38,5,11321099,1,0,0,10827985.1,0
7177,8822457928,Aggarwal,474,Jaipur  Urban,Male,39,8,10221421.7,2,1,1,863619.55,0
7178,8678110622,Maheshwari,551,Jaipur  Urban,Female,28,3,12942508.85,1,0,0,5460596.35,0
7179,8718553960,Agarwal,701,Jaipur Gramin,Male,38,5,8930948.3,2,1,1,16860198.8,0
7180,8489391221,Choudhary,616,Jaipur Gramin,Male,42,7,9781465.1,1,1,1,6742506.85,0
7181,8778224281,Agarwal,833,Jaipur Gramin,Male,30,8,0,2,1,1,2049682.35,0
7182,8756523216,Saini,763,Jaipur Gramin,Female,42,7,9968819.55,3,0,0,3563290.1,1
7183,8738493367,Maheshwari,710,Jaipur  Urban,Male,49,6,9395936.55,2,0,1,9135204.15,0
7184,8868000801,Sharma,724,Jaipur City,Male,36,7,11483114.95,1,1,0,12228071.1,0
7185,8899723912,Choudhary,744,Jaipur  Urban,Male,23,0,15968200.3,2,1,1,8850214.45,0
7186,8948729149,Choudhary,812,Jaipur  Urban,Male,44,3,10595725.15,2,0,1,6782345.5,0
7187,8981275250,Meena,664,Jaipur Gramin,Male,44,8,0,2,1,1,13144376.2,0
7188,8974467596,Khandelwal,542,Jaipur Gramin,Female,38,9,11398925.85,1,0,0,4917258.5,0
7189,8000226884,Jat,730,Jaipur Gramin,Female,34,4,0,1,1,1,5343808.05,0
7190,8261263272,Paliwal,656,Jaipur Gramin,Female,40,9,0,2,0,1,7850362.85,0
7191,8875833164,Maheshwari,596,Jaipur  Urban,Male,52,8,7113933.9,2,1,1,13692100.05,0
7192,8275774552,Sharma,481,Jaipur Gramin,Male,42,9,9743654.55,1,0,1,7771527.9,0
7193,8351148543,Sharma,731,Jaipur Gramin,Male,44,9,10931168.3,1,1,0,9947652,0
7194,8661346350,Choudhary,625,Jaipur  Urban,Female,34,2,7756974.2,2,1,0,3812879,0
7195,8944030467,Agarwal,839,Jaipur Gramin,Male,70,8,5985423.75,1,1,1,3101099.2,0
7196,8067187427,Khandelwal,690,Jaipur Gramin,Female,33,6,0,2,1,0,2893876.85,0
7197,8234491838,Sharma,553,Jaipur Gramin,Female,35,5,0,2,1,0,5098437.7,0
7198,8789667507,Choudhary,728,Jaipur Gramin,Female,42,10,0,2,1,1,13000273.15,0
7199,8400196105,Sharma,684,Jaipur Gramin,Male,33,6,7505041,1,1,0,5693220.1,0
7200,8256789787,Paliwal,659,Jaipur City,Female,32,7,0,1,1,0,2447772.2,0
7201,8992052600,Khandelwal,509,Jaipur Gramin,Male,28,1,7954070.5,1,1,1,4392019.7,0
7202,8374603389,Choudhary,707,Jaipur  Urban,Female,30,5,11615325.65,1,1,1,3558586.2,1
7203,8884865157,Meena,568,Jaipur City,Female,72,8,8395096.4,1,1,1,8161320.05,0
7204,8400666266,Paliwal,668,Jaipur Gramin,Male,33,1,7166313.45,2,0,0,8832724,0
7205,8336916727,Paliwal,703,Jaipur City,Male,39,10,11581935.1,1,0,0,7581958.35,0
7206,8162231613,Maheshwari,700,Jaipur Gramin,Female,29,9,0,2,1,1,4152240.65,0
7207,8901585331,Jat,784,Jaipur  Urban,Female,47,1,11148672.25,1,1,0,16782798.65,0
7208,8657312943,Khandelwal,504,Jaipur City,Female,30,4,12343954.15,2,0,0,12338681.6,0
7209,8766854978,Maheshwari,536,Jaipur  Urban,Male,25,4,8342033.45,2,1,1,4446333,0
7210,8023990957,Choudhary,664,Jaipur Gramin,Male,47,6,0,1,1,0,4309154.05,1
7211,8303058912,Khandelwal,658,Jaipur City,Female,28,9,8694021.85,1,1,1,13420744.35,0
7212,8700953161,Singh,647,Jaipur Gramin,Female,37,4,9870356.4,2,0,1,15457312.9,0
7213,8840223070,Khandelwal,733,Jaipur Gramin,Female,25,5,16155655.9,1,0,0,4364358.15,1
7214,8544784526,Sharma,461,Jaipur  Urban,Female,55,8,12694714.3,3,0,0,11689193.2,1
7215,8828658630,Maheshwari,745,Jaipur Gramin,Male,36,1,13190030.55,2,1,1,4220536.45,0
7216,8541403939,Saini,538,Jaipur  Urban,Male,32,2,8413833.8,1,1,1,4748727.3,0
7217,8426462605,Jat,695,Jaipur Gramin,Male,41,8,12556793.3,3,1,0,14683699,1
7218,8537772023,Meena,544,Jaipur Gramin,Male,41,1,0,2,1,0,7701621.35,0
7219,8972115567,Jain,788,Jaipur Gramin,Male,36,7,12312425.1,1,0,0,11123265.75,0
7220,8052445901,Choudhary,577,Jaipur Gramin,Male,54,4,7590483.85,1,0,0,472469.95,1
7221,8785318530,Saini,742,Jaipur City,Male,40,9,0,2,0,0,10330722.35,0
7222,8662990192,Choudhary,630,Jaipur Gramin,Male,41,6,8301368.6,2,1,0,4855946.3,0
7223,8326781428,Agarwal,773,Jaipur City,Male,39,4,8088748.75,1,1,0,1649830.45,0
7224,8695643757,Sharma,839,Jaipur  Urban,Male,31,9,13139888.2,1,0,1,7531415.65,1
7225,8004809073,Rathore,781,Jaipur City,Female,34,8,10803086.9,2,0,0,40760.9,0
7226,8862506562,Aggarwal,817,Jaipur  Urban,Male,35,7,7864722.75,2,1,1,14776190.9,0
7227,8802954621,Verma,812,Jaipur  Urban,Female,46,0,9125838,1,1,0,41420.5,0
7228,8759379029,Agarwal,725,Jaipur City,Female,24,2,0,1,1,0,3026021.25,1
7229,8179987218,Maheshwari,527,Jaipur Gramin,Female,47,2,10819313.4,2,1,1,14189001.55,1
7230,8538491618,Saini,739,Jaipur Gramin,Female,29,6,0,2,1,1,8414881.85,0
7231,8356562379,Agarwal,684,Jaipur Gramin,Male,37,2,0,2,1,1,4609527.9,0
7232,8682546500,Gupta,546,Jaipur Gramin,Male,40,10,11894065.3,1,1,1,8986207.65,0
7233,8235651593,Choudhary,695,Jaipur  Urban,Female,30,4,6625723.65,1,1,1,10297874.1,0
7234,8824596968,Choudhary,565,Jaipur Gramin,Male,38,1,10319428.4,1,1,1,13161758.7,0
7235,8198367136,Singh,494,Jaipur City,Female,35,5,10589358.65,1,1,1,1596765.8,0
7236,8276248972,Verma,716,Jaipur Gramin,Male,35,5,11312459.6,1,1,0,5505586.85,0
7237,8016182143,Verma,389,Jaipur City,Male,34,7,0,1,1,1,1381301.85,0
7238,8654426466,Gupta,701,Jaipur Gramin,Female,43,7,0,2,1,0,11142989.15,0
7239,8564261810,Sharma,716,Jaipur City,Male,62,7,0,1,1,0,10980995.3,1
7240,8100755743,Aggarwal,576,Jaipur  Urban,Male,45,8,8817996.9,1,1,0,4031442.05,1
7241,8414533066,Paliwal,600,Jaipur Gramin,Female,32,7,8404625.75,1,1,0,11302722.85,0
7242,8341091951,Paliwal,505,Jaipur Gramin,Male,37,5,8996677.1,2,1,1,7217197,0
7243,8292711397,Khandelwal,677,Jaipur City,Male,44,7,6589766.1,3,0,0,4873777.6,1
7244,8158347799,Rathore,641,Jaipur Gramin,Male,77,5,0,2,1,1,13734287.25,0
7245,8865105186,Jain,414,Jaipur Gramin,Female,33,7,0,2,1,0,10423182.8,0
7246,8690608978,Rathore,722,Jaipur  Urban,Female,36,2,8947514.8,2,1,1,4497338.95,0
7247,8414697639,Maheshwari,462,Jaipur Gramin,Male,37,5,0,2,0,1,14469249.95,0
7248,8171307957,Meena,578,Jaipur  Urban,Female,40,3,9362786.55,1,1,1,16299400.25,1
7249,8547607148,Maheshwari,606,Jaipur City,Female,57,2,0,3,1,0,5665483.75,1
7250,8577823147,Singh,634,Jaipur Gramin,Male,25,7,0,2,1,1,16658108.75,0
7251,8399562429,Maheshwari,605,Jaipur City,Female,28,6,0,2,1,1,5869782.1,0
7252,8140495337,Jain,749,Jaipur  Urban,Male,31,9,11744135.5,1,1,0,1098236.55,0
7253,8383400290,Meena,560,Jaipur  Urban,Male,40,7,10392545.4,1,1,0,11776982.9,0
7254,8612145347,Sharma,815,Jaipur City,Female,55,0,11330158.3,1,1,0,1940780.35,1
7255,8137945632,Meena,822,Jaipur Gramin,Male,36,2,0,1,0,1,5253943.5,0
7256,8177744588,Meena,556,Jaipur Gramin,Female,32,0,12607717.65,1,1,0,16286362.95,1
7257,8070341431,Gupta,865,Jaipur  Urban,Female,31,2,5858843.45,1,1,1,2162825,0
7258,8312400803,Gupta,776,Jaipur Gramin,Female,47,5,11892741,4,0,1,11046987.6,1
7259,8641896117,Meena,600,Jaipur  Urban,Female,58,8,10091464.35,1,0,0,527808.35,1
7260,8865039338,Agarwal,630,Jaipur City,Male,32,7,9091368.8,1,1,1,11457491.7,0
7261,8761782930,Jain,808,Jaipur Gramin,Female,41,7,16170309.05,1,1,1,4891720.25,0
7262,8006216618,Jat,751,Jaipur Gramin,Female,53,1,9650707.05,1,0,1,2411212.85,0
7263,8655461131,Jat,649,Jaipur City,Female,40,4,8592672.95,1,1,1,4394762.65,0
7264,8089458698,Khandelwal,659,Jaipur Gramin,Female,46,2,0,2,1,1,5661229.5,0
7265,8602594885,Khandelwal,401,Jaipur City,Male,33,3,0,1,1,1,232875.35,0
7266,8851979519,Sharma,766,Jaipur Gramin,Female,38,7,0,2,0,0,5884330.7,0
7267,8575306123,Rathore,794,Jaipur City,Female,60,10,14358263.75,1,1,0,2672827.55,1
7268,8026149594,Singh,488,Jaipur  Urban,Male,31,9,9485121.95,1,1,0,12753161.15,0
7269,8516858264,Verma,607,Jaipur  Urban,Female,27,6,14646378.05,1,0,1,9473158.2,0
7270,8970414441,Sharma,666,Jaipur  Urban,Male,34,7,10032409.75,1,1,0,4354237.2,1
7271,8423214338,Meena,716,Jaipur  Urban,Male,51,1,12572375.5,1,1,1,4554396.9,0
7272,8526490626,Gupta,485,Jaipur  Urban,Male,42,7,11159425.6,2,1,1,12724311.3,0
7273,8032051283,Khandelwal,664,Jaipur Gramin,Female,74,0,10308487.2,1,1,1,13629606.35,0
7274,8764221595,Choudhary,672,Jaipur City,Male,38,6,9338892.2,1,1,1,13144562.35,0
7275,8960044694,Agarwal,662,Jaipur Gramin,Female,34,6,8282047.25,2,1,1,8868199.6,0
7276,8876588207,Paliwal,683,Jaipur Gramin,Female,42,9,0,2,0,0,11528577.2,0
7277,8239112898,Saini,593,Jaipur Gramin,Male,35,2,11377527.95,1,1,1,5555741.1,0
7278,8204085719,Maheshwari,787,Jaipur  Urban,Male,32,0,9309893.6,2,1,1,4774986.35,0
7279,8503257706,Maheshwari,650,Jaipur Gramin,Female,33,4,7191623.9,2,0,1,5105054.95,0
7280,8661689767,Paliwal,463,Jaipur  Urban,Male,37,1,8622230,1,0,0,4365987.6,0
7281,8081092741,Gupta,845,Jaipur Gramin,Male,55,7,0,2,1,1,10093971,0
7282,8537498387,Jat,635,Jaipur Gramin,Male,59,9,9660915.55,1,1,1,9932147.15,1
7283,8431774602,Singh,577,Jaipur City,Female,44,7,16092043.6,2,1,0,3827229.55,1
7284,8380719967,Jain,680,Jaipur Gramin,Male,31,3,8458682.35,1,1,1,16120867.1,0
7285,8543228570,Paliwal,680,Jaipur City,Male,35,4,8294752.2,2,0,0,4863144.1,0
7286,8815890708,Gupta,695,Jaipur Gramin,Male,29,3,0,2,1,1,5413400.1,0
7287,8706440427,Khandelwal,696,Jaipur Gramin,Female,43,4,0,2,1,1,4994713.05,0
7288,8363935471,Agarwal,653,Jaipur City,Male,32,3,11616077.9,1,1,1,1205961.3,0
7289,8063603569,Jain,565,Jaipur Gramin,Female,30,4,7289248.1,1,1,0,12334855.75,0
7290,8839616524,Khandelwal,632,Jaipur City,Female,35,7,0,1,1,0,15956052.1,0
7291,8391035221,Verma,523,Jaipur Gramin,Male,39,4,0,2,1,0,2307779.75,0
7292,8853133346,Maheshwari,599,Jaipur City,Male,33,4,4393725.65,1,1,0,9487934.6,1
7293,8057973294,Meena,773,Jaipur City,Male,34,3,0,2,1,0,2315769.75,0
7294,8875898069,Choudhary,731,Jaipur Gramin,Female,34,2,9491922.8,1,1,0,4847521.1,0
7295,8597687707,Jat,664,Jaipur  Urban,Male,31,2,13153023.25,2,0,0,2140555.85,0
7296,8708180625,Jat,658,Jaipur  Urban,Male,31,7,10682928.35,1,0,1,11048379.05,0
7297,8850296990,Maheshwari,676,Jaipur  Urban,Female,37,8,13200815.35,1,1,0,10090913.55,0
7298,8811187836,Singh,616,Jaipur  Urban,Female,43,4,11957942.8,1,0,1,1711395.95,0
7299,8860132461,Maheshwari,624,Jaipur Gramin,Male,28,9,6111714.2,1,0,1,16167699.55,0
7300,8079882788,Aggarwal,673,Jaipur Gramin,Male,51,6,12461561,1,1,1,5781861.5,0
7301,8856334100,Rathore,683,Jaipur  Urban,Male,45,1,10535728.75,1,0,0,9424932.6,0
7302,8147684877,Khandelwal,800,Jaipur  Urban,Female,33,1,12304022.85,1,1,1,11260863.75,0
7303,8247626712,Verma,469,Jaipur Gramin,Female,72,6,7759243.7,1,1,1,597800.75,0
7304,8354803034,Jat,664,Jaipur Gramin,Male,43,0,0,2,1,0,2368319.3,0
7305,8181825255,Rathore,695,Jaipur  Urban,Male,58,8,10697295.05,2,1,1,7395694.45,0
7306,8652146491,Jat,704,Jaipur Gramin,Male,28,7,9189916.1,1,1,1,2329951.15,0
7307,8573529723,Jain,884,Jaipur Gramin,Female,38,2,0,2,1,1,3943592.85,0
7308,8931901718,Meena,900,Jaipur Gramin,Male,28,8,5749362.6,2,1,1,16510849.65,0
7309,8544104558,Rathore,676,Jaipur City,Female,53,6,12767019.55,1,0,1,12861967.95,1
7310,8232595067,Agarwal,536,Jaipur City,Female,22,7,12009407.75,1,1,0,10042137.15,0
7311,8929005468,Khandelwal,632,Jaipur Gramin,Female,41,6,0,3,1,1,11789563.75,1
7312,8089397678,Aggarwal,728,Jaipur Gramin,Male,37,1,0,2,0,1,513018.35,0
7313,8245637661,Meena,635,Jaipur Gramin,Female,43,0,0,2,1,1,3507413.65,0
7314,8331662450,Paliwal,704,Jaipur Gramin,Female,36,4,8258426.6,1,0,1,5370729.25,0
7315,8031792217,Agarwal,586,Jaipur Gramin,Female,36,2,0,2,1,0,7865560,1
7316,8459292197,Choudhary,482,Jaipur  Urban,Female,33,6,10645499.45,2,1,1,13492565.95,0
7317,8726097490,Verma,832,Jaipur  Urban,Male,54,2,10962121.05,1,0,0,1583839,1
7318,8106766040,Verma,752,Jaipur  Urban,Male,59,5,12969390.1,1,1,0,6105558.5,1
7319,8053997927,Saini,638,Jaipur City,Female,32,1,0,2,1,0,1659680.25,0
7320,8557084133,Saini,449,Jaipur  Urban,Female,37,5,12128528.45,2,1,1,9431033.05,0
7321,8020629875,Khandelwal,900,Jaipur  Urban,Female,31,1,11057612.6,2,1,1,379627.85,0
7322,8875115734,Rathore,581,Jaipur Gramin,Male,36,9,0,1,1,1,8994573.35,0
7323,8095602396,Jain,736,Jaipur Gramin,Female,32,1,9952991.7,1,0,0,12712500.55,1
7324,8029764622,Verma,770,Jaipur City,Male,24,8,0,2,1,0,345973.8,0
7325,8793097146,Singh,608,Jaipur Gramin,Female,39,10,0,3,1,0,11282996.05,1
7326,8804833538,Paliwal,793,Jaipur City,Female,34,2,0,2,1,0,5206356.25,0
7327,8347011849,Khandelwal,600,Jaipur Gramin,Male,49,7,7668606.5,1,1,0,7764559.6,0
7328,8572448206,Rathore,660,Jaipur City,Male,42,4,16535276.1,1,1,0,14538851.35,1
7329,8767350903,Saini,900,Jaipur  Urban,Male,56,1,14428225.55,1,0,0,13247284,1
7330,8260793295,Paliwal,481,Jaipur Gramin,Female,34,5,0,1,1,0,2327384.15,0
7331,8065852304,Choudhary,382,Jaipur Gramin,Male,34,8,13257779.8,1,1,0,13107761.6,0
7332,8192205951,Jat,836,Jaipur City,Male,59,4,10992322.4,1,1,1,7958086.75,0
7333,8156000978,Agarwal,826,Jaipur  Urban,Female,42,6,11785291.65,2,1,0,5503415.95,0
7334,8199461386,Khandelwal,719,Jaipur City,Male,43,2,11601468.1,2,1,0,7039354.05,0
7335,8285890223,Paliwal,619,Jaipur Gramin,Male,18,6,0,2,1,1,2321229.3,0
7336,8129425028,Jain,661,Jaipur Gramin,Female,41,4,3282462,1,1,1,8914528,0
7337,8890405188,Gupta,665,Jaipur Gramin,Female,28,7,0,2,1,0,12861891.45,0
7338,8627137855,Khandelwal,691,Jaipur Gramin,Female,34,8,7047276.9,1,1,0,7804477.3,1
7339,8292759033,Rathore,730,Jaipur  Urban,Female,54,8,12337869,1,0,1,10651449.45,1
7340,8168269325,Choudhary,479,Jaipur City,Female,42,0,12510966.4,1,1,1,1263859.9,1
7341,8943256625,Agarwal,707,Jaipur Gramin,Male,39,4,0,2,1,0,16669558.25,0
7342,8256690073,Verma,900,Jaipur City,Male,54,7,9195793.85,2,0,0,2047939,1
7343,8762213959,Maheshwari,482,Jaipur Gramin,Male,30,4,0,2,1,1,5632428.95,0
7344,8093993028,Jat,652,Jaipur Gramin,Male,34,7,0,2,0,1,8525851.05,0
7345,8036114822,Agarwal,794,Jaipur Gramin,Male,28,2,0,2,1,0,14272309.2,0
7346,8703105406,Aggarwal,743,Jaipur Gramin,Male,49,5,9003038.5,1,1,1,1380960.15,0
7347,8965963791,Saini,827,Jaipur Gramin,Male,27,6,0,2,1,0,8806310.25,0
7348,8563072438,Agarwal,544,Jaipur City,Male,42,7,0,2,1,0,652819.55,0
7349,8329040717,Gupta,418,Jaipur City,Male,25,2,0,2,0,0,8093337.05,0
7350,8942617444,Choudhary,638,Jaipur  Urban,Male,42,6,5097642.1,2,0,1,12594699.9,0
7351,8259916343,Jat,683,Jaipur City,Male,25,7,13364431.85,2,1,0,10572546.5,0
7352,8370077288,Singh,665,Jaipur City,Male,34,5,0,2,1,0,13541474.1,0
7353,8972818563,Maheshwari,751,Jaipur Gramin,Female,38,4,0,2,0,0,576935.8,0
7354,8173017059,Meena,595,Jaipur Gramin,Male,21,4,17886811.8,2,0,1,16770310.45,1
7355,8621362735,Agarwal,760,Jaipur  Urban,Female,30,1,8708480.35,1,1,0,1832340.75,0
7356,8176901367,Singh,515,Jaipur City,Female,35,5,0,2,1,0,4804030,0
7357,8119687440,Singh,472,Jaipur Gramin,Female,37,8,12153934.1,2,1,0,13501484.15,0
7358,8101860974,Sharma,618,Jaipur City,Female,29,7,12183097.6,2,1,1,10743660.85,0
7359,8342691653,Gupta,600,Jaipur Gramin,Female,49,6,0,1,0,1,12587469.8,1
7360,8615325519,Maheshwari,679,Jaipur Gramin,Male,36,4,10214059,2,1,0,2864627.5,0
7361,8721423708,Gupta,653,Jaipur City,Male,54,6,0,1,0,1,7192901.45,0
7362,8057469411,Sharma,710,Jaipur Gramin,Female,36,4,0,1,1,0,15774375.65,1
7363,8828553765,Aggarwal,728,Jaipur Gramin,Male,73,6,5658719.45,1,1,1,5335348,0
7364,8323502436,Meena,604,Jaipur Gramin,Male,40,4,8740844.1,2,1,1,3300474.35,0
7365,8951385839,Saini,685,Jaipur Gramin,Female,34,5,14004392.6,1,1,0,9413654.8,0
7366,8282697021,Choudhary,562,Jaipur City,Female,36,10,13056901.85,1,1,1,4597123,1
7367,8378500728,Jat,598,Jaipur City,Female,35,8,0,3,0,1,7535992.05,0
7368,8793705519,Choudhary,607,Jaipur City,Male,42,10,0,2,1,0,15124774.2,0
7369,8413682697,Meena,900,Jaipur  Urban,Female,36,3,14367195.55,1,1,0,14809980.1,0
7370,8390514920,Choudhary,653,Jaipur City,Female,26,4,13043736.2,2,1,1,7029231.4,0
7371,8997724195,Sharma,666,Jaipur Gramin,Male,37,4,0,2,1,1,12105357.45,0
7372,8617097628,Gupta,900,Jaipur Gramin,Male,30,10,13087695.65,2,1,0,5338937.55,0
7373,8476511693,Choudhary,700,Jaipur City,Male,34,9,9741811.75,2,0,1,2153839.65,0
7374,8469455875,Rathore,676,Jaipur  Urban,Male,37,7,12208195.55,2,0,1,15001399.25,0
7375,8301905963,Singh,698,Jaipur  Urban,Female,38,1,9904223.8,1,1,1,4235847.5,1
7376,8933542455,Khandelwal,647,Jaipur Gramin,Male,77,6,6878711.7,2,1,1,4745486.25,0
7377,8661896745,Singh,725,Jaipur Gramin,Male,23,6,14160556.3,1,1,1,13244972,0
7378,8543251710,Agarwal,709,Jaipur Gramin,Female,40,0,9814608.3,1,1,1,5152921.85,0
7379,8951339747,Meena,599,Jaipur Gramin,Male,34,8,0,2,1,1,14806717.8,0
7380,8194203761,Aggarwal,568,Jaipur Gramin,Female,36,1,0,1,1,1,4836957.3,0
7381,8051640044,Jain,587,Jaipur  Urban,Female,41,7,7872582.7,1,1,1,8600202.25,0
7382,8940759436,Jain,624,Jaipur  Urban,Female,25,8,12055199.8,1,1,1,6277924.9,1
7383,8209773741,Rathore,656,Jaipur City,Male,28,6,12715491.7,2,1,0,8697641.15,0
7384,8933242110,Paliwal,764,Jaipur City,Female,39,7,11054391.1,2,0,0,4705293.15,1
7385,8164610513,Sharma,641,Jaipur Gramin,Female,41,7,0,2,1,1,11159219.05,0
7386,8316338080,Verma,672,Jaipur Gramin,Male,38,4,0,2,0,0,7486836.55,0
7387,8279489812,Sharma,679,Jaipur  Urban,Female,37,2,13469844.6,1,0,1,7927610.85,0
7388,8836683215,Singh,715,Jaipur Gramin,Male,44,8,13760632.15,1,0,0,6422809.95,0
7389,8853431118,Aggarwal,883,Jaipur Gramin,Female,29,9,11362951.3,1,1,1,13068557.05,0
7390,8723653109,Aggarwal,680,Jaipur City,Female,34,5,0,2,1,0,13925604.4,0
7391,8653889976,Rathore,595,Jaipur City,Male,20,3,15920029.1,1,1,0,8793799.95,0
7392,8558004292,Agarwal,396,Jaipur Gramin,Male,31,5,0,1,1,0,8130688.6,0
7393,8539950588,Meena,595,Jaipur City,Male,67,6,0,2,1,1,11759812.9,0
7394,8076595525,Khandelwal,599,Jaipur Gramin,Male,28,7,10175028.7,1,0,0,2651185.7,0
7395,8220833509,Maheshwari,503,Jaipur Gramin,Female,22,8,0,1,0,1,14242010.1,0
7396,8176787522,Saini,745,Jaipur  Urban,Female,45,7,11774472,1,0,0,5066378.25,1
7397,8830767407,Maheshwari,604,Jaipur City,Female,56,5,7716194.6,2,1,0,13789011.95,1
7398,8380048331,Gupta,566,Jaipur  Urban,Male,47,4,8445040.7,1,1,0,16706737.25,1
7399,8423031267,Rathore,424,Jaipur  Urban,Female,40,1,9479581.65,1,1,1,10231776.4,1
7400,8113316768,Paliwal,682,Jaipur Gramin,Female,37,7,10934881.95,1,1,0,7832719.4,0
7401,8064953891,Aggarwal,794,Jaipur  Urban,Male,35,1,9983973.35,1,0,1,15160725.8,1
7402,8176940448,Jain,640,Jaipur Gramin,Female,39,9,10981077.75,2,0,0,14534900.55,0
7403,8037150868,Verma,656,Jaipur City,Male,33,7,10307116.15,2,1,0,6563400.8,0
7404,8414612506,Khandelwal,835,Jaipur City,Male,56,6,8009646.05,1,0,0,10298991,1
7405,8389360602,Jat,760,Jaipur Gramin,Male,39,1,0,2,1,1,12056511.35,0
7406,8022186567,Maheshwari,547,Jaipur Gramin,Male,34,8,13919350.1,1,1,1,8840005.1,0
7407,8275241207,Aggarwal,467,Jaipur City,Male,58,4,0,2,1,1,16270642.2,0
7408,8770947773,Agarwal,647,Jaipur Gramin,Male,22,4,0,2,1,0,2396061.6,0
7409,8596828255,Paliwal,738,Jaipur Gramin,Male,35,2,11985464.95,1,1,1,5134674.05,0
7410,8067022207,Agarwal,848,Jaipur  Urban,Female,42,9,8955267.65,2,1,1,11091596.45,0
7411,8010367257,Aggarwal,737,Jaipur City,Male,34,5,0,2,1,0,16408427.2,0
7412,8995470731,Paliwal,631,Jaipur  Urban,Female,23,6,7301325.75,1,1,0,9328138,0
7413,8561216789,Agarwal,716,Jaipur Gramin,Male,36,7,0,2,1,1,6354627.2,0
7414,8707527184,Paliwal,900,Jaipur  Urban,Female,31,4,13997176.1,1,0,1,5264568.5,0
7415,8632400134,Rathore,764,Jaipur  Urban,Female,45,2,8429421.95,2,1,1,6685330.75,0
7416,8435320426,Maheshwari,854,Jaipur Gramin,Male,29,6,0,2,0,0,14282006,0
7417,8080319043,Aggarwal,580,Jaipur Gramin,Male,36,8,0,2,0,1,473585.15,0
7418,8063850111,Aggarwal,756,Jaipur  Urban,Female,37,5,10544507.55,1,1,0,10080291.95,0
7419,8419188004,Paliwal,692,Jaipur Gramin,Male,36,4,0,2,1,0,665066.35,0
7420,8428902693,Meena,778,Jaipur  Urban,Female,40,3,8797422.65,2,0,0,3243021.15,0
7421,8913847903,Gupta,784,Jaipur  Urban,Female,38,9,12900170.35,1,1,1,15370549.15,0
7422,8894744970,Verma,641,Jaipur City,Female,36,1,0,1,1,1,12236661.2,0
7423,8236247552,Agarwal,626,Jaipur Gramin,Male,29,7,8626391.6,1,1,1,747009.75,0
7424,8506149784,Meena,719,Jaipur  Urban,Male,36,2,10506132.6,2,1,0,8802417.25,0
7425,8662246185,Singh,564,Jaipur  Urban,Male,38,1,10812134.3,1,1,0,12509303.8,1
7426,8237354163,Singh,542,Jaipur  Urban,Male,33,3,12321832.9,1,1,0,5001811.4,1
7427,8438811543,Saini,623,Jaipur Gramin,Female,48,4,0,1,0,0,1538071.6,1
7428,8429204148,Saini,737,Jaipur City,Male,33,8,10371461.15,1,0,0,13813789.45,0
7429,8236299191,Choudhary,484,Jaipur City,Male,32,9,8522344.8,2,1,1,13423306.25,0
7430,8153556798,Khandelwal,702,Jaipur City,Female,43,6,9970722.7,1,0,0,5839647.05,0
7431,8514917712,Rathore,607,Jaipur Gramin,Female,35,0,11558652.75,2,1,0,15876205.65,0
7432,8848401415,Rathore,694,Jaipur Gramin,Male,38,3,0,2,1,0,5657736,0
7433,8637949370,Sharma,749,Jaipur  Urban,Male,31,2,13684790.9,2,0,1,5510665.6,0
7434,8454604716,Paliwal,815,Jaipur  Urban,Female,37,2,10913118.55,1,1,1,560078.6,1
7435,8968040986,Verma,646,Jaipur City,Male,35,1,0,2,1,0,14056506.1,0
7436,8900486801,Jain,612,Jaipur City,Female,50,5,11097133.35,3,1,0,15704444.45,1
7437,8499149914,Aggarwal,655,Jaipur  Urban,Female,57,6,7668020,1,1,0,1182457.95,1
7438,8578424661,Agarwal,634,Jaipur Gramin,Female,29,9,6119684.65,1,1,1,2962884.1,0
7439,8499179329,Verma,514,Jaipur Gramin,Female,32,4,7277331.1,2,1,0,13276356.55,0
7440,8767618641,Choudhary,398,Jaipur Gramin,Female,27,6,5298883.85,2,0,0,4579346.95,0
7441,8912086914,Singh,626,Jaipur City,Female,47,6,12097117.55,1,0,0,8515559.25,0
7442,8783123674,Singh,745,Jaipur Gramin,Male,54,5,0,2,1,1,381915.2,0
7443,8319251573,Sharma,617,Jaipur City,Male,36,5,0,2,1,0,11101916.3,0
7444,8825926224,Meena,641,Jaipur Gramin,Female,24,2,7430121.15,1,1,0,5383955.25,0
7445,8976542671,Verma,770,Jaipur Gramin,Female,29,4,0,2,1,1,15305660.15,0
7446,8021767749,Meena,499,Jaipur Gramin,Female,45,4,0,1,1,0,8098267.05,1
7447,8401952882,Saini,742,Jaipur Gramin,Male,35,3,8292613.6,1,1,1,4548497.9,0
7448,8893458694,Singh,643,Jaipur  Urban,Male,30,8,12051921.35,2,1,1,9323276.85,0
7449,8765578545,Agarwal,709,Jaipur City,Male,36,7,11044444.4,1,0,0,6431487.6,1
7450,8376714893,Choudhary,718,Jaipur Gramin,Female,37,2,14125131.7,2,1,1,6117700.75,0
7451,8664024485,Aggarwal,734,Jaipur City,Female,39,5,13863291.75,2,1,1,2014705.7,0
7452,8256298983,Jain,671,Jaipur Gramin,Male,20,8,0,2,0,0,9568621.7,0
7453,8389411022,Singh,568,Jaipur City,Male,44,8,0,2,0,0,5306079.1,0
7454,8840429166,Maheshwari,814,Jaipur  Urban,Female,35,1,12916446.15,3,1,1,11155261.45,1
7455,8545941806,Maheshwari,758,Jaipur Gramin,Male,46,0,0,2,1,1,15669816.3,0
7456,8067793007,Agarwal,540,Jaipur  Urban,Male,33,4,10064077.35,1,0,1,1189969.4,1
7457,8671696288,Jain,828,Jaipur City,Male,20,8,0,2,1,0,14292984.6,0
7458,8821202474,Jain,678,Jaipur  Urban,Female,43,2,9887392.95,4,1,0,3029410.2,1
7459,8129345370,Khandelwal,754,Jaipur City,Female,43,5,0,1,1,1,10207494.45,0
7460,8929758492,Gupta,654,Jaipur City,Female,29,4,0,2,1,1,6319419.35,0
7461,8591687295,Rathore,656,Jaipur  Urban,Male,30,6,12166807.35,2,1,0,251214.1,0
7462,8586236088,Choudhary,595,Jaipur City,Male,32,4,0,2,0,1,12452869.75,0
7463,8511342308,Verma,612,Jaipur Gramin,Male,40,9,0,1,1,1,12716215.9,0
7464,8907367300,Agarwal,494,Jaipur Gramin,Male,36,0,11033354.45,1,1,0,4506776.5,0
7465,8953901276,Singh,802,Jaipur  Urban,Male,37,9,9206189.35,1,1,0,3552001.25,1
7466,8569843551,Singh,679,Jaipur  Urban,Male,30,3,9363027.95,1,0,1,6362204.1,0
7467,8748115387,Singh,720,Jaipur  Urban,Female,30,4,9892085.8,1,1,1,11425471.35,0
7468,8970722420,Maheshwari,661,Jaipur  Urban,Female,37,10,10012240.1,2,1,1,6446194.3,0
7469,8387540037,Maheshwari,530,Jaipur City,Female,26,2,0,2,1,1,4663910.9,0
7470,8260279169,Jat,703,Jaipur Gramin,Female,35,8,8960677.05,1,1,0,3005299.1,0
7471,8838696005,Rathore,900,Jaipur  Urban,Female,47,4,8433654.95,2,1,1,10381996.05,0
7472,8906107501,Maheshwari,670,Jaipur  Urban,Female,55,8,10142874.05,1,0,1,10152371.1,0
7473,8403098026,Maheshwari,418,Jaipur Gramin,Female,36,6,7135505.2,2,1,0,6969960.05,0
7474,8747330179,Rathore,611,Jaipur City,Male,32,4,8490068.6,1,1,1,10250562.25,0
7475,8832711223,Paliwal,725,Jaipur Gramin,Male,50,4,14062252.1,1,1,0,10265513.75,1
7476,8178268124,Maheshwari,718,Jaipur Gramin,Male,31,1,13269455.4,1,0,0,11457212.9,0
7477,8576416186,Jat,791,Jaipur Gramin,Male,44,2,9443124.3,2,1,0,8511704.5,0
7478,8401269336,Jain,692,Jaipur Gramin,Female,56,0,10196893.25,1,0,0,13457698.95,1
7479,8953984136,Jain,533,Jaipur City,Male,22,4,0,2,1,0,5950651.95,0
7480,8050434551,Khandelwal,560,Jaipur City,Male,35,8,13016707.9,1,1,0,7536020.95,0
7481,8570841218,Paliwal,468,Jaipur City,Male,40,6,13269441.8,1,0,0,16225576.05,0
7482,8250384601,Singh,631,Jaipur Gramin,Male,34,7,9606249.5,2,1,1,4814933.8,0
7483,8004975279,Sharma,742,Jaipur  Urban,Male,43,5,11272337.05,2,1,0,2804923.5,0
7484,8447559130,Maheshwari,619,Jaipur Gramin,Male,44,5,8671392.3,1,0,1,15150006.45,1
7485,8010318435,Khandelwal,806,Jaipur Gramin,Female,35,9,0,1,0,1,2163106.35,0
7486,8557710303,Sharma,553,Jaipur Gramin,Male,32,5,0,2,1,0,7214119.15,0
7487,8489211008,Jat,857,Jaipur Gramin,Male,49,8,0,2,0,0,13414915.9,0
7488,8320667704,Gupta,661,Jaipur Gramin,Female,56,4,0,1,0,0,7172573.7,1
7489,8649389236,Saini,526,Jaipur  Urban,Female,42,4,6832320.4,1,1,0,10133399.1,0
7490,8628076789,Jat,600,Jaipur Gramin,Female,26,6,9257275.2,1,1,0,7016495.85,0
7491,8456491151,Saini,665,Jaipur Gramin,Female,35,2,7723593,1,1,1,7374979.1,0
7492,8672701490,Agarwal,626,Jaipur Gramin,Male,40,4,8482979.6,2,1,0,16776631.05,0
7493,8482681199,Gupta,698,Jaipur Gramin,Male,28,10,17061621.6,1,0,1,7044174.4,1
7494,8261187018,Jain,612,Jaipur City,Female,37,10,11930935.75,2,1,1,11012928.1,0
7495,8419780825,Choudhary,834,Jaipur Gramin,Female,36,1,12906794.4,1,1,1,11508055.65,0
7496,8981008999,Khandelwal,548,Jaipur Gramin,Female,27,2,0,2,0,1,382291.75,0
7497,8542973822,Maheshwari,869,Jaipur  Urban,Male,49,8,11324675.8,1,1,1,5770256.45,0
7498,8310144566,Jain,718,Jaipur Gramin,Male,27,7,0,2,1,0,9475081.75,0
7499,8866102528,Saini,636,Jaipur Gramin,Female,36,8,10760914.15,2,1,1,11424674.05,0
7500,8195860313,Paliwal,611,Jaipur  Urban,Female,71,6,9631953.5,1,1,0,9201948.7,1
7501,8336047259,Rathore,713,Jaipur Gramin,Male,47,4,0,2,1,0,16789932.7,0
7502,8882026036,Paliwal,697,Jaipur Gramin,Female,58,8,7919779.8,1,1,1,11879706.25,0
7503,8163719609,Agarwal,745,Jaipur City,Female,32,10,0,1,1,0,11570196.6,1
7504,8056761160,Rathore,556,Jaipur  Urban,Male,44,7,8925621.35,2,1,1,16814033.6,0
7505,8367160251,Khandelwal,665,Jaipur City,Female,32,2,0,1,1,1,4417698.2,1
7506,8368927418,Gupta,671,Jaipur City,Male,27,4,0,2,1,0,8444058.95,0
7507,8698585963,Jain,689,Jaipur  Urban,Female,44,4,11185477.25,1,0,1,14564326.7,1
7508,8771413653,Khandelwal,571,Jaipur  Urban,Male,44,9,10160094.2,1,1,0,10119817.8,1
7509,8448162567,Saini,559,Jaipur  Urban,Male,54,4,10082241,2,1,1,14671137.7,0
7510,8802161584,Khandelwal,534,Jaipur  Urban,Male,37,9,8145476.05,2,0,1,8919634.8,0
7511,8810118953,Meena,838,Jaipur Gramin,Male,36,1,0,2,1,1,13518748.5,0
7512,8086254490,Maheshwari,788,Jaipur Gramin,Male,38,0,0,1,1,0,7077360.1,0
7513,8487365542,Gupta,649,Jaipur Gramin,Male,50,6,13055212.05,2,1,1,11127416.3,0
7514,8344671954,Maheshwari,742,Jaipur Gramin,Male,29,2,0,1,1,0,10738621.2,0
7515,8200486936,Paliwal,719,Jaipur Gramin,Male,64,9,9614309.2,1,1,0,2378368,1
7516,8726919973,Gupta,628,Jaipur Gramin,Female,35,0,11097365.4,1,1,1,4069860.35,0
7517,8898924372,Meena,653,Jaipur Gramin,Male,40,8,7920571.15,1,1,0,6280011.65,0
7518,8833197719,Khandelwal,583,Jaipur Gramin,Male,58,7,12914358.55,1,1,0,13851604.25,1
7519,8214902295,Agarwal,480,Jaipur  Urban,Male,30,2,10667129.4,2,1,1,5848634.95,0
7520,8149691131,Saini,580,Jaipur Gramin,Female,42,7,0,2,1,0,12243319.25,0
7521,8298050619,Saini,594,Jaipur  Urban,Female,26,8,10076556.2,1,1,1,12851335.3,0
7522,8022179282,Singh,684,Jaipur City,Male,43,1,8312337.85,1,0,0,10219177.7,0
7523,8226255281,Rathore,612,Jaipur Gramin,Male,41,6,0,3,0,0,4770098.85,1
7524,8134564718,Gupta,857,Jaipur City,Female,72,2,0,2,0,1,11122507.55,0
7525,8253543489,Khandelwal,672,Jaipur Gramin,Female,40,8,14210385.85,1,1,1,15738339.9,0
7526,8238717837,Gupta,576,Jaipur  Urban,Male,35,9,10315191.15,1,0,1,3032073.25,0
7527,8177608607,Aggarwal,900,Jaipur Gramin,Female,81,1,0,2,1,1,5063300.4,0
7528,8494901353,Choudhary,691,Jaipur City,Male,35,0,0,2,0,0,11892484.3,0
7529,8349466719,Maheshwari,574,Jaipur Gramin,Male,46,5,9624249.95,1,1,0,4825514.6,0
7530,8829702107,Gupta,575,Jaipur Gramin,Female,33,1,10063383.75,1,1,1,13393003.75,0
7531,8132222639,Verma,733,Jaipur  Urban,Female,52,8,12347315.9,1,0,1,11175231.35,0
7532,8569925158,Choudhary,710,Jaipur Gramin,Male,40,6,13897938.6,1,0,0,7686047.65,0
7533,8823660711,Verma,792,Jaipur City,Female,33,1,10039713.8,2,0,1,13316117.85,0
7534,8484812841,Saini,636,Jaipur  Urban,Female,51,0,9218184.55,3,0,0,7511678.65,1
7535,8215025518,Choudhary,850,Jaipur Gramin,Male,32,1,0,2,1,1,3927060.35,0
7536,8342980711,Gupta,613,Jaipur  Urban,Female,36,10,8780037.6,1,1,0,13646590.2,0
7537,8531003212,Paliwal,716,Jaipur Gramin,Female,42,1,0,1,1,0,107340.55,1
7538,8120192203,Khandelwal,666,Jaipur Gramin,Female,38,6,0,1,1,1,16034338.8,0
7539,8324504071,Meena,601,Jaipur City,Male,28,6,0,2,1,0,1246548.8,0
7540,8275423115,Rathore,786,Jaipur Gramin,Male,42,2,10193125.2,1,1,0,13333797.85,0
7541,8838888490,Verma,544,Jaipur Gramin,Male,37,1,0,1,1,0,2589231.75,0
7542,8661130162,Khandelwal,748,Jaipur Gramin,Male,28,4,0,2,1,1,10530299.8,0
7543,8684823661,Singh,488,Jaipur City,Female,34,4,0,2,1,1,5158512.3,0
7544,8741410778,Paliwal,812,Jaipur Gramin,Male,43,1,0,2,1,0,1851802.35,0
7545,8542514385,Choudhary,559,Jaipur Gramin,Male,34,3,0,1,0,0,15991533.65,0
7546,8243610348,Khandelwal,758,Jaipur Gramin,Male,26,7,0,2,1,0,13120996.1,0
7547,8206071651,Gupta,716,Jaipur Gramin,Female,42,10,0,2,1,0,5211532.75,0
7548,8126599998,Choudhary,546,Jaipur Gramin,Male,29,4,10943243.4,1,1,1,4033669.05,0
7549,8050987056,Gupta,581,Jaipur  Urban,Female,62,9,11706823.9,2,0,1,10293746.5,0
7550,8765628530,Gupta,726,Jaipur  Urban,Female,44,10,9072184.3,1,1,0,11680688.95,1
7551,8217564314,Maheshwari,706,Jaipur Gramin,Female,38,7,10501257.85,1,1,1,13401441.7,0
7552,8335329782,Gupta,631,Jaipur Gramin,Female,37,2,11387361.6,2,1,0,12638620.25,0
7553,8923745958,Aggarwal,643,Jaipur City,Male,76,9,10755441,1,1,1,3382117.7,0
7554,8540901184,Rathore,743,Jaipur City,Female,35,8,0,1,1,1,14038804,0
7555,8492379846,Meena,727,Jaipur City,Male,30,6,7446822.8,2,0,0,11702336.75,1
7556,8149777369,Meena,757,Jaipur City,Male,41,3,0,2,1,0,8616596.2,0
7557,8202031174,Choudhary,766,Jaipur City,Male,49,3,0,3,1,1,5530650.8,1
7558,8543734771,Choudhary,391,Jaipur Gramin,Male,34,9,0,2,1,0,9169537.35,0
7559,8554524166,Gupta,626,Jaipur City,Female,36,0,9261600,2,1,0,9450325.5,1
7560,8697867975,Maheshwari,721,Jaipur City,Female,30,2,0,2,1,0,9830303.55,0
7561,8269538639,Maheshwari,494,Jaipur Gramin,Male,51,6,12321031.35,1,1,1,14027989.45,0
7562,8068608066,Aggarwal,642,Jaipur Gramin,Male,41,4,8801314.8,2,1,0,16468456.75,0
7563,8707810796,Gupta,702,Jaipur Gramin,Male,33,6,0,1,1,0,4968952.1,0
7564,8911136393,Aggarwal,611,Jaipur Gramin,Male,53,7,0,2,0,1,4448292.25,0
7565,8382813937,Gupta,598,Jaipur  Urban,Male,38,1,8626410.3,1,1,1,6456523.5,1
7566,8211071942,Verma,730,Jaipur Gramin,Male,52,10,8955243.85,1,1,0,10460.95,1
7567,8302816468,Verma,569,Jaipur City,Male,36,4,6627237.5,1,1,0,14200690.75,1
7568,8855181492,Saini,635,Jaipur Gramin,Male,44,5,0,4,0,0,9993670.15,1
7569,8343762685,Gupta,386,Jaipur City,Female,54,4,0,2,1,1,609170.35,0
7570,8943581022,Rathore,667,Jaipur City,Male,28,8,10204060.45,1,1,1,11659738.15,0
7571,8404759224,Paliwal,716,Jaipur Gramin,Male,32,7,14914512.25,3,1,0,9897605.7,1
7572,8974871130,Singh,742,Jaipur Gramin,Male,52,8,6755400.5,3,1,1,2755812.2,1
7573,8574527735,Saini,583,Jaipur  Urban,Male,37,8,14257533.65,2,0,1,8896592.15,0
7574,8549889237,Choudhary,457,Jaipur City,Female,37,8,0,2,1,0,3758348.1,0
7575,8156191078,Agarwal,779,Jaipur Gramin,Female,33,1,6322808.3,1,1,0,1713979.95,0
7576,8034824440,Gupta,553,Jaipur  Urban,Male,49,5,8054090,1,1,1,2268761.35,0
7577,8061178493,Khandelwal,691,Jaipur City,Male,27,4,0,1,0,1,9176231.95,0
7578,8039739290,Jain,618,Jaipur  Urban,Male,43,3,7388273.1,1,1,1,12754111.45,0
7579,8170148789,Verma,578,Jaipur Gramin,Female,39,1,11226585.8,2,1,0,16341687.75,0
7580,8904374128,Khandelwal,601,Jaipur Gramin,Male,40,10,10867068.1,1,0,0,14725882.8,0
7581,8554208771,Agarwal,730,Jaipur Gramin,Male,34,3,0,1,0,1,10323919.8,1
7582,8113900182,Aggarwal,730,Jaipur  Urban,Male,42,9,15019700.6,2,1,1,8908402.9,0
7583,8096936111,Agarwal,836,Jaipur  Urban,Female,33,10,7102224.3,1,0,0,5930206.9,0
7584,8625935058,Maheshwari,698,Jaipur Gramin,Male,26,8,0,2,1,0,15161741.55,0
7585,8802847145,Rathore,713,Jaipur City,Female,39,9,0,2,0,0,8493543.4,0
7586,8774622978,Gupta,468,Jaipur Gramin,Female,40,1,0,1,1,1,4215506.15,1
7587,8188993114,Meena,874,Jaipur City,Male,42,10,0,1,1,1,15816046.9,0
7588,8393057026,Agarwal,593,Jaipur City,Female,38,7,8232959.75,1,1,0,6588473.25,0
7589,8257238939,Paliwal,575,Jaipur City,Male,33,1,0,2,1,1,4659408.45,0
7590,8047366846,Maheshwari,748,Jaipur Gramin,Female,35,0,0,2,0,1,5209734.15,0
7591,8218695760,Meena,623,Jaipur  Urban,Female,42,8,11287663.4,3,1,1,16304814.75,1
7592,8266838942,Aggarwal,833,Jaipur City,Female,30,1,13172495.9,1,0,1,13325318.25,0
7593,8717836425,Saini,689,Jaipur  Urban,Male,44,3,7556687.85,1,1,0,6267162.2,0
7594,8054095280,Khandelwal,382,Jaipur Gramin,Male,28,7,8392808.2,1,1,0,10386168.7,0
7595,8675056085,Maheshwari,482,Jaipur Gramin,Male,33,8,0,2,1,1,10498265.85,0
7596,8412346717,Meena,694,Jaipur Gramin,Female,50,6,0,1,1,0,696957.5,0
7597,8997606525,Maheshwari,599,Jaipur  Urban,Male,40,10,11683783.8,2,1,1,1199614.35,0
7598,8202276720,Saini,763,Jaipur Gramin,Male,29,4,0,2,0,0,4394925.85,0
7599,8149469076,Verma,396,Jaipur Gramin,Female,60,7,6284646.7,1,1,0,13764697.7,1
7600,8233092963,Singh,524,Jaipur Gramin,Female,45,7,13482788.4,1,1,0,10275901.6,1
7601,8853962036,Gupta,700,Jaipur City,Male,30,1,9626862,1,1,1,5527976.7,0
7602,8415024982,Agarwal,874,Jaipur Gramin,Male,31,9,0,1,0,1,13961876.45,0
7603,8036103397,Verma,709,Jaipur Gramin,Female,29,9,9905596.55,1,1,0,4418979.15,0
7604,8373073355,Verma,610,Jaipur City,Female,28,4,0,2,1,0,926468.55,1
7605,8675935576,Jain,709,Jaipur Gramin,Female,60,6,8591008.65,1,1,0,15075243,1
7606,8866353461,Jat,742,Jaipur City,Male,39,6,0,2,0,1,5430573.5,0
7607,8734330808,Sharma,696,Jaipur  Urban,Female,31,3,10823174.1,3,1,1,14996856,0
7608,8226096147,Paliwal,886,Jaipur City,Female,41,5,0,2,1,0,6911648.35,0
7609,8016912240,Rathore,714,Jaipur City,Female,31,5,0,2,0,1,1189904.8,0
7610,8254729776,Saini,697,Jaipur Gramin,Male,46,0,9007400.7,1,1,0,490582.6,0
7611,8474139625,Maheshwari,794,Jaipur Gramin,Male,36,5,10161534.1,1,1,1,3628960.25,0
7612,8237622918,Singh,781,Jaipur City,Male,38,7,0,2,0,0,7721366.85,0
7613,8935454236,Jat,694,Jaipur City,Male,28,5,11786795.3,1,1,1,4602240.85,0
7614,8629519919,Sharma,641,Jaipur Gramin,Female,37,7,4384512.5,2,1,1,15666594.8,0
7615,8304391644,Singh,779,Jaipur Gramin,Male,37,7,0,2,1,0,1726077.15,0
7616,8607279372,Rathore,588,Jaipur City,Male,37,6,14441748.2,1,1,1,10901775.3,0
7617,8421690370,Saini,612,Jaipur Gramin,Female,27,4,7417304,2,1,0,15531205.95,0
7618,8086463233,Gupta,482,Jaipur Gramin,Male,33,7,0,2,0,1,347014.2,0
7619,8061865999,Rathore,574,Jaipur Gramin,Female,40,7,0,2,0,0,8689867.05,0
7620,8607961693,Agarwal,536,Jaipur Gramin,Female,32,2,0,2,1,0,11220240.55,0
7621,8118646117,Maheshwari,575,Jaipur Gramin,Female,27,9,0,2,1,0,10781289.5,0
7622,8361315973,Verma,673,Jaipur Gramin,Male,39,5,0,2,0,0,15424224.1,0
7623,8074994476,Jain,833,Jaipur Gramin,Male,46,6,0,2,1,0,16602687.9,0
7624,8034987846,Maheshwari,743,Jaipur Gramin,Male,61,5,0,2,0,1,2476256.55,0
7625,8748846212,Sharma,754,Jaipur Gramin,Female,69,1,0,2,1,1,11203413.1,0
7626,8915074359,Sharma,598,Jaipur  Urban,Male,19,3,12779611.45,1,1,1,14771643.4,0
7627,8210810822,Singh,866,Jaipur  Urban,Female,46,3,9781291.7,2,1,0,2231238.1,0
7628,8498612705,Jain,684,Jaipur City,Female,40,3,0,1,1,1,15525262.75,0
7629,8356475774,Sharma,900,Jaipur Gramin,Male,28,8,8498893.3,1,1,0,16709516.75,0
7630,8537929247,Maheshwari,748,Jaipur  Urban,Female,68,3,9380345,1,0,0,12068090.9,1
7631,8651345200,Jain,726,Jaipur  Urban,Male,42,8,14168303.2,2,1,1,4701648.35,0
7632,8855040413,Saini,692,Jaipur City,Male,40,7,8101588,1,1,1,5350303.75,0
7633,8130306072,Agarwal,763,Jaipur Gramin,Male,43,4,17207694.95,1,1,0,6151877.55,0
7634,8116762580,Rathore,673,Jaipur  Urban,Female,47,0,9306957.7,1,0,0,16007540.85,1
7635,8152064570,Verma,481,Jaipur  Urban,Male,38,9,7563078.15,2,0,1,11339260.95,0
7636,8530977492,Agarwal,499,Jaipur Gramin,Female,29,2,8923518.45,1,1,0,13377172.5,0
7637,8404627099,Jat,500,Jaipur  Urban,Female,59,8,13099434.15,2,1,0,8605406.8,1
7638,8252144623,Gupta,799,Jaipur Gramin,Male,32,6,15785713.8,1,1,1,8712712.5,0
7639,8783386425,Jain,504,Jaipur  Urban,Female,23,3,9861915.05,2,1,1,3194101.1,0
7640,8255603987,Meena,529,Jaipur Gramin,Male,46,6,0,2,1,1,7093816.95,0
7641,8337872801,Agarwal,828,Jaipur  Urban,Female,34,2,13940975.8,1,1,0,16950734.85,0
7642,8100196740,Singh,836,Jaipur Gramin,Male,31,9,0,2,1,1,2103655.65,0
7643,8313051857,Jat,853,Jaipur Gramin,Male,40,1,8628765.65,1,1,1,10350025,0
7644,8750170555,Verma,746,Jaipur City,Female,32,4,0,2,1,1,9661650.8,0
7645,8811191270,Singh,690,Jaipur Gramin,Male,28,9,0,1,1,0,11399429.05,0
7646,8447733162,Singh,672,Jaipur  Urban,Male,39,9,11440943.05,2,1,0,15563148.95,0
7647,8863894584,Khandelwal,559,Jaipur City,Male,32,10,12538457.1,1,1,1,13590737.55,0
7648,8694295224,Meena,802,Jaipur Gramin,Male,25,0,6663666.8,1,1,1,706876.15,0
7649,8174560202,Jain,612,Jaipur City,Female,31,5,0,2,0,0,5417590.6,0
7650,8203979472,Meena,738,Jaipur Gramin,Female,31,3,9399409.65,1,1,1,8050795.4,0
7651,8056133999,Agarwal,780,Jaipur  Urban,Male,42,8,12906090.6,2,1,0,5839107.3,0
7652,8199063468,Singh,397,Jaipur  Urban,Male,45,5,7108086.75,2,0,0,3136467.7,0
7653,8326764885,Sharma,725,Jaipur Gramin,Male,24,2,12596757.75,2,1,0,15535881.8,0
7654,8968808228,Choudhary,522,Jaipur City,Female,30,5,10448603.75,1,0,0,5303200.15,1
7655,8843693907,Verma,617,Jaipur Gramin,Female,38,4,6170490,1,1,1,6463610.8,0
7656,8987095343,Sharma,778,Jaipur Gramin,Male,38,4,9793815.6,1,0,1,6031323.75,0
7657,8707068667,Verma,470,Jaipur  Urban,Male,51,8,10013742.9,2,1,1,5721445.2,0
7658,8003890549,Jain,568,Jaipur Gramin,Male,40,7,12559147.8,1,1,1,9388629.1,0
7659,8638543797,Choudhary,727,Jaipur City,Female,53,3,0,3,0,0,7520716.7,1
7660,8924435247,Paliwal,696,Jaipur Gramin,Male,31,10,9629834.45,1,1,1,10424377.05,0
7661,8886085743,Gupta,430,Jaipur City,Male,36,5,0,2,1,0,6776521.3,0
7662,8735232877,Choudhary,614,Jaipur  Urban,Male,44,2,9788887.3,1,1,1,8302589.2,1
7663,8583310341,Jain,851,Jaipur  Urban,Male,50,10,10038382.7,1,1,1,8561201.7,1
7664,8448748449,Aggarwal,588,Jaipur Gramin,Male,39,9,0,2,1,1,8902094.2,0
7665,8920048318,Khandelwal,602,Jaipur Gramin,Male,35,8,0,1,1,1,1912439.65,0
7666,8298537903,Agarwal,528,Jaipur City,Male,37,0,10270184.5,1,1,0,2401920.65,0
7667,8557918486,Jain,473,Jaipur Gramin,Male,25,6,0,2,0,1,9348987.65,0
7668,8954198397,Agarwal,836,Jaipur Gramin,Male,29,1,0,1,0,1,12749262.2,0
7669,8970260307,Jat,511,Jaipur  Urban,Male,61,6,11376848.8,2,1,1,3840368,0
7670,8061319180,Sharma,637,Jaipur City,Male,38,7,0,2,1,0,15436497.25,0
7671,8191426862,Khandelwal,571,Jaipur Gramin,Female,29,5,9225988.4,1,1,1,10749872.65,0
7672,8435152427,Jat,366,Jaipur Gramin,Male,39,10,0,1,1,0,13668922.25,1
7673,8947355240,Aggarwal,546,Jaipur Gramin,Male,30,1,0,2,0,0,7492483.1,0
7674,8269004959,Choudhary,780,Jaipur City,Female,37,2,9674450.1,1,0,0,7508367.9,0
7675,8927983769,Agarwal,678,Jaipur Gramin,Male,28,8,11670519.55,1,1,0,7664860.55,0
7676,8578599665,Maheshwari,648,Jaipur City,Male,37,5,13432072.3,1,1,0,6910337.65,0
7677,8314366132,Saini,428,Jaipur Gramin,Female,33,7,10866190.9,1,0,1,5101119.45,0
7678,8648179213,Choudhary,714,Jaipur Gramin,Male,36,4,13730305,1,1,0,8579977.35,0
7679,8295052467,Khandelwal,654,Jaipur Gramin,Male,31,7,13699594.5,2,1,0,1070994.9,1
7680,8183298424,Choudhary,656,Jaipur City,Male,32,9,6881460.6,1,1,1,10930212.05,0
7681,8852733731,Aggarwal,850,Jaipur City,Male,25,7,0,2,0,1,1970331.45,0
7682,8590826247,Gupta,649,Jaipur Gramin,Male,33,2,12426456,2,1,1,4742730.55,1
7683,8542217383,Verma,720,Jaipur City,Male,29,8,0,2,0,1,12928246.7,0
7684,8141806805,Singh,672,Jaipur  Urban,Male,26,4,9776849.6,1,0,1,13807659.25,0
7685,8628667541,Singh,618,Jaipur City,Male,41,1,10775741.55,1,1,1,4721857.1,0
7686,8807299087,Aggarwal,726,Jaipur  Urban,Female,40,3,7895642.35,1,1,1,9307218.65,0
7687,8811447386,Verma,742,Jaipur Gramin,Male,48,9,0,2,1,1,6128978.55,0
7688,8450950263,Agarwal,785,Jaipur Gramin,Male,61,5,12462899.75,1,1,1,3554293.7,1
7689,8470017979,Aggarwal,736,Jaipur  Urban,Male,45,4,11138241.9,1,1,0,6290428.4,1
7690,8311587068,Verma,584,Jaipur Gramin,Female,46,6,7549724.65,1,0,0,5969068.9,0
7691,8026864699,Jain,563,Jaipur City,Male,31,1,9809592.45,1,0,0,12369898.7,0
7692,8743906569,Jat,562,Jaipur Gramin,Female,38,3,11300913.2,1,0,1,10581333.8,0
7693,8559183256,Aggarwal,641,Jaipur  Urban,Male,74,5,9255794.5,1,1,0,856631.7,0
7694,8322951198,Jain,804,Jaipur  Urban,Female,46,5,12052033.55,2,0,0,14022212.85,0
7695,8520858644,Agarwal,691,Jaipur City,Female,64,4,9941117.2,1,1,1,7747705.8,0
7696,8235705050,Aggarwal,748,Jaipur  Urban,Female,47,10,7688250,2,0,0,8787241.35,1
7697,8700714576,Agarwal,617,Jaipur  Urban,Female,39,8,10709763.7,1,1,1,10884193.9,1
7698,8393899550,Aggarwal,601,Jaipur City,Female,41,3,0,2,1,0,4619140.55,0
7699,8325779953,Verma,590,Jaipur Gramin,Male,60,9,0,4,1,1,1157190.85,1
7700,8788983529,Gupta,606,Jaipur City,Female,36,9,0,2,0,1,3019338.55,0
7701,8694885849,Rathore,782,Jaipur City,Female,31,4,12294218.1,2,1,0,3442221.2,0
7702,8084538772,Jain,692,Jaipur Gramin,Female,29,3,7362389.75,1,0,0,7811831.5,1
7703,8851382819,Verma,900,Jaipur Gramin,Male,31,8,0,2,1,0,15186754.5,0
7704,8844398723,Sharma,610,Jaipur  Urban,Female,48,2,10873561.25,2,1,0,2737221.85,0
7705,8891831129,Meena,823,Jaipur City,Female,34,9,0,2,1,0,9947917.2,0
7706,8271365251,Jain,812,Jaipur Gramin,Female,29,9,11155451.85,1,1,1,13918417.65,1
7707,8037287920,Gupta,680,Jaipur City,Male,31,5,0,2,1,1,1729468.65,0
7708,8878912008,Jat,898,Jaipur City,Male,35,5,10203972.9,2,1,0,7200405.25,0
7709,8925835293,Choudhary,463,Jaipur Gramin,Female,39,8,8314645.6,1,0,1,10245161.35,0
7710,8755006066,Singh,598,Jaipur City,Female,64,1,5353294.05,1,1,1,12943253.45,0
7711,8951663916,Verma,487,Jaipur Gramin,Female,40,3,0,1,1,1,12269374.3,0
7712,8684038147,Maheshwari,614,Jaipur  Urban,Male,46,9,13723252.55,1,1,1,8241685,1
7713,8139144516,Aggarwal,534,Jaipur Gramin,Male,30,3,0,2,1,0,14476131.55,0
7714,8052269564,Paliwal,832,Jaipur Gramin,Male,56,8,10157181.25,2,1,0,2539884.15,0
7715,8366388460,Verma,698,Jaipur Gramin,Female,30,9,0,2,1,1,16583917.35,0
7716,8473056790,Khandelwal,500,Jaipur Gramin,Male,62,1,3720676.1,3,1,0,15959280.4,1
7717,8287096847,Maheshwari,701,Jaipur Gramin,Male,32,9,8521199.85,2,0,1,5745973.65,0
7718,8923569685,Jain,710,Jaipur City,Male,46,2,0,2,1,1,9008562.65,0
7719,8966767588,Saini,768,Jaipur Gramin,Female,60,5,9182386.8,2,0,0,2208335.7,1
7720,8815597127,Jain,679,Jaipur  Urban,Male,71,1,4506129.65,2,1,1,9538924.4,0
7721,8519690031,Gupta,712,Jaipur Gramin,Male,68,2,0,2,1,1,5088521.6,0
7722,8575516093,Khandelwal,788,Jaipur  Urban,Male,33,1,10377536.95,1,1,0,3619392.65,0
7723,8724568032,Rathore,701,Jaipur  Urban,Male,18,9,7696240,1,0,1,406064.55,0
7724,8888999414,Jat,709,Jaipur City,Male,35,6,0,2,0,1,15133244.45,0
7725,8282590139,Saini,890,Jaipur Gramin,Male,44,3,12006435.3,4,0,1,10924298.6,1
7726,8722384101,Agarwal,458,Jaipur Gramin,Female,35,5,12564109.25,2,0,0,9267526.2,0
7727,8403184746,Paliwal,762,Jaipur Gramin,Male,55,6,11401957.8,1,1,0,192769.8,0
7728,8279946959,Paliwal,697,Jaipur Gramin,Female,63,7,0,2,1,1,4679630.8,0
7729,8624967044,Saini,619,Jaipur Gramin,Female,31,8,0,1,0,1,6498774.45,0
7730,8982929103,Verma,900,Jaipur Gramin,Female,35,2,10926621.65,4,1,0,6415710.75,1
7731,8628594950,Jat,642,Jaipur Gramin,Male,43,10,10386847.85,2,0,1,15227285.9,0
7732,8559427122,Paliwal,646,Jaipur  Urban,Male,42,8,12340116.4,1,1,0,16445097.9,1
7733,8334316608,Verma,864,Jaipur City,Female,31,2,8008915.05,1,1,0,8803518,0
7734,8128579848,Agarwal,713,Jaipur  Urban,Female,58,1,12173038.7,1,0,0,8723427.6,1
7735,8531006801,Jain,736,Jaipur Gramin,Male,41,3,0,2,1,0,4740623.4,0
7736,8455077164,Choudhary,532,Jaipur  Urban,Male,41,6,12184784.85,1,1,1,16325963.6,1
7737,8810750329,Jat,659,Jaipur Gramin,Female,41,3,11129205.55,1,1,1,12308711.45,0
7738,8482071726,Choudhary,812,Jaipur Gramin,Female,30,4,11717361.35,1,1,0,425699.55,1
7739,8734419906,Gupta,553,Jaipur Gramin,Male,33,6,0,2,0,0,14762833.15,0
7740,8177052823,Khandelwal,749,Jaipur City,Male,41,5,0,1,0,1,9839084.9,0
7741,8688038363,Gupta,678,Jaipur City,Female,51,8,0,1,1,1,3308920.8,1
7742,8490415369,Choudhary,409,Jaipur Gramin,Male,60,1,11952202.75,1,0,1,14822404.55,0
7743,8033431880,Paliwal,575,Jaipur City,Male,22,3,10087848.45,1,1,1,4235533,0
7744,8233304012,Maheshwari,812,Jaipur  Urban,Male,35,7,10448003.65,1,1,1,6474422.8,0
7745,8012805935,Khandelwal,767,Jaipur Gramin,Female,36,0,0,2,0,0,11344573.45,0
7746,8641025186,Gupta,672,Jaipur Gramin,Male,40,5,11199099.35,2,1,1,3294736.85,0
7747,8456847797,Jat,545,Jaipur Gramin,Female,35,8,0,2,1,1,15026254.1,0
7748,8531516758,Aggarwal,900,Jaipur Gramin,Female,24,6,0,2,1,1,1118591.5,0
7749,8353686894,Sharma,890,Jaipur  Urban,Female,35,9,10195587.65,1,1,0,4098527.45,1
7750,8024186320,Khandelwal,822,Jaipur Gramin,Female,38,1,0,1,1,0,11472012.25,1
7751,8011601645,Gupta,540,Jaipur Gramin,Male,25,0,0,2,1,1,15658794.35,0
7752,8800224454,Gupta,780,Jaipur City,Female,39,6,0,2,0,0,1637468.05,0
7753,8784266739,Verma,468,Jaipur City,Female,38,3,8267618.5,1,1,1,7887764.55,0
7754,8428320783,Choudhary,606,Jaipur  Urban,Male,28,10,9663720.55,1,1,0,2814710.4,0
7755,8014018356,Meena,556,Jaipur City,Female,42,6,8419778.7,2,1,0,13119575.75,1
7756,8486724903,Rathore,690,Jaipur Gramin,Male,34,8,0,2,1,1,15711587.85,0
7757,8591262563,Khandelwal,625,Jaipur City,Female,36,7,9888787.8,1,1,1,13238195.8,0
7758,8005802494,Singh,900,Jaipur Gramin,Male,40,6,8273899.15,1,0,1,7549296.25,0
7759,8197842707,Singh,733,Jaipur Gramin,Male,41,3,0,2,1,1,16468543.45,0
7760,8186389463,Saini,539,Jaipur  Urban,Female,55,1,11695346.35,2,0,1,9906581.7,1
7761,8903767278,Gupta,797,Jaipur  Urban,Male,34,6,9244622.95,2,1,0,14137607.15,1
7762,8422959684,Saini,632,Jaipur  Urban,Male,30,3,10945524.8,2,1,1,3416915.85,0
7763,8727274796,Jat,900,Jaipur Gramin,Female,34,2,0,2,0,0,4413118.4,0
7764,8769570821,Meena,617,Jaipur City,Female,36,1,3744661.4,1,1,1,6232971.8,0
7765,8352144603,Paliwal,702,Jaipur  Urban,Female,44,2,10170890.05,1,1,0,12357899.25,1
7766,8631661562,Rathore,700,Jaipur  Urban,Female,49,7,9247798.55,2,0,0,11964870.3,0
7767,8308586237,Maheshwari,652,Jaipur City,Male,35,2,0,2,0,0,5778244.75,0
7768,8920292804,Paliwal,553,Jaipur  Urban,Female,49,1,8672152.2,1,1,0,11309389.4,1
7769,8360304048,Choudhary,601,Jaipur City,Female,20,9,10407961.85,2,1,0,7377311.5,0
7770,8900978533,Jain,799,Jaipur Gramin,Female,27,7,13496866.95,2,0,1,4044236.25,0
7771,8763180417,Sharma,719,Jaipur Gramin,Male,29,3,10683589.65,1,1,1,12888015.35,0
7772,8318294634,Khandelwal,900,Jaipur  Urban,Male,29,1,13144434.85,1,1,1,13943358.35,0
7773,8884847910,Rathore,830,Jaipur  Urban,Female,50,4,12470414.6,1,1,0,1404914,1
7774,8922236021,Paliwal,643,Jaipur  Urban,Male,67,7,11620294.75,1,0,1,5674013.5,1
7775,8922280340,Khandelwal,900,Jaipur  Urban,Male,43,5,10990932.65,2,0,1,1635789.3,0
7776,8496549543,Rathore,634,Jaipur City,Male,40,10,0,2,1,0,8825769.3,0
7777,8071572452,Paliwal,763,Jaipur Gramin,Female,63,10,0,2,0,1,42729.5,0
7778,8408221434,Maheshwari,733,Jaipur Gramin,Female,21,0,7041768.05,2,0,1,119737.8,0
7779,8861289013,Jain,580,Jaipur City,Female,22,2,0,2,0,1,508755.6,0
7780,8244144879,Sharma,788,Jaipur Gramin,Male,46,0,0,2,1,0,3184104.25,0
7781,8989622125,Aggarwal,779,Jaipur  Urban,Female,33,10,6518838.7,1,0,1,2583696.55,0
7782,8768888843,Choudhary,726,Jaipur Gramin,Male,34,7,10005846.4,1,1,0,212386.95,0
7783,8195235024,Maheshwari,582,Jaipur Gramin,Male,54,8,7403952.2,1,1,1,4704421.9,0
7784,8549619876,Jain,404,Jaipur Gramin,Female,43,6,0,1,1,0,12608132.45,1
7785,8859290477,Verma,769,Jaipur Gramin,Female,64,2,5891448.6,1,1,1,5035206.2,0
7786,8917730597,Saini,766,Jaipur Gramin,Male,26,9,0,2,1,1,4134819.9,0
7787,8770711438,Khandelwal,583,Jaipur City,Female,33,10,5690636.95,2,1,1,11964517.55,0
7788,8380200454,Singh,632,Jaipur Gramin,Female,57,9,0,2,1,1,9155555.7,0
7789,8109181005,Gupta,541,Jaipur City,Male,76,2,10914910.35,2,1,1,15446092.05,0
7790,8468147633,Rathore,607,Jaipur  Urban,Male,38,3,8491290.05,1,0,0,3149645.25,0
7791,8169262656,Jat,689,Jaipur Gramin,Male,22,3,0,1,1,1,14784950.15,0
7792,8164119141,Singh,581,Jaipur  Urban,Female,31,6,12972898.9,1,1,0,8440398,0
7793,8375863234,Paliwal,588,Jaipur Gramin,Male,40,8,0,2,1,0,5349307.55,0
7794,8688522084,Maheshwari,582,Jaipur Gramin,Male,56,4,11749311.15,2,1,1,4699466.4,0
7795,8264749867,Singh,490,Jaipur Gramin,Female,25,2,9468620.05,1,0,1,4096750.1,0
7796,8191260446,Sharma,430,Jaipur  Urban,Male,44,7,7172858.45,1,1,0,15184632.05,0
7797,8895696554,Saini,710,Jaipur Gramin,Female,36,3,0,2,1,1,703988.7,0
7798,8138771532,Maheshwari,482,Jaipur  Urban,Male,33,5,14847260.25,2,1,0,2830547.6,0
7799,8609598511,Meena,502,Jaipur Gramin,Male,46,3,0,2,1,0,6503842.15,0
7800,8325866238,Sharma,672,Jaipur  Urban,Male,46,5,9266670.25,2,1,1,2862847.6,0
7801,8235032657,Jain,718,Jaipur  Urban,Female,52,1,9172073.75,1,1,0,14355343.15,1
7802,8851328894,Meena,694,Jaipur Gramin,Male,54,7,10957772.45,1,0,0,16298429.55,1
7803,8311461584,Paliwal,808,Jaipur City,Male,63,9,9450285.55,1,1,1,7912736.7,0
7804,8531597520,Choudhary,623,Jaipur  Urban,Female,52,8,10548426.05,1,0,0,2031884.2,0
7805,8939482556,Paliwal,701,Jaipur  Urban,Male,59,9,10410042.65,1,0,1,1343600.95,0
7806,8811823050,Rathore,642,Jaipur Gramin,Male,34,3,11448854,2,1,1,7120706.7,0
7807,8942465545,Jat,696,Jaipur Gramin,Female,25,4,10524402.5,1,1,1,7663799.75,0
7808,8611212316,Khandelwal,610,Jaipur  Urban,Male,34,3,9034525.9,1,1,1,3114336.25,0
7809,8946279727,Singh,604,Jaipur  Urban,Female,55,7,10856476.25,2,1,0,11854874.35,1
7810,8112038881,Gupta,575,Jaipur City,Male,43,2,12396724.7,1,1,1,16864201.45,1
7811,8126425552,Meena,787,Jaipur  Urban,Female,34,2,12597061.2,1,0,0,16539680.8,0
7812,8933930485,Saini,613,Jaipur Gramin,Male,30,2,8852380.25,1,0,0,13568519.4,0
7813,8624870845,Aggarwal,518,Jaipur  Urban,Male,24,8,12134196.25,1,0,0,2909675.8,0
7814,8017943155,Khandelwal,701,Jaipur  Urban,Female,63,3,6905892.15,1,1,0,5919681.35,1
7815,8310691305,Choudhary,656,Jaipur  Urban,Female,33,3,14327639.1,2,0,0,7672963.6,0
7816,8474138027,Maheshwari,580,Jaipur Gramin,Male,38,8,0,1,1,0,4067127.6,0
7817,8928141870,Aggarwal,809,Jaipur  Urban,Male,42,2,11236484.9,2,1,1,13843569.2,0
7818,8812215654,Maheshwari,692,Jaipur Gramin,Male,58,9,0,1,0,1,14335284,0
7819,8353209279,Choudhary,530,Jaipur  Urban,Male,25,8,11843058.5,1,0,0,4621651.45,0
7820,8737638490,Verma,616,Jaipur City,Male,29,0,0,2,0,1,11381272.2,0
7821,8148649973,Khandelwal,679,Jaipur Gramin,Male,40,5,0,2,1,0,12569634.25,0
7822,8321031220,Saini,812,Jaipur Gramin,Female,28,2,11438577.5,1,0,1,10056637.3,0
7823,8486934233,Jain,577,Jaipur  Urban,Male,50,2,12225482,2,1,0,15404060.4,1
7824,8904885083,Singh,726,Jaipur Gramin,Male,32,7,0,2,1,0,673333.45,0
7825,8921323084,Aggarwal,688,Jaipur Gramin,Female,44,8,11342822.45,1,0,1,485196.15,0
7826,8604835019,Jat,593,Jaipur  Urban,Female,23,4,8904076.4,2,1,0,4824304.2,1
7827,8983245355,Rathore,658,Jaipur  Urban,Female,51,2,9908861.4,1,1,0,350288.4,1
7828,8405713051,Sharma,606,Jaipur Gramin,Male,41,10,0,2,0,1,8263112.65,0
7829,8740411393,Gupta,761,Jaipur Gramin,Female,40,9,15037758,1,1,1,1087934.55,0
7830,8461636408,Jain,566,Jaipur Gramin,Female,36,8,5809595.3,2,0,1,4284027.2,0
7831,8854996536,Rathore,594,Jaipur Gramin,Female,33,9,0,2,1,1,3523068.1,0
7832,8985377569,Singh,779,Jaipur Gramin,Male,42,2,4821780.55,2,0,1,15771184.75,0
7833,8336186326,Rathore,568,Jaipur City,Male,46,3,5547884.55,1,0,1,16149035.25,1
7834,8918881337,Maheshwari,629,Jaipur City,Male,33,6,5628714.45,1,0,1,14519615.85,0
7835,8787754237,Choudhary,724,Jaipur Gramin,Male,56,9,0,1,0,0,7271523.05,1
7836,8668619955,Jat,678,Jaipur Gramin,Female,41,8,8172541.75,1,1,0,11648227.45,0
7837,8485900780,Singh,658,Jaipur Gramin,Male,42,4,0,2,1,0,1639066.9,0
7838,8976589468,Khandelwal,900,Jaipur City,Male,48,2,0,1,1,0,14401150.5,1
7839,8406772770,Choudhary,563,Jaipur  Urban,Female,32,8,12353086.55,1,1,1,11223285.25,0
7840,8969351242,Agarwal,559,Jaipur Gramin,Female,21,3,0,2,1,1,308249.95,0
7841,8723200943,Meena,524,Jaipur  Urban,Female,47,4,10556343.8,2,1,1,4324928.35,0
7842,8089902368,Gupta,727,Jaipur  Urban,Female,46,7,9459495.3,1,1,1,12679471.25,1
7843,8819716466,Paliwal,761,Jaipur Gramin,Male,43,7,9163481.95,1,0,0,15512982.8,0
7844,8447173194,Meena,583,Jaipur  Urban,Female,36,5,8814558.65,1,1,0,16496167.6,1
7845,8576569672,Sharma,614,Jaipur Gramin,Female,38,1,0,2,1,1,782782.85,0
7846,8733164109,Maheshwari,658,Jaipur Gramin,Male,34,0,0,1,1,1,14274203.85,0
7847,8105129726,Agarwal,548,Jaipur Gramin,Female,27,3,7457821.8,1,1,1,10463207.6,0
7848,8440345352,Saini,652,Jaipur City,Female,20,0,11331633.9,1,1,1,337083.65,0
7849,8145123302,Maheshwari,400,Jaipur Gramin,Female,49,10,0,1,1,1,7455486.85,0
7850,8306329903,Sharma,652,Jaipur  Urban,Male,41,7,13166726.1,1,1,1,4221718.8,0
7851,8400101954,Sharma,466,Jaipur Gramin,Female,36,0,0,2,1,0,11617393.7,0
7852,8297341148,Verma,790,Jaipur  Urban,Male,68,6,9570647.25,1,1,0,3048562.4,1
7853,8802012114,Khandelwal,772,Jaipur  Urban,Male,39,3,10174138.75,1,0,1,2221571.05,0
7854,8903603363,Gupta,756,Jaipur Gramin,Female,47,7,0,1,1,0,2836727.1,1
7855,8412100063,Choudhary,775,Jaipur City,Male,49,7,0,2,0,1,858181.25,0
7856,8173063622,Jat,679,Jaipur  Urban,Female,59,8,12972233.35,2,1,1,16046495.5,0
7857,8420772214,Khandelwal,576,Jaipur  Urban,Female,33,7,11189995.85,2,0,0,6780891.15,0
7858,8156953819,Meena,900,Jaipur Gramin,Male,27,6,8215651.2,2,0,0,12982913.6,0
7859,8940857003,Sharma,556,Jaipur Gramin,Male,22,3,11694558.4,1,0,1,492307.25,0
7860,8684575997,Meena,799,Jaipur  Urban,Female,28,3,5331016.4,2,1,1,1120506.55,0
7861,8361363153,Jain,671,Jaipur Gramin,Male,32,9,8107056.05,1,0,1,15941855.4,0
7862,8189374651,Meena,608,Jaipur City,Male,28,1,11554568.5,2,1,1,9397611.9,0
7863,8461112510,Saini,653,Jaipur  Urban,Male,35,5,13735244.35,3,1,1,5422627.7,0
7864,8618421636,Singh,775,Jaipur Gramin,Male,47,8,12102472.55,1,1,1,5277362.7,0
7865,8625470678,Jain,586,Jaipur City,Male,33,2,0,2,1,1,1061102.6,0
7866,8714648950,Jain,709,Jaipur City,Male,30,9,0,2,0,1,931858.4,0
7867,8143615061,Gupta,679,Jaipur Gramin,Female,38,6,10798662.65,1,1,1,700995,0
7868,8862890457,Khandelwal,648,Jaipur City,Female,46,3,0,1,1,1,13282106.8,0
7869,8945962601,Gupta,613,Jaipur  Urban,Female,29,4,6705299.8,2,1,1,2288853.65,0
7870,8330298187,Aggarwal,661,Jaipur City,Female,45,8,8153446.5,1,1,0,7206505.7,1
7871,8878096167,Rathore,515,Jaipur Gramin,Female,29,8,0,2,1,0,1686579.35,0
7872,8420930066,Gupta,691,Jaipur Gramin,Female,36,3,7795485.15,1,1,1,8108441.55,0
7873,8496821294,Meena,647,Jaipur  Urban,Female,46,10,9352642.65,2,1,1,11389625.15,0
7874,8875924544,Choudhary,818,Jaipur Gramin,Male,36,5,6902911.2,2,0,1,9180287.3,0
7875,8842949570,Meena,649,Jaipur  Urban,Male,32,5,10450573.2,1,1,1,8428163.1,0
7876,8377723354,Choudhary,716,Jaipur Gramin,Female,38,1,15475597.25,1,1,0,4207797.5,0
7877,8257612721,Singh,628,Jaipur Gramin,Male,45,0,0,1,1,0,16705366.2,1
7878,8590552861,Khandelwal,473,Jaipur City,Female,41,2,5947846.1,2,1,0,16016221.05,1
7879,8784016765,Singh,757,Jaipur Gramin,Female,38,10,10515497.05,2,1,0,14563957.8,1
7880,8623963201,Khandelwal,668,Jaipur Gramin,Male,44,6,6502078.4,1,1,0,6721110.65,0
7881,8329542748,Khandelwal,773,Jaipur Gramin,Female,38,9,0,2,0,0,1779964.6,0
7882,8612169568,Jain,809,Jaipur City,Male,46,9,0,2,1,1,2955812.1,0
7883,8459217321,Aggarwal,900,Jaipur  Urban,Female,45,1,10359365.65,1,0,0,583559.85,1
7884,8107922899,Choudhary,541,Jaipur Gramin,Female,45,6,0,2,1,1,4347191.55,0
7885,8020419677,Jain,646,Jaipur Gramin,Male,36,6,16018691.15,1,0,0,3997669,1
7886,8030682729,Gupta,830,Jaipur Gramin,Female,42,0,8418904.05,2,1,0,4008600.85,0
7887,8846499972,Maheshwari,679,Jaipur Gramin,Female,36,8,0,1,0,1,13486694.15,0
7888,8155876785,Saini,739,Jaipur  Urban,Female,30,2,17490516.3,2,0,0,5564496.1,0
7889,8372890964,Khandelwal,593,Jaipur Gramin,Female,31,0,6743980.75,1,1,0,6651748.1,0
7890,8565743929,Choudhary,600,Jaipur  Urban,Male,57,9,11768762.55,2,1,1,8801601.25,0
7891,8355533390,Singh,558,Jaipur Gramin,Male,49,7,0,2,1,1,7616787.1,0
7892,8380951763,Meena,694,Jaipur  Urban,Male,48,2,8593491.5,2,0,1,16445463.4,0
7893,8310404615,Jat,658,Jaipur City,Female,31,5,0,2,1,1,441916.7,0
7894,8352963568,Gupta,650,Jaipur Gramin,Male,40,8,9283685.55,1,1,0,4490338.35,0
7895,8819054750,Jat,727,Jaipur  Urban,Male,67,1,10478518.65,2,1,1,7353169.8,1
7896,8146147988,Agarwal,682,Jaipur City,Male,43,10,9607916.35,1,1,1,8536029.8,0
7897,8692492125,Agarwal,642,Jaipur City,Male,41,1,0,2,1,0,14926977.5,0
7898,8554741693,Meena,604,Jaipur City,Male,30,6,11011622.5,2,1,1,1639042.25,0
7899,8901535322,Agarwal,642,Jaipur Gramin,Female,72,4,6359091.4,1,0,1,2333108.05,0
7900,8387728107,Rathore,650,Jaipur Gramin,Female,40,7,0,2,1,0,15636883.9,0
7901,8045921753,Singh,822,Jaipur City,Female,54,1,0,2,1,0,3834683.2,1
7902,8518972192,Khandelwal,634,Jaipur  Urban,Female,28,3,13050741.05,2,1,0,9415960.85,0
7903,8812652953,Jain,479,Jaipur Gramin,Female,38,9,0,2,0,1,15558587,0
7904,8605570521,Aggarwal,560,Jaipur City,Male,34,10,0,2,0,1,13733602.15,0
7905,8400557411,Gupta,419,Jaipur City,Male,32,0,13227645.6,1,1,1,14168822.55,0
7906,8320933562,Jat,721,Jaipur City,Male,35,10,13573981.5,2,1,1,6049759.4,0
7907,8263605518,Meena,616,Jaipur City,Male,37,3,14590519.45,1,0,1,455015.2,0
7908,8653506673,Rathore,700,Jaipur  Urban,Female,39,2,4053264.95,2,1,1,7311655.8,0
7909,8523117440,Meena,577,Jaipur Gramin,Male,35,4,0,2,0,1,7342624.7,0
7910,8439780874,Jain,624,Jaipur Gramin,Male,61,5,0,1,0,0,2689529.2,1
7911,8669502518,Maheshwari,553,Jaipur City,Male,28,6,10513820,1,1,1,5996661.6,0
7912,8264165121,Maheshwari,550,Jaipur  Urban,Male,26,1,12652529.65,2,1,1,2074936.7,0
7913,8886675520,Rathore,650,Jaipur Gramin,Male,35,2,11318765.75,1,0,1,10391663.1,0
7914,8220479454,Paliwal,846,Jaipur  Urban,Male,24,6,12173814.75,2,1,0,15813036.2,0
7915,8804758187,Singh,704,Jaipur Gramin,Male,35,9,0,2,0,1,6216374.7,0
7916,8558990607,Agarwal,714,Jaipur City,Male,56,1,0,3,1,0,15957431.65,1
7917,8439959029,Agarwal,554,Jaipur Gramin,Male,33,6,0,2,1,0,9485179.75,0
7918,8374683285,Singh,616,Jaipur  Urban,Male,38,9,10732599.8,2,0,0,1348095.75,0
7919,8914900329,Singh,587,Jaipur Gramin,Male,37,5,0,1,1,0,5212613.95,0
7920,8936032401,Choudhary,592,Jaipur City,Male,31,8,9580633.9,1,1,1,15033855.65,0
7921,8677331886,Verma,737,Jaipur Gramin,Male,34,5,11999707.55,1,0,1,8406165.1,0
7922,8009745693,Singh,586,Jaipur City,Female,35,7,0,2,1,1,9242827.75,0
7923,8218416137,Meena,695,Jaipur City,Male,39,6,0,2,1,0,1042615.1,0
7924,8672795362,Choudhary,756,Jaipur City,Male,38,5,10103640.6,1,1,1,13881987.5,0
7925,8949717177,Paliwal,880,Jaipur Gramin,Male,47,2,0,2,1,1,15491060.45,0
7926,8871493181,Gupta,583,Jaipur City,Female,33,7,0,2,1,1,14302219,0
7927,8104203860,Choudhary,560,Jaipur City,Female,54,5,7846886.35,2,1,0,13480206.1,1
7928,8667454927,Sharma,644,Jaipur  Urban,Male,30,1,10385770.05,1,1,0,8718149.1,1
7929,8204491909,Agarwal,733,Jaipur Gramin,Male,38,4,10484397.25,1,1,0,12055365.55,0
7930,8374606658,Jain,874,Jaipur Gramin,Male,30,4,6210965.3,2,0,0,13742047.75,0
7931,8620688168,Sharma,480,Jaipur City,Male,38,7,0,2,0,0,16321124.55,0
7932,8060997802,Meena,848,Jaipur Gramin,Male,47,1,8085250.15,1,0,0,10869383.5,0
7933,8575273172,Jat,900,Jaipur Gramin,Male,40,8,8738055.25,1,1,0,5168982.6,0
7934,8658923468,Jat,818,Jaipur Gramin,Female,70,7,8251155.7,1,0,1,11150063.7,0
7935,8832316945,Singh,635,Jaipur City,Male,31,6,11294506.75,1,1,1,11123279.35,0
7936,8735022905,Gupta,578,Jaipur City,Male,33,6,0,2,0,1,6202529.05,0
7937,8232799733,Choudhary,442,Jaipur Gramin,Male,22,2,0,2,1,0,2390539.15,0
7938,8294217275,Maheshwari,684,Jaipur Gramin,Male,36,3,0,1,1,0,11964106.15,1
7939,8775906903,Jat,846,Jaipur Gramin,Male,39,2,0,1,0,0,14165277.2,0
7940,8046125082,Rathore,744,Jaipur Gramin,Male,26,10,4416847.35,2,1,0,3868115.4,0
7941,8672453621,Singh,817,Jaipur City,Female,29,6,8394590.65,1,0,0,9537224.4,0
7942,8880534595,Rathore,590,Jaipur  Urban,Male,33,2,13308523.1,1,1,1,3156917,0
7943,8453643029,Khandelwal,530,Jaipur Gramin,Female,42,1,0,1,1,1,15151809.3,1
7944,8073736599,Gupta,518,Jaipur Gramin,Male,42,1,13517100.35,1,1,0,8583549.05,1
7945,8176111143,Aggarwal,504,Jaipur Gramin,Female,39,1,6246919.45,1,0,1,9318221.05,1
7946,8686347372,Jain,791,Jaipur Gramin,Female,45,8,0,2,1,1,8436355.4,0
7947,8043864137,Agarwal,448,Jaipur Gramin,Female,35,6,5917475.6,1,1,0,12184383.65,0
7948,8841587265,Choudhary,647,Jaipur City,Female,35,5,11604732.1,2,1,0,5070507.55,0
7949,8549110439,Paliwal,726,Jaipur Gramin,Male,25,3,9667582.95,1,0,1,16733491.85,0
7950,8964910341,Jain,516,Jaipur Gramin,Male,52,1,9071478.8,1,0,0,9346634,1
7951,8974371601,Singh,499,Jaipur  Urban,Female,33,10,11802071.5,1,1,1,10816819.5,0
7952,8630879056,Meena,900,Jaipur Gramin,Female,40,0,0,2,1,0,93495.75,0
7953,8892760933,Saini,775,Jaipur  Urban,Female,33,2,9168791.9,2,1,1,12426354,0
7954,8055509228,Saini,626,Jaipur  Urban,Male,33,3,8238720.2,2,1,0,4127070.45,0
7955,8658402006,Paliwal,772,Jaipur Gramin,Male,30,7,6595934.55,1,0,0,12274603.5,0
7956,8539012461,Saini,758,Jaipur  Urban,Male,38,5,15196940.9,1,1,1,16639645.05,0
7957,8707603741,Jat,900,Jaipur Gramin,Male,81,5,0,2,1,1,3810334.95,0
7958,8276617876,Aggarwal,900,Jaipur  Urban,Female,34,3,11021816.55,2,1,1,7543239.15,0
7959,8399928125,Khandelwal,703,Jaipur Gramin,Male,34,6,12425141.05,2,1,1,7551154.35,0
7960,8236385161,Aggarwal,547,Jaipur Gramin,Female,40,8,0,2,1,0,5279579.5,0
7961,8804663914,Khandelwal,688,Jaipur Gramin,Male,37,4,0,2,0,0,13902860.95,0
7962,8637811340,Choudhary,851,Jaipur Gramin,Female,38,2,13154872.85,2,1,1,14858026.35,0
7963,8684878923,Choudhary,641,Jaipur  Urban,Female,56,3,9881355.4,1,0,1,3606539.8,1
7964,8082347016,Aggarwal,636,Jaipur Gramin,Male,37,6,0,2,1,1,7025050.25,0
7965,8085891267,Gupta,557,Jaipur  Urban,Female,30,0,8581164.8,2,0,0,11404887.75,0
7966,8096627494,Choudhary,630,Jaipur Gramin,Female,51,4,10592700.85,2,1,0,7840734.9,1
7967,8162955031,Gupta,692,Jaipur City,Female,34,4,0,2,1,1,524920.05,0
7968,8734202748,Singh,580,Jaipur Gramin,Male,40,9,9579588.4,1,0,0,2483158.55,0
7969,8978579061,Sharma,590,Jaipur City,Male,45,8,7198862.5,1,0,1,5713191.7,0
7970,8188568865,Rathore,644,Jaipur  Urban,Male,49,2,9197384.2,1,1,0,14368216.4,1
7971,8660130876,Paliwal,900,Jaipur Gramin,Male,30,6,7348198.15,1,1,1,16048784.55,0
7972,8465099688,Agarwal,640,Jaipur City,Male,42,10,0,1,0,1,6749694.45,0
7973,8102804868,Singh,781,Jaipur  Urban,Male,36,5,6221574.15,1,1,1,7583926.1,0
7974,8334271310,Jain,590,Jaipur  Urban,Male,31,7,10590424.55,1,1,0,7316771.95,0
7975,8274144049,Choudhary,739,Jaipur  Urban,Male,50,2,10170740.45,1,1,1,1100254.45,1
7976,8097085315,Aggarwal,649,Jaipur  Urban,Male,42,3,10350056.45,2,1,1,14153931.4,0
7977,8882049657,Rathore,899,Jaipur Gramin,Male,35,4,9421207.05,1,0,0,10745683,0
7978,8655301286,Khandelwal,656,Jaipur City,Male,47,10,8485989.45,1,0,1,7573759.25,0
7979,8468963335,Rathore,610,Jaipur  Urban,Female,30,2,7739876.45,2,1,0,11302719.45,0
7980,8857761136,Verma,546,Jaipur Gramin,Female,26,7,0,2,1,0,7915404.85,0
7981,8934343724,Jain,476,Jaipur City,Male,27,7,12699022.95,1,0,0,14239386.15,0
7982,8662370036,Singh,599,Jaipur  Urban,Male,38,9,7574488.55,1,0,0,13365366,0
7983,8658881307,Maheshwari,534,Jaipur  Urban,Male,33,1,11264871.5,2,0,1,9131525.35,0
7984,8856771958,Aggarwal,809,Jaipur Gramin,Female,36,9,9774780.7,1,1,0,6400847.65,0
7985,8448271978,Agarwal,437,Jaipur Gramin,Male,46,6,13752875.05,1,1,0,15550279.95,0
7986,8953158682,Aggarwal,715,Jaipur  Urban,Female,27,2,8170992.2,2,1,1,508614.5,0
7987,8999388352,Choudhary,680,Jaipur City,Male,45,3,0,2,0,0,13910675.85,0
7988,8430645153,Khandelwal,854,Jaipur Gramin,Male,32,5,11309332.45,2,1,0,7597803.2,0
7989,8473510736,Meena,499,Jaipur Gramin,Male,51,8,10210569.75,2,0,1,14345750.9,0
7990,8886347108,Sharma,654,Jaipur Gramin,Male,39,8,0,2,0,0,8233470.6,0
7991,8807018557,Gupta,677,Jaipur City,Male,32,5,11364987.9,1,0,0,11428746.4,0
7992,8173855805,Paliwal,392,Jaipur City,Female,39,9,0,2,1,0,2411311.45,0
7993,8810674597,Paliwal,702,Jaipur Gramin,Female,40,7,0,2,1,0,8831380.15,0
7994,8709412633,Meena,582,Jaipur Gramin,Female,33,4,12988429.25,1,1,0,5375370.25,0
7995,8954819192,Paliwal,503,Jaipur  Urban,Female,21,1,12894623.25,3,1,1,14461787.8,1
7996,8736301847,Jain,730,Jaipur Gramin,Female,67,1,0,2,0,1,326151.8,0
7997,8818006566,Sharma,740,Jaipur Gramin,Female,22,5,9559530.1,1,1,1,7903108.75,0
7998,8743353723,Meena,438,Jaipur  Urban,Male,24,6,13260602.65,1,1,0,16266311.45,0
7999,8825304340,Paliwal,875,Jaipur  Urban,Male,28,3,11254469.2,3,1,0,8915582,1
8000,8123505245,Paliwal,871,Jaipur Gramin,Male,26,5,12126327.8,1,0,0,5124250.5,0
8001,8307103150,Gupta,776,Jaipur  Urban,Male,36,8,8721280.5,2,1,1,15358956.85,0
8002,8948847730,Khandelwal,728,Jaipur City,Male,32,9,0,2,1,0,10750442.15,0
8003,8599824047,Khandelwal,588,Jaipur City,Male,37,1,0,2,0,0,11350559.15,0
8004,8720899192,Maheshwari,604,Jaipur City,Male,57,6,8925072.25,2,1,1,7430040.4,1
8005,8588699620,Paliwal,618,Jaipur Gramin,Male,45,5,0,2,1,1,14015364.4,0
8006,8586019714,Jat,641,Jaipur Gramin,Female,36,1,5909110.75,1,1,0,9880263.15,0
8007,8269041055,Aggarwal,739,Jaipur  Urban,Male,41,8,10722370.9,2,1,1,11734351.15,0
8008,8344860834,Meena,656,Jaipur Gramin,Male,41,4,11809674.75,1,1,1,8637499.4,1
8009,8227488530,Choudhary,589,Jaipur  Urban,Female,44,10,9654468.3,1,1,0,168759.85,0
8010,8409549709,Agarwal,569,Jaipur Gramin,Male,34,1,9568653.15,1,0,0,14078261,0
8011,8760778415,Singh,440,Jaipur  Urban,Male,51,10,9733750.35,2,1,0,15111697.8,1
8012,8524864469,Maheshwari,721,Jaipur Gramin,Female,35,2,0,2,1,1,5590043.7,0
8013,8204368250,Saini,776,Jaipur Gramin,Female,34,10,0,2,1,1,4314583,0
8014,8581841068,Choudhary,660,Jaipur Gramin,Male,32,2,7217048.25,1,1,0,13873400.8,0
8015,8887215079,Gupta,757,Jaipur City,Female,39,2,10779375.3,1,1,1,6362329.05,0
8016,8679638802,Agarwal,646,Jaipur  Urban,Female,26,1,8946229.6,2,1,1,1996742.65,0
8017,8401489983,Choudhary,563,Jaipur City,Male,41,2,0,2,1,0,11413168.45,0
8018,8839040100,Rathore,431,Jaipur  Urban,Male,50,5,9297971.5,1,1,0,13236297.75,0
8019,8809059649,Aggarwal,638,Jaipur  Urban,Male,23,3,10410673.35,1,1,0,12514615.45,1
8020,8454083534,Agarwal,700,Jaipur Gramin,Female,73,8,11707239.55,2,1,1,11322887.4,0
8021,8192696385,Rathore,900,Jaipur Gramin,Female,46,2,13418675.45,1,1,1,1613820.2,0
8022,8707843914,Choudhary,494,Jaipur Gramin,Female,41,6,0,1,1,1,8543163.85,0
8023,8701853228,Sharma,619,Jaipur Gramin,Female,31,3,11627076.9,1,1,0,5044444,1
8024,8155395670,Verma,677,Jaipur Gramin,Male,36,1,0,2,1,1,8106674.4,0
8025,8109765065,Sharma,713,Jaipur Gramin,Male,30,10,12298142.55,1,1,1,2703466.65,0
8026,8854341186,Aggarwal,666,Jaipur Gramin,Male,24,9,9100551.35,1,1,1,4416584.7,0
8027,8218225092,Agarwal,608,Jaipur Gramin,Female,33,8,7760646.2,1,0,1,11120088.45,0
8028,8800378114,Agarwal,701,Jaipur City,Male,39,4,17597971.6,2,0,0,13404054.6,1
8029,8722663333,Aggarwal,796,Jaipur City,Male,37,8,0,2,1,1,79337.3,0
8030,8079562444,Rathore,685,Jaipur City,Male,50,8,0,1,0,1,217609.35,0
8031,8442398121,Khandelwal,590,Jaipur City,Male,38,3,0,1,1,1,1097000.65,1
8032,8806497234,Verma,679,Jaipur City,Female,36,6,0,2,1,0,15018893.95,0
8033,8227874727,Choudhary,680,Jaipur Gramin,Male,34,5,0,2,1,1,8747233.55,0
8034,8092887217,Singh,900,Jaipur City,Male,36,6,0,2,0,1,3509739.25,0
8035,8179079074,Gupta,626,Jaipur City,Male,42,9,0,2,1,0,10125800.1,0
8036,8829606231,Sharma,572,Jaipur Gramin,Female,30,8,7860128.5,2,0,1,10746941.85,0
8037,8004498448,Sharma,546,Jaipur City,Male,21,1,0,2,0,0,8831614.75,0
8038,8721230119,Jain,536,Jaipur Gramin,Male,62,10,10857793.75,2,1,1,7238005,0
8039,8307787977,Saini,616,Jaipur  Urban,Female,50,5,8605653.3,2,1,0,1061956.85,0
8040,8401441729,Jain,686,Jaipur Gramin,Female,43,4,7870961.75,2,1,1,14223626.3,0
8041,8567630507,Verma,629,Jaipur City,Female,36,10,0,2,0,1,15825335.7,0
8042,8033716118,Gupta,718,Jaipur City,Female,50,1,0,4,1,0,7528186.5,1
8043,8542830341,Sharma,607,Jaipur Gramin,Male,37,6,7001784.9,1,0,0,14664786.5,1
8044,8696796353,Gupta,744,Jaipur City,Male,31,4,12015299.95,1,0,0,11728783.65,0
8045,8739863700,Singh,882,Jaipur Gramin,Male,23,9,0,1,1,0,1682467.05,1
8046,8714465654,Choudhary,805,Jaipur City,Female,47,3,6176440,2,1,1,9169323.15,0
8047,8139138935,Agarwal,853,Jaipur Gramin,Female,47,3,10486053.9,2,0,0,14619603.9,0
8048,8356405282,Gupta,761,Jaipur  Urban,Male,33,5,10361379.3,1,1,0,5255540.65,0
8049,8132072816,Sharma,538,Jaipur City,Male,33,6,0,1,1,1,2696909.75,0
8050,8385835782,Rathore,662,Jaipur Gramin,Female,31,3,8814242.45,3,0,0,13193789.25,1
8051,8291885276,Paliwal,728,Jaipur Gramin,Male,33,2,0,2,0,0,11123690.75,0
8052,8861640756,Verma,606,Jaipur  Urban,Female,56,1,6300980.3,2,1,1,5286981.3,1
8053,8137248676,Aggarwal,628,Jaipur Gramin,Female,34,9,0,1,1,0,2061692.85,0
8054,8160332566,Khandelwal,703,Jaipur  Urban,Male,29,3,15757216.7,1,1,0,5497720.95,0
8055,8048524640,Meena,510,Jaipur  Urban,Female,47,1,10037452.8,1,1,0,7490266.3,1
8056,8695336327,Jat,668,Jaipur City,Male,41,8,9299181.05,1,1,1,5649407.7,0
8057,8877897803,Khandelwal,756,Jaipur  Urban,Female,33,7,11081268.95,1,1,0,1287078.5,1
8058,8981759663,Jat,859,Jaipur  Urban,Female,34,2,9214923.95,2,1,0,8747257.35,0
8059,8965881353,Meena,461,Jaipur Gramin,Female,50,2,7684693.6,2,0,0,4094498.45,0
8060,8855154638,Gupta,754,Jaipur Gramin,Female,34,6,7686137.75,2,1,1,985803.65,0
8061,8083531892,Verma,756,Jaipur City,Female,39,6,11908040.15,1,1,0,14658253.4,1
8062,8737829143,Gupta,452,Jaipur City,Male,31,9,0,2,0,1,15645199.45,0
8063,8269246169,Singh,676,Jaipur  Urban,Female,46,6,8112349,1,1,1,1788279.3,1
8064,8529906862,Singh,539,Jaipur  Urban,Male,34,6,17341479,2,1,0,9310759.75,0
8065,8837292777,Singh,737,Jaipur City,Male,29,9,0,2,1,0,10981366.75,0
8066,8653360052,Paliwal,396,Jaipur  Urban,Male,49,3,11654788.6,1,1,0,12453933.1,1
8067,8839969531,Aggarwal,485,Jaipur  Urban,Male,43,5,11452916.15,2,1,0,15421627.35,0
8068,8719218982,Verma,516,Jaipur Gramin,Female,29,5,0,2,0,0,10323352.85,0
8069,8608492537,Jain,623,Jaipur  Urban,Male,29,4,8411248.95,1,0,1,11195563.35,0
8070,8775939522,Jain,620,Jaipur  Urban,Male,44,9,4178352.65,2,1,0,4530004.45,0
8071,8288876353,Khandelwal,829,Jaipur  Urban,Male,31,1,11070428.05,1,0,0,8206456.75,0
8072,8087815685,Meena,611,Jaipur Gramin,Male,48,1,9181637.95,3,1,1,15684595.25,1
8073,8258735124,Maheshwari,816,Jaipur  Urban,Male,51,4,10771646.25,1,1,0,16597041.35,1
8074,8645772360,Singh,812,Jaipur  Urban,Female,34,5,8218961.1,1,1,1,14672574.2,0
8075,8021490505,Singh,860,Jaipur  Urban,Female,27,7,11033901,1,1,1,5037052.4,0
8076,8517096483,Maheshwari,900,Jaipur Gramin,Male,58,8,13315431.05,1,0,0,2201432.85,1
8077,8053902842,Gupta,758,Jaipur Gramin,Female,36,9,0,1,0,0,318665,1
8078,8468846466,Saini,712,Jaipur Gramin,Male,40,4,11106266.6,1,1,1,8663111.6,0
8079,8168590568,Sharma,571,Jaipur Gramin,Female,50,8,0,2,1,1,4913222.7,0
8080,8430583511,Rathore,652,Jaipur Gramin,Male,37,6,0,2,0,0,12108655.45,0
8081,8238131157,Paliwal,788,Jaipur Gramin,Male,47,3,11113503.5,1,1,0,12225510.9,0
8082,8507040240,Agarwal,563,Jaipur  Urban,Male,30,6,9063506.65,1,0,1,3749764.8,0
8083,8241699241,Rathore,806,Jaipur City,Male,36,3,9522535.55,1,1,1,15890609.75,0
8084,8204087212,Aggarwal,571,Jaipur  Urban,Male,29,7,11098897.1,1,0,1,14758531.3,0
8085,8695758891,Gupta,610,Jaipur  Urban,Male,28,4,8217775.35,1,1,1,4176343.25,0
8086,8941866074,Paliwal,833,Jaipur Gramin,Male,33,0,0,2,0,0,15140430.35,0
8087,8338943904,Paliwal,592,Jaipur Gramin,Male,50,6,14597958.65,1,0,0,1775956.85,0
8088,8885761851,Choudhary,596,Jaipur City,Male,38,1,0,2,1,0,3510779.65,0
8089,8612888021,Singh,529,Jaipur  Urban,Female,39,9,8509916.95,1,1,1,16983688.5,1
8090,8140237404,Verma,710,Jaipur  Urban,Male,24,2,10250739.05,1,0,1,15341695.05,0
8091,8333872594,Jain,716,Jaipur Gramin,Female,48,1,0,2,1,1,7429045.05,0
8092,8881835858,Jain,802,Jaipur Gramin,Male,29,2,8158698.65,2,1,1,6263373.75,0
8093,8064786885,Paliwal,842,Jaipur Gramin,Male,38,1,12117354.35,1,1,1,14662307.05,0
8094,8850722796,Gupta,581,Jaipur Gramin,Male,47,5,0,2,1,0,7589334.65,0
8095,8797606482,Verma,617,Jaipur City,Male,66,2,0,2,0,1,15307029.5,0
8096,8592500044,Agarwal,900,Jaipur  Urban,Female,36,6,12209753.6,1,1,0,1878691.25,1
8097,8642236922,Saini,685,Jaipur Gramin,Female,38,6,11231026.2,1,0,1,6465860.75,0
8098,8686822169,Maheshwari,631,Jaipur Gramin,Female,52,0,0,2,1,0,2733554.1,1
8099,8748379605,Rathore,804,Jaipur Gramin,Female,68,2,15602195.4,1,0,0,13562368.8,1
8100,8636297236,Khandelwal,640,Jaipur Gramin,Male,38,2,7811717.6,2,1,1,9152234.75,0
8101,8751598819,Sharma,676,Jaipur Gramin,Male,40,6,13278546.15,1,0,1,2856656.2,0
8102,8343459191,Maheshwari,577,Jaipur  Urban,Female,43,5,7927063.45,3,1,0,11988030.25,1
8103,8604638337,Agarwal,553,Jaipur  Urban,Female,45,2,14287257.3,2,0,1,9836121.8,0
8104,8850632366,Agarwal,455,Jaipur  Urban,Male,51,1,9155752.9,3,1,0,7320897.85,1
8105,8056859243,Rathore,803,Jaipur Gramin,Female,31,6,10017442.1,2,1,0,12551834.4,0
8106,8295283101,Agarwal,671,Jaipur City,Male,60,2,0,1,1,0,15085838.25,1
8107,8374431514,Khandelwal,588,Jaipur City,Female,51,10,7180342.7,2,1,1,16229652.65,0
8108,8031757382,Choudhary,552,Jaipur Gramin,Male,50,3,0,2,1,0,7185202.15,0
8109,8972764563,Choudhary,404,Jaipur  Urban,Male,35,6,10778283.9,2,1,1,13696339,0
8110,8338957873,Jain,673,Jaipur Gramin,Female,34,0,0,2,1,0,15772228.55,0
8111,8325160542,Jat,692,Jaipur  Urban,Female,36,10,5848581.4,1,1,0,2811395.4,0
8112,8035698454,Jat,552,Jaipur Gramin,Female,31,3,9787000.3,1,1,0,3383573.75,0
8113,8951973260,Choudhary,574,Jaipur Gramin,Female,35,2,0,2,0,1,2243143.2,0
8114,8102973776,Meena,385,Jaipur City,Male,34,6,7711485.6,1,1,1,1033834.6,0
8115,8320669315,Saini,470,Jaipur  Urban,Female,49,2,12856203.25,2,1,1,14215224.9,0
8116,8270691832,Verma,534,Jaipur Gramin,Female,32,6,0,2,1,1,4425726.45,0
8117,8706265997,Maheshwari,648,Jaipur  Urban,Female,43,9,8053961.65,1,1,0,15640540.6,1
8118,8300081427,Paliwal,629,Jaipur City,Female,34,6,0,1,1,0,49520.15,1
8119,8088662907,Saini,572,Jaipur City,Male,28,7,0,1,1,0,12178324.85,0
8120,8231677964,Paliwal,725,Jaipur Gramin,Male,31,5,11227196.1,3,1,1,4630330.8,1
8121,8912036866,Aggarwal,508,Jaipur Gramin,Male,45,5,0,2,1,1,10321397,0
8122,8861495257,Agarwal,832,Jaipur Gramin,Male,35,2,0,2,1,1,6774850.2,0
8123,8912060377,Sharma,557,Jaipur Gramin,Female,53,2,3865143.8,1,1,1,3489735.35,1
8124,8152579025,Agarwal,733,Jaipur Gramin,Male,33,1,0,1,0,0,3535184,0
8125,8698662111,Saini,829,Jaipur  Urban,Female,33,10,11069525.35,2,0,0,4591694.05,1
8126,8206341069,Jain,635,Jaipur  Urban,Female,38,9,10535652.25,1,1,0,6464510.95,0
8127,8027676846,Choudhary,755,Jaipur  Urban,Male,39,6,10830347.25,1,1,1,15723062,1
8128,8571666306,Paliwal,661,Jaipur  Urban,Male,35,8,9355755.35,1,1,0,10852710.75,1
8129,8043255168,Singh,714,Jaipur City,Male,39,4,5569302,1,1,1,105737.45,0
8130,8367523417,Rathore,896,Jaipur City,Male,31,5,0,2,1,1,6487766.95,0
8131,8106473367,Aggarwal,725,Jaipur Gramin,Male,47,5,0,2,1,1,12353781.85,0
8132,8932923632,Choudhary,616,Jaipur  Urban,Male,33,3,13237595.7,2,1,1,4908852.85,0
8133,8469869090,Saini,710,Jaipur City,Female,29,4,0,2,0,0,11804820.4,0
8134,8810268685,Jain,744,Jaipur Gramin,Female,34,3,10056143.45,2,1,1,11570224.65,0
8135,8686425282,Rathore,572,Jaipur Gramin,Male,41,6,0,1,1,1,14247800.3,0
8136,8615695756,Khandelwal,732,Jaipur  Urban,Female,24,7,8763429.45,2,1,0,14728512.7,0
8137,8296674734,Sharma,739,Jaipur Gramin,Female,38,1,0,2,1,1,8471224.1,0
8138,8414682417,Singh,372,Jaipur Gramin,Male,33,6,10692123.65,1,0,0,5638352.6,1
8139,8073784653,Paliwal,581,Jaipur  Urban,Female,36,4,9319980.55,1,1,1,5970467.15,0
8140,8759802580,Saini,830,Jaipur Gramin,Male,30,1,10810968.1,1,1,1,9652040.7,0
8141,8888698265,Maheshwari,606,Jaipur Gramin,Female,36,6,0,1,0,1,58721.4,0
8142,8223416322,Verma,463,Jaipur City,Male,24,1,0,1,1,0,8398234.6,0
8143,8645253810,Gupta,618,Jaipur Gramin,Male,41,4,11082794.7,1,0,1,11106265.75,0
8144,8991886887,Rathore,691,Jaipur Gramin,Male,23,1,9161934.95,1,0,1,9892199.7,0
8145,8098704835,Saini,565,Jaipur Gramin,Male,34,1,8442628.4,2,0,1,15814432.75,0
8146,8491800370,Jain,900,Jaipur Gramin,Female,37,9,0,1,0,0,8508590.1,0
8147,8137388778,Choudhary,740,Jaipur Gramin,Male,48,7,10520020.75,1,1,1,14445989.7,0
8148,8647875328,Verma,650,Jaipur  Urban,Female,39,8,10902442.55,1,1,0,5252384.6,1
8149,8253551463,Meena,816,Jaipur City,Male,47,7,7310527.85,1,1,1,3227716.05,0
8150,8888029678,Rathore,470,Jaipur  Urban,Female,38,8,4850816.55,2,1,0,16062858.85,0
8151,8131996064,Singh,792,Jaipur  Urban,Male,29,5,8806615.4,2,0,1,7338444.4,0
8152,8857642374,Verma,480,Jaipur City,Male,40,1,8415360.4,1,1,1,12991909.15,0
8153,8923438452,Jain,665,Jaipur City,Female,36,2,0,2,1,1,12465429.35,0
8154,8027357811,Choudhary,607,Jaipur City,Female,25,3,12527871.2,3,1,0,3865973.4,1
8155,8926147635,Saini,320,Jaipur City,Male,42,6,7956703.8,1,1,0,14349422.05,1
8156,8738270583,Agarwal,839,Jaipur City,Male,38,2,0,2,1,1,5040273.9,0
8157,8214982026,Sharma,401,Jaipur  Urban,Male,71,9,10157233.95,1,1,0,10697154.8,0
8158,8694144922,Jain,743,Jaipur City,Female,32,7,0,1,0,0,6482462.95,0
8159,8412777468,Singh,649,Jaipur Gramin,Female,37,2,0,2,1,0,334888.95,0
8160,8009285773,Maheshwari,433,Jaipur City,Female,25,6,0,2,1,1,1301034.65,0
8161,8741350485,Agarwal,828,Jaipur  Urban,Female,25,5,12995290.45,1,1,0,4948257.15,0
8162,8927020495,Singh,586,Jaipur Gramin,Male,31,4,8466626.45,2,0,1,3049547.55,0
8163,8011305005,Gupta,625,Jaipur Gramin,Male,27,4,11645312.8,1,1,0,1806595.1,0
8164,8823065419,Singh,802,Jaipur  Urban,Male,48,3,10440684.3,1,1,1,2085380.65,1
8165,8862874608,Verma,697,Jaipur City,Male,38,2,8483972.4,2,1,0,2000177.5,0
8166,8494189805,Gupta,607,Jaipur City,Male,37,8,13150569.3,2,1,0,7573430.3,0
8167,8439945225,Sharma,530,Jaipur City,Male,37,8,0,1,1,1,68600.1,0
8168,8235835964,Verma,736,Jaipur  Urban,Female,24,7,12553415.4,1,1,1,10335362.5,0
8169,8605177837,Khandelwal,596,Jaipur City,Female,33,2,0,2,1,1,399556.1,0
8170,8807630353,Jat,642,Jaipur Gramin,Male,27,3,10795835.55,1,1,0,13762345.75,0
8171,8935892565,Choudhary,599,Jaipur  Urban,Male,61,1,10602726.6,1,0,1,7683116.85,1
8172,8471009928,Verma,475,Jaipur City,Female,44,0,15245283.8,2,1,0,248132.85,1
8173,8634237840,Jain,791,Jaipur City,Male,31,8,0,2,1,1,8422372.9,0
8174,8033308389,Maheshwari,788,Jaipur  Urban,Male,31,1,10822230.6,3,1,0,13869477.2,0
8175,8737682047,Choudhary,557,Jaipur City,Male,31,0,10639924.3,1,1,1,6184373.05,0
8176,8972507751,Agarwal,553,Jaipur Gramin,Female,22,6,15877061.6,2,1,0,6229378,0
8177,8630508217,Aggarwal,722,Jaipur Gramin,Male,40,3,12627322.9,1,0,1,12414784.65,0
8178,8990909324,Rathore,694,Jaipur  Urban,Female,40,8,10934779.1,1,0,0,14252236.45,0
8179,8983521457,Aggarwal,728,Jaipur Gramin,Female,46,7,10835522.05,2,1,1,12410981.75,0
8180,8074863621,Saini,612,Jaipur Gramin,Female,27,9,13562764.05,1,0,1,8787424.95,0
8181,8923784020,Rathore,773,Jaipur Gramin,Male,42,1,9555693.2,1,1,1,7056948.2,0
8182,8093891107,Singh,598,Jaipur Gramin,Male,28,8,11049299.6,2,0,1,3913491.8,0
8183,8316029254,Maheshwari,554,Jaipur City,Male,36,5,0,1,0,1,15541675.4,0
8184,8728878435,Paliwal,625,Jaipur City,Female,59,2,0,2,1,1,14565955.3,0
8185,8554538776,Rathore,671,Jaipur Gramin,Female,50,3,0,1,1,0,15588925.2,1
8186,8938279306,Jain,746,Jaipur  Urban,Female,40,6,7579880.1,2,0,1,12995135.75,0
8187,8184727851,Jain,607,Jaipur Gramin,Female,39,3,0,2,1,0,4297638.25,1
8188,8086281741,Meena,604,Jaipur City,Female,39,5,13803194.2,2,1,0,4649726.1,0
8189,8569701100,Rathore,487,Jaipur  Urban,Female,59,3,16180011.8,1,1,0,6661088.75,0
8190,8911943964,Sharma,738,Jaipur Gramin,Male,21,8,0,2,1,0,5836663.55,0
8191,8080052553,Aggarwal,708,Jaipur Gramin,Male,47,2,0,2,1,0,12866937.05,0
8192,8919496753,Agarwal,653,Jaipur Gramin,Female,40,10,11830382.45,1,1,1,1696571.95,0
8193,8124844015,Khandelwal,587,Jaipur Gramin,Male,36,8,9727014.95,1,1,0,2291236.2,0
8194,8045670343,Choudhary,590,Jaipur Gramin,Female,66,5,12745766.15,1,1,1,6482745.15,0
8195,8593888877,Saini,638,Jaipur Gramin,Male,42,4,10719826,1,1,0,8584872.5,0
8196,8699721412,Rathore,572,Jaipur  Urban,Female,59,7,9468742.45,1,0,1,16240950.85,0
8197,8928477561,Saini,586,Jaipur Gramin,Male,30,3,9775601.8,1,0,0,15032972.5,0
8198,8372885243,Agarwal,620,Jaipur Gramin,Male,54,6,8682061.5,1,1,1,3852647.1,0
8199,8305079895,Saini,682,Jaipur City,Female,36,3,11363354.2,1,1,0,16231470.8,1
8200,8234931175,Singh,852,Jaipur Gramin,Male,32,9,10274777.05,2,0,1,6706210.15,0
8201,8878249784,Agarwal,800,Jaipur City,Male,47,5,0,1,1,0,10366979.1,1
8202,8323323417,Singh,742,Jaipur City,Female,49,10,6997359.8,1,0,1,947274,0
8203,8799572741,Rathore,587,Jaipur City,Female,27,4,0,2,1,0,12255425.8,0
8204,8562109583,Agarwal,814,Jaipur City,Male,33,5,9900313.8,2,1,1,2784391.75,0
8205,8539710523,Maheshwari,749,Jaipur Gramin,Female,34,3,11249978.65,1,1,0,6827225.5,0
8206,8891501411,Rathore,452,Jaipur  Urban,Female,39,4,15511783.45,1,1,0,15795611.2,0
8207,8594331403,Khandelwal,576,Jaipur Gramin,Male,34,6,0,2,1,1,13608101.35,0
8208,8078521418,Singh,559,Jaipur City,Male,63,2,10266910.3,2,1,1,4436901.4,0
8209,8395241022,Maheshwari,733,Jaipur Gramin,Female,29,3,11065424.95,2,1,0,2703972.4,0
8210,8943407851,Meena,727,Jaipur  Urban,Male,32,5,7509616.55,2,1,1,8855451.3,0
8211,8273053119,Meena,724,Jaipur City,Male,31,6,0,2,1,1,5751711.15,0
8212,8141451197,Agarwal,695,Jaipur  Urban,Male,39,2,12425833.8,2,1,1,16487829.95,0
8213,8380983012,Jain,604,Jaipur Gramin,Male,32,7,0,1,1,0,16834754.9,1
8214,8766929170,Khandelwal,598,Jaipur City,Male,34,0,8881494.45,1,0,1,3676221.95,0
8215,8449308177,Maheshwari,883,Jaipur  Urban,Female,32,4,9281716.95,2,1,0,4693531.7,0
8216,8973178447,Meena,704,Jaipur Gramin,Female,61,7,6845777.6,1,1,0,11160956.45,1
8217,8800438486,Choudhary,725,Jaipur  Urban,Male,41,4,9267278,2,1,1,3664953.5,0
8218,8043208362,Jain,606,Jaipur  Urban,Male,75,2,5212168.55,1,0,1,15865684.35,0
8219,8078837220,Maheshwari,499,Jaipur Gramin,Female,40,9,0,2,0,1,2827634.65,0
8220,8523825480,Choudhary,566,Jaipur Gramin,Female,39,2,0,2,1,1,47198.8,0
8221,8265332990,Khandelwal,548,Jaipur Gramin,Male,42,6,15114872.55,1,1,0,12830266.35,1
8222,8624301442,Khandelwal,412,Jaipur  Urban,Male,59,4,9429840.5,1,1,0,6191959.3,1
8223,8591941757,Meena,605,Jaipur  Urban,Male,25,7,14060141.55,1,1,1,2998777.9,0
8224,8078197502,Meena,460,Jaipur Gramin,Male,27,1,6613481.1,1,1,1,178660.65,0
8225,8040136263,Jat,722,Jaipur Gramin,Male,50,3,0,2,0,0,8070736.4,0
8226,8752432677,Jat,684,Jaipur City,Female,57,3,14923955.75,2,1,0,8420248.75,1
8227,8141634883,Rathore,845,Jaipur City,Female,38,3,10556763.7,1,1,0,6348825.1,0
8228,8891040971,Agarwal,900,Jaipur Gramin,Female,30,3,0,2,1,0,9918888,0
8229,8437605547,Gupta,545,Jaipur Gramin,Female,39,10,13611283.75,1,1,0,2790052.75,0
8230,8075929310,Maheshwari,586,Jaipur  Urban,Female,37,7,5972004.8,2,1,0,11866646.85,0
8231,8790380760,Gupta,790,Jaipur  Urban,Male,32,4,13825899.4,2,1,1,9819636.05,0
8232,8351431924,Meena,824,Jaipur  Urban,Male,43,0,11238483.25,1,1,0,1781177.55,1
8233,8066012495,Saini,578,Jaipur City,Male,25,9,12583652.45,2,1,0,4448997.75,0
8234,8684527294,Meena,640,Jaipur City,Female,33,4,7892676.7,1,1,1,13584120.3,0
8235,8807294249,Khandelwal,799,Jaipur  Urban,Male,47,9,10989648.3,1,1,0,14444514.1,1
8236,8425890623,Jat,557,Jaipur City,Male,37,9,8521435.3,1,1,1,12412849.2,0
8237,8182350005,Rathore,602,Jaipur City,Male,37,3,9145395.65,2,0,1,13015432.05,0
8238,8731517261,Khandelwal,659,Jaipur Gramin,Male,39,3,9613194.85,1,1,1,5128495.4,0
8239,8243929598,Meena,695,Jaipur City,Female,40,7,0,2,1,1,13919369.65,0
8240,8611717502,Aggarwal,647,Jaipur City,Male,34,7,12744903.4,2,0,0,13315148.85,0
8241,8154779340,Jain,828,Jaipur  Urban,Male,50,8,10322279.3,1,1,1,15000101.3,1
8242,8777471848,Paliwal,558,Jaipur Gramin,Male,32,9,0,2,1,0,458005.5,0
8243,8785030342,Khandelwal,454,Jaipur Gramin,Female,50,2,0,1,0,1,7933274.4,1
8244,8392630603,Saini,870,Jaipur Gramin,Male,29,3,12654290.85,2,0,1,6051389.7,0
8245,8408794276,Aggarwal,514,Jaipur City,Female,32,0,5791761.45,1,1,1,14476281.15,0
8246,8633279729,Rathore,572,Jaipur City,Male,35,5,9356825.5,1,1,1,9332516.35,0
8247,8457335683,Maheshwari,676,Jaipur Gramin,Male,24,7,0,2,1,1,14136419.7,0
8248,8393020033,Rathore,486,Jaipur  Urban,Female,25,5,9712852.25,2,1,1,10771902.95,0
8249,8127029881,Choudhary,640,Jaipur  Urban,Male,29,6,9980049.75,1,0,0,2578809.9,0
8250,8079318571,Verma,583,Jaipur Gramin,Female,38,6,0,2,1,1,3224545.55,0
8251,8323017154,Aggarwal,900,Jaipur Gramin,Female,35,9,0,2,0,0,2153005.8,0
8252,8951967939,Choudhary,635,Jaipur  Urban,Female,37,1,3021733.85,2,0,0,4222488.05,0
8253,8083709131,Jat,773,Jaipur Gramin,Male,56,9,0,2,1,1,14407381.85,0
8254,8342119229,Sharma,780,Jaipur Gramin,Male,36,7,11601898.2,3,1,1,2252524.65,1
8255,8300183056,Saini,644,Jaipur  Urban,Male,28,3,10512433.65,1,1,1,14148964.85,0
8256,8847842575,Jain,570,Jaipur Gramin,Female,40,1,11860248.9,1,1,0,15410023.15,0
8257,8601425928,Sharma,685,Jaipur City,Male,58,1,15190688.3,1,1,1,1850297.85,0
8258,8324356856,Agarwal,565,Jaipur Gramin,Male,40,5,0,2,0,0,6192189.65,0
8259,8812866484,Singh,588,Jaipur Gramin,Male,41,1,7572336.35,1,1,0,2082497.45,0
8260,8752755912,Paliwal,623,Jaipur City,Male,38,3,8172194.95,1,0,0,8414568.2,0
8261,8008297530,Jat,648,Jaipur  Urban,Female,30,5,2736799.4,1,0,1,12022910.85,0
8262,8630915958,Jat,684,Jaipur Gramin,Male,38,7,0,2,1,1,6618474.85,0
8263,8969679240,Sharma,764,Jaipur Gramin,Female,33,4,0,2,1,0,9784802.2,0
8264,8948561547,Aggarwal,546,Jaipur City,Male,32,10,0,2,0,1,14331506.6,0
8265,8674589814,Verma,770,Jaipur Gramin,Male,33,6,0,2,0,0,3276784,0
8266,8848158248,Jain,622,Jaipur  Urban,Female,40,0,11926042.3,1,1,0,13652581.85,1
8267,8997738894,Aggarwal,552,Jaipur Gramin,Female,35,1,0,2,1,0,314638.55,0
8268,8577982273,Sharma,665,Jaipur Gramin,Male,38,8,0,2,1,0,7536052.4,0
8269,8452712778,Jain,824,Jaipur  Urban,Female,42,2,6331137.45,2,0,1,3763282.35,0
8270,8921513226,Agarwal,613,Jaipur Gramin,Female,53,7,0,2,0,1,13302108.15,1
8271,8302779911,Paliwal,551,Jaipur City,Male,34,0,0,1,1,0,15554059.9,0
8272,8575762102,Paliwal,457,Jaipur Gramin,Male,37,8,12945811.1,2,1,1,14881987,0
8273,8192014815,Aggarwal,784,Jaipur  Urban,Male,32,5,13591907.15,1,1,0,12648946.9,0
8274,8046778501,Gupta,690,Jaipur Gramin,Male,32,1,0,3,1,0,7301592.65,0
8275,8023326388,Aggarwal,778,Jaipur  Urban,Female,31,1,8462424.9,1,1,0,16936702.2,0
8276,8073323430,Rathore,612,Jaipur City,Female,46,5,9935360.15,1,0,0,9177742.4,0
8277,8774914402,Singh,576,Jaipur City,Male,32,9,12085997,2,0,1,10882431,0
8278,8974260807,Choudhary,629,Jaipur  Urban,Female,40,3,12746769.15,2,1,0,8891923.1,0
8279,8068830705,Maheshwari,731,Jaipur Gramin,Female,36,8,0,2,1,1,5922506.75,0
8280,8311970416,Saini,606,Jaipur Gramin,Female,34,2,0,1,0,0,3058505.7,0
8281,8381398122,Singh,727,Jaipur City,Male,53,7,0,2,0,1,10024829.45,0
8282,8091736353,Aggarwal,560,Jaipur City,Male,40,8,2435219.4,1,1,1,8086952.7,0
8283,8754309944,Verma,776,Jaipur Gramin,Female,21,4,6887176,2,1,0,14253018.45,0
8284,8795460212,Paliwal,677,Jaipur Gramin,Male,57,1,0,2,1,1,4807818.45,0
8285,8736058362,Khandelwal,733,Jaipur Gramin,Female,39,3,12959337.15,1,1,0,7676007.45,0
8286,8778734199,Singh,611,Jaipur Gramin,Male,25,10,0,1,0,1,9341088.6,0
8287,8188273810,Paliwal,638,Jaipur City,Male,28,7,13219165.15,1,1,0,156675.4,0
8288,8143429958,Jain,750,Jaipur Gramin,Female,36,1,10102339.25,1,1,1,8733496.7,0
8289,8922772894,Verma,900,Jaipur Gramin,Female,34,9,7896437.95,2,1,0,8284600.65,0
8290,8061864145,Singh,698,Jaipur Gramin,Male,40,4,0,1,0,1,8954966.75,0
8291,8161160487,Jain,836,Jaipur Gramin,Male,37,4,6397414.5,1,1,0,7293150.45,0
8292,8029074829,Maheshwari,682,Jaipur City,Male,38,1,12571866.35,1,1,1,5896454.25,0
8293,8149809787,Aggarwal,820,Jaipur  Urban,Female,41,5,9064442.5,1,1,0,15040406.6,0
8294,8640419572,Jain,799,Jaipur  Urban,Female,28,4,7709226.3,1,0,1,1835762,0
8295,8688350715,Meena,725,Jaipur City,Female,36,2,14918333,2,1,0,12923371.95,0
8296,8495642490,Jat,746,Jaipur Gramin,Male,40,6,0,2,1,1,9510912.65,0
8297,8457669475,Singh,710,Jaipur Gramin,Female,34,7,0,2,1,0,16581342.7,0
8298,8494970064,Maheshwari,581,Jaipur Gramin,Female,35,2,9717308.8,2,0,0,1356515.85,0
8299,8669968292,Aggarwal,653,Jaipur  Urban,Female,51,4,8122603.4,1,0,0,6173451.4,1
8300,8613259691,Jat,598,Jaipur  Urban,Female,50,5,7512283.85,3,0,1,5453365.4,1
8301,8177168776,Gupta,760,Jaipur  Urban,Male,48,7,7302819.2,1,1,1,2028142.5,0
8302,8840270649,Jain,618,Jaipur  Urban,Male,58,3,6146290.5,1,1,1,7283402.65,1
8303,8780184467,Sharma,900,Jaipur Gramin,Female,39,2,0,2,1,0,15253370.7,0
8304,8806968428,Gupta,505,Jaipur Gramin,Male,43,8,0,1,1,1,7920307.65,0
8305,8224393080,Paliwal,690,Jaipur Gramin,Male,69,1,0,2,1,0,13353252.65,0
8306,8181930331,Aggarwal,775,Jaipur Gramin,Male,58,3,0,3,1,1,6829321.6,1
8307,8410357809,Verma,804,Jaipur Gramin,Female,33,4,0,1,1,0,2216845.9,1
8308,8079027091,Meena,622,Jaipur Gramin,Male,30,3,11376758.7,1,1,1,2669589.05,0
8309,8682327144,Agarwal,547,Jaipur Gramin,Male,36,7,13164126.8,2,1,1,2723794.4,0
8310,8383139235,Jat,779,Jaipur Gramin,Female,27,9,0,2,1,0,11282463.95,0
8311,8631838068,Choudhary,722,Jaipur City,Male,43,6,9870341.95,1,1,0,5236205.7,0
8312,8906916890,Jat,546,Jaipur  Urban,Male,42,6,9103882.5,1,1,1,3510877.4,1
8313,8141958087,Rathore,584,Jaipur Gramin,Male,47,6,6037275.45,1,1,0,4926804.85,0
8314,8009155359,Paliwal,647,Jaipur Gramin,Male,38,3,0,1,1,0,3643339.7,0
8315,8004859648,Khandelwal,652,Jaipur Gramin,Male,33,4,0,2,1,1,13004323.4,0
8316,8085949712,Khandelwal,600,Jaipur Gramin,Female,41,1,0,2,1,1,7751460.25,0
8317,8338521080,Saini,661,Jaipur Gramin,Male,53,7,0,2,1,1,11061254.85,0
8318,8012262024,Aggarwal,679,Jaipur Gramin,Female,27,4,0,2,0,0,7543873.25,0
8319,8055829843,Gupta,504,Jaipur Gramin,Female,39,6,12379744.25,1,0,0,8850109.05,0
8320,8074737964,Choudhary,660,Jaipur City,Female,50,7,11021760.45,1,0,0,3572393.6,0
8321,8363253215,Verma,557,Jaipur  Urban,Male,33,3,9294058.95,1,1,0,6428786.3,0
8322,8064257857,Maheshwari,583,Jaipur Gramin,Male,64,1,0,2,1,1,4565369.55,0
8323,8163716639,Verma,620,Jaipur Gramin,Female,35,5,0,2,0,1,1110635.5,0
8324,8062475820,Verma,734,Jaipur City,Female,30,6,0,2,1,0,12955527.45,0
8325,8060261917,Agarwal,665,Jaipur Gramin,Male,55,3,7436281.95,1,1,1,280415.85,0
8326,8910659155,Rathore,606,Jaipur Gramin,Male,27,9,0,2,1,0,16837803.85,0
8327,8314173605,Khandelwal,469,Jaipur Gramin,Female,36,0,4536376.05,1,1,1,8834400.2,0
8328,8510892347,Verma,728,Jaipur Gramin,Female,35,9,0,2,1,1,5984310.25,0
8329,8754847744,Maheshwari,646,Jaipur City,Male,34,5,12467780.45,1,1,0,8685288.1,0
8330,8790430715,Maheshwari,700,Jaipur Gramin,Male,43,2,9562450.7,2,1,0,2581890.3,0
8331,8624254712,Jain,858,Jaipur City,Female,38,2,4112895,1,1,0,15707731.4,0
8332,8332604676,Maheshwari,654,Jaipur City,Male,38,1,5786783,1,0,1,14132515.65,0
8333,8707534910,Khandelwal,654,Jaipur  Urban,Male,49,4,13611379.8,1,0,1,7513317.45,0
8334,8583395810,Verma,700,Jaipur Gramin,Male,30,4,5626178.05,1,1,1,9790892.45,0
8335,8774602403,Maheshwari,726,Jaipur Gramin,Female,37,10,0,2,1,1,1184520.05,1
8336,8149821261,Aggarwal,656,Jaipur Gramin,Male,35,4,10519742.8,1,1,0,7132384,0
8337,8112405704,Rathore,823,Jaipur  Urban,Female,33,0,10397674.3,1,0,0,2950548.9,1
8338,8859031773,Singh,521,Jaipur Gramin,Male,41,9,0,2,1,0,1179063.9,0
8339,8951267479,Meena,602,Jaipur City,Female,42,1,11807534.45,1,1,1,11857053.75,0
8340,8561963651,Meena,714,Jaipur Gramin,Female,42,0,0,2,0,1,11961594.4,0
8341,8929403505,Rathore,544,Jaipur  Urban,Female,25,7,10924556.15,2,1,0,1758009.1,0
8342,8755105229,Saini,499,Jaipur City,Female,31,3,0,2,1,0,10557192.1,0
8343,8237740248,Agarwal,666,Jaipur Gramin,Female,34,3,0,2,1,0,13569295.45,0
8344,8257196227,Paliwal,899,Jaipur  Urban,Female,49,9,11299465.65,1,1,0,14539815.25,1
8345,8769617688,Paliwal,504,Jaipur  Urban,Male,43,3,12818439.45,3,0,1,2153307.55,1
8346,8170396873,Choudhary,562,Jaipur City,Female,46,3,0,2,1,1,2496672.7,0
8347,8235420642,Khandelwal,714,Jaipur City,Male,32,9,0,3,0,1,3275372.15,0
8348,8027863686,Jain,848,Jaipur City,Female,28,7,14107387.1,3,1,0,13270381.05,1
8349,8537779433,Jat,650,Jaipur  Urban,Female,36,2,10582158.3,3,1,1,4921858.7,1
8350,8402656396,Aggarwal,724,Jaipur  Urban,Male,39,1,12032557.5,1,1,1,2656853.5,1
8351,8067585521,Sharma,547,Jaipur Gramin,Male,38,2,9754271.9,1,1,0,16423194.25,0
8352,8144266794,Meena,582,Jaipur Gramin,Female,30,6,0,2,1,1,11709403.65,0
8353,8041026616,Singh,584,Jaipur  Urban,Female,49,7,13208488.3,2,1,0,1131197,1
8354,8485785507,Rathore,509,Jaipur City,Female,32,6,0,1,1,1,11293261.5,1
8355,8693130743,Choudhary,547,Jaipur  Urban,Female,31,1,10936423.85,2,1,0,10632079.65,0
8356,8336182413,Rathore,485,Jaipur City,Male,44,4,9649424.4,1,1,1,1054442,0
8357,8137708241,Jat,757,Jaipur City,Female,26,3,0,2,1,0,3204269.65,0
8358,8007960135,Choudhary,661,Jaipur Gramin,Male,34,3,0,2,1,1,8975970.25,0
8359,8357349087,Meena,690,Jaipur City,Female,40,8,6718055.75,1,1,0,12136638.3,1
8360,8117261850,Verma,668,Jaipur City,Female,22,6,0,3,0,1,14315025.95,1
8361,8186385023,Jain,703,Jaipur  Urban,Male,33,9,12063037.65,2,0,1,15643099.95,0
8362,8889518185,Rathore,708,Jaipur Gramin,Female,35,9,9175268.05,2,0,0,4120669.95,0
8363,8548917412,Jain,560,Jaipur Gramin,Male,36,7,0,2,0,1,331166.8,0
8364,8845230294,Jain,548,Jaipur  Urban,Male,57,1,10203666.05,1,1,0,11251513.75,1
8365,8063935558,Jain,415,Jaipur City,Female,45,10,10641293.65,1,1,1,10902173.1,1
8366,8412446411,Singh,900,Jaipur Gramin,Male,31,1,8193941.35,2,1,0,9055402.75,0
8367,8095162008,Sharma,644,Jaipur Gramin,Male,41,2,0,2,0,1,8713810.7,0
8368,8903601730,Meena,479,Jaipur Gramin,Male,60,7,6541736,2,1,1,7109728.95,0
8369,8007356505,Jain,626,Jaipur  Urban,Female,34,7,8387437.9,1,1,0,11807082.25,1
8370,8491386627,Singh,701,Jaipur  Urban,Male,37,1,10779456.05,2,1,1,2549645.55,1
8371,8106031977,Gupta,614,Jaipur Gramin,Male,32,3,10318525.7,1,1,0,13946920.7,0
8372,8442402019,Khandelwal,856,Jaipur  Urban,Female,29,5,9015049,1,0,0,15978034.8,1
8373,8638428238,Paliwal,900,Jaipur  Urban,Male,44,2,9584203.9,2,0,0,13444565.6,0
8374,8585716319,Sharma,834,Jaipur City,Male,29,4,0,2,0,0,13235489.4,0
8375,8951566684,Saini,634,Jaipur City,Female,55,7,0,3,1,0,7300713.75,1
8376,8005467977,Agarwal,558,Jaipur  Urban,Female,38,7,12359058.65,2,1,1,7126807.15,0
8377,8484741076,Meena,601,Jaipur Gramin,Male,39,3,6175049.4,1,1,0,3551121.5,1
8378,8766724989,Verma,842,Jaipur City,Male,40,4,0,2,1,1,6962187.65,0
8379,8968155381,Maheshwari,617,Jaipur  Urban,Female,37,6,8188968.85,2,1,1,11847065.4,1
8380,8852164879,Meena,401,Jaipur City,Male,55,6,0,1,0,1,6252774.25,1
8381,8987782812,Jat,506,Jaipur  Urban,Male,32,8,10578280.6,2,1,1,14091818.5,0
8382,8178842739,Choudhary,540,Jaipur  Urban,Male,36,2,9679564.55,2,1,0,14868362.35,0
8383,8567651762,Khandelwal,599,Jaipur City,Male,25,3,0,2,1,1,10267151.7,0
8384,8969391633,Paliwal,472,Jaipur Gramin,Female,36,5,12636763.85,2,1,0,4767863.35,0
8385,8321562041,Rathore,786,Jaipur Gramin,Male,34,3,0,2,1,1,13499362.55,0
8386,8157295787,Jain,606,Jaipur Gramin,Female,62,4,9440604.05,2,0,1,10681184.15,0
8387,8635682808,Choudhary,730,Jaipur Gramin,Male,41,0,0,1,1,0,10914052.7,0
8388,8090778639,Choudhary,719,Jaipur Gramin,Male,44,8,13489296.85,1,1,0,9110403.7,0
8389,8491285440,Jain,796,Jaipur Gramin,Female,53,4,0,1,1,0,6562316.2,1
8390,8692629231,Meena,772,Jaipur City,Male,25,6,0,2,1,0,11027909.35,0
8391,8052075393,Jain,672,Jaipur Gramin,Female,48,0,7653767.2,2,0,1,15946422.45,1
8392,8684381239,Khandelwal,623,Jaipur  Urban,Male,38,10,7195402.15,1,1,1,15704112.1,0
8393,8624542822,Paliwal,767,Jaipur  Urban,Male,32,3,8680902.95,1,1,0,5438416.45,1
8394,8939774235,Jat,803,Jaipur  Urban,Male,60,9,12651943.15,1,1,0,16390691.95,1
8395,8698220224,Jain,710,Jaipur Gramin,Male,69,10,13171084.9,1,1,1,6022204.95,0
8396,8445096452,Rathore,552,Jaipur Gramin,Female,30,0,9255079.65,1,1,0,2372770.75,0
8397,8714777877,Rathore,608,Jaipur Gramin,Female,48,4,9526023.1,3,1,0,14753305.5,1
8398,8510467956,Choudhary,636,Jaipur  Urban,Male,29,6,11165123.15,1,0,1,792566.35,1
8399,8214844003,Saini,800,Jaipur  Urban,Female,45,7,11283427,2,1,0,2263454.8,1
8400,8064209645,Agarwal,532,Jaipur Gramin,Female,34,8,0,2,0,1,12376153,0
8401,8666907916,Jat,811,Jaipur Gramin,Male,39,8,10642981.75,2,1,0,12282165.95,0
8402,8601376576,Saini,522,Jaipur City,Male,58,1,0,2,1,1,1001298.3,1
8403,8168550799,Aggarwal,539,Jaipur  Urban,Male,36,6,11850901.45,1,0,0,7138588.15,1
8404,8466036712,Aggarwal,893,Jaipur Gramin,Female,28,4,0,2,0,1,10482061.45,0
8405,8986552405,Sharma,583,Jaipur  Urban,Female,47,5,13353454.95,2,1,1,5565958.1,0
8406,8508289343,Choudhary,580,Jaipur Gramin,Male,40,3,0,2,1,0,4056880,0
8407,8262059039,Rathore,721,Jaipur City,Male,26,5,7106020.4,1,0,1,5031579.25,0
8408,8468092978,Meena,751,Jaipur Gramin,Male,28,2,0,1,0,0,8335143.35,0
8409,8159988814,Rathore,875,Jaipur  Urban,Male,36,4,6952637.9,2,1,0,7659089.9,0
8410,8681787565,Singh,779,Jaipur City,Male,38,9,10997157.2,1,1,1,1151693.9,0
8411,8189149107,Singh,772,Jaipur Gramin,Female,46,9,0,1,1,0,9642066.8,0
8412,8315025001,Rathore,623,Jaipur City,Female,56,7,0,2,1,1,3607587.85,0
8413,8902988276,Paliwal,719,Jaipur Gramin,Male,22,9,8443815,1,1,0,5805296.85,1
8414,8775687742,Khandelwal,779,Jaipur City,Male,36,7,0,2,0,0,6811445.25,0
8415,8495638603,Singh,600,Jaipur  Urban,Female,29,6,6326558.5,2,1,1,8164343.5,0
8416,8171690299,Verma,792,Jaipur City,Male,38,3,7755557.25,1,0,1,6857999.75,0
8417,8673490752,Rathore,514,Jaipur  Urban,Male,32,2,8422858.25,1,0,1,9447748.3,0
8418,8280059252,Maheshwari,636,Jaipur Gramin,Female,26,5,0,2,1,0,15522052.3,0
8419,8420785232,Sharma,700,Jaipur  Urban,Female,39,2,8505283.6,2,1,0,9282121.55,0
8420,8363906920,Saini,692,Jaipur  Urban,Female,26,6,8391511.95,1,0,1,12847466.95,0
8421,8505337471,Aggarwal,683,Jaipur City,Male,29,9,0,1,1,1,7981636.85,0
8422,8528164534,Rathore,712,Jaipur Gramin,Male,43,6,10944627.2,1,1,0,3089137.15,0
8423,8391251698,Rathore,614,Jaipur City,Female,52,5,12305678.65,1,0,0,8355718.45,1
8424,8029143736,Singh,743,Jaipur City,Male,44,4,0,1,0,0,7222696.5,1
8425,8016206833,Khandelwal,722,Jaipur Gramin,Male,26,2,6058909.65,1,1,1,9243505.2,1
8426,8186643163,Jain,786,Jaipur Gramin,Male,29,9,9948050.65,1,1,1,1858286.15,0
8427,8626857030,Verma,497,Jaipur Gramin,Male,26,1,0,2,0,0,10331914.05,0
8428,8661339080,Jat,784,Jaipur Gramin,Female,40,0,320338.65,2,1,0,15050545.4,1
8429,8957324117,Meena,538,Jaipur  Urban,Female,36,2,9257676.4,2,1,1,11939100.85,0
8430,8118385305,Maheshwari,900,Jaipur  Urban,Male,28,2,8593518.7,2,1,1,3003671.35,0
8431,8239382260,Jat,614,Jaipur Gramin,Female,38,7,9402314.95,1,1,1,16447749.05,0
8432,8317662278,Meena,634,Jaipur  Urban,Male,33,8,12932230.65,1,1,1,2734792.55,0
8433,8380108845,Agarwal,455,Jaipur Gramin,Male,47,6,10352752.65,1,0,1,494011.5,1
8434,8485454894,Rathore,749,Jaipur Gramin,Female,41,5,9332851.25,1,0,1,12715456.85,0
8435,8857218638,Verma,494,Jaipur  Urban,Male,41,7,10404275.4,1,0,1,3182391.5,1
8436,8993781157,Gupta,646,Jaipur Gramin,Female,43,3,12398183.3,1,1,1,12134898.35,1
8437,8512616596,Singh,881,Jaipur City,Male,40,7,0,2,0,0,3828292.9,0
8438,8337271693,Choudhary,817,Jaipur Gramin,Male,29,9,0,2,0,0,14628279,0
8439,8260014535,Singh,728,Jaipur  Urban,Female,48,7,8932372.9,1,1,1,15329298.65,1
8440,8369239678,Aggarwal,684,Jaipur Gramin,Male,22,2,9774273.25,1,1,1,3178367.6,0
8441,8352504684,Saini,676,Jaipur City,Female,33,8,8225368.4,1,1,1,3133444.25,0
8442,8663543414,Khandelwal,629,Jaipur Gramin,Female,23,5,0,2,0,0,11255580.15,0
8443,8665469893,Aggarwal,598,Jaipur Gramin,Female,34,4,0,2,0,0,5176012.1,0
8444,8645625828,Maheshwari,623,Jaipur  Urban,Male,23,5,11281633.5,1,1,1,12232633.05,0
8445,8425349988,Saini,830,Jaipur Gramin,Female,70,3,0,2,1,1,14640422.95,0
8446,8500336120,Agarwal,700,Jaipur Gramin,Female,26,7,0,2,1,0,7362680.45,0
8447,8092769184,Jat,709,Jaipur Gramin,Female,33,6,0,2,1,0,13946365.65,0
8448,8255871999,Khandelwal,798,Jaipur City,Female,33,5,7187414.7,1,1,1,5868351.55,0
8449,8787166184,Khandelwal,490,Jaipur Gramin,Male,49,1,7974479.85,2,1,1,11259844.6,1
8450,8710857477,Sharma,644,Jaipur Gramin,Female,33,9,9682650.05,1,0,1,5551902.5,0
8451,8240589043,Rathore,680,Jaipur  Urban,Female,44,5,11934567.8,2,0,1,4858956.15,0
8452,8980650457,Gupta,570,Jaipur City,Female,22,8,8944493.9,1,1,1,2923751.8,0
8453,8828807549,Saini,773,Jaipur City,Female,46,1,0,3,1,1,15081685.15,1
8454,8980911206,Choudhary,560,Jaipur Gramin,Female,41,9,11720764.75,1,1,0,12070804.1,1
8455,8021584360,Saini,482,Jaipur Gramin,Female,35,6,0,2,1,1,6852569.95,0
8456,8617395236,Jain,611,Jaipur Gramin,Female,53,6,0,2,1,1,10558552.95,0
8457,8763745933,Sharma,738,Jaipur Gramin,Male,37,9,14046464.2,1,1,0,7249335.5,0
8458,8365469220,Jain,529,Jaipur Gramin,Male,32,8,0,2,0,0,3475576.9,0
8459,8848197127,Aggarwal,900,Jaipur Gramin,Female,71,4,0,2,1,1,9115133.95,0
8460,8148192998,Verma,594,Jaipur City,Male,23,7,0,2,1,1,14287307.45,0
8461,8690621772,Aggarwal,660,Jaipur  Urban,Female,28,5,10372924,3,0,1,12466391.55,1
8462,8163746188,Agarwal,630,Jaipur Gramin,Female,44,7,0,1,1,0,407303,0
8463,8749832487,Verma,860,Jaipur Gramin,Male,59,1,10111819.3,1,1,1,10269664.3,0
8464,8079233130,Aggarwal,511,Jaipur City,Male,49,2,0,1,1,0,9735871.95,1
8465,8154876763,Choudhary,900,Jaipur Gramin,Female,34,4,6067260.05,2,1,1,13090084.15,0
8466,8881636281,Singh,598,Jaipur Gramin,Female,40,2,14550151.25,1,1,0,11728349.3,1
8467,8072313361,Aggarwal,616,Jaipur Gramin,Male,36,9,11161104.35,1,0,0,7084217.05,0
8468,8911341368,Khandelwal,731,Jaipur City,Male,62,3,0,2,1,1,6986587.75,0
8469,8057396306,Choudhary,694,Jaipur City,Female,27,5,7403487.25,2,1,0,12711830.75,0
8470,8342651813,Choudhary,744,Jaipur Gramin,Male,71,5,15566508.15,2,1,1,16803522.5,0
8471,8901361951,Khandelwal,674,Jaipur Gramin,Male,26,0,0,2,0,1,6199046.6,0
8472,8738119637,Singh,510,Jaipur Gramin,Male,51,10,0,3,1,0,14538854.75,1
8473,8425628353,Paliwal,674,Jaipur Gramin,Male,31,3,0,2,0,1,2357139.25,0
8474,8049928187,Verma,804,Jaipur Gramin,Female,33,6,0,2,1,1,10721211.5,0
8475,8381949388,Jat,745,Jaipur City,Female,33,4,6165513.25,1,1,1,8834176.65,0
8476,8249828632,Meena,640,Jaipur  Urban,Male,58,2,10891680.7,2,1,0,12549003.05,1
8477,8723163867,Rathore,721,Jaipur Gramin,Male,51,9,0,2,0,0,5266733.45,0
8478,8525039545,Saini,547,Jaipur  Urban,Male,42,0,9852820.05,2,0,1,10662014.95,1
8479,8122680778,Meena,647,Jaipur Gramin,Male,66,0,0,2,0,1,3590445.9,0
8480,8947746592,Sharma,638,Jaipur Gramin,Male,50,2,0,2,0,0,4925144.8,0
8481,8235393217,Jat,427,Jaipur Gramin,Male,29,5,9095041.65,1,1,1,13040667.7,0
8482,8320295069,Meena,755,Jaipur City,Female,38,10,0,2,1,0,16126805.2,0
8483,8742498768,Verma,638,Jaipur Gramin,Female,34,2,0,2,0,0,14057771.75,0
8484,8310417511,Sharma,400,Jaipur City,Male,34,9,12988572.9,1,1,0,1673479.15,0
8485,8282400801,Gupta,842,Jaipur Gramin,Female,60,3,7895400.1,1,1,0,3355258.55,1
8486,8269163621,Khandelwal,684,Jaipur Gramin,Male,25,7,0,2,1,1,12301487.3,0
8487,8495860350,Jat,766,Jaipur  Urban,Female,40,6,9769956.95,2,1,1,16566123.45,1
8488,8920794837,Khandelwal,727,Jaipur  Urban,Male,34,0,11954507.1,2,1,1,6568112.35,0
8489,8799492420,Meena,590,Jaipur  Urban,Female,70,5,6104422.9,2,1,0,8933229.7,1
8490,8932970415,Paliwal,506,Jaipur Gramin,Female,41,7,0,2,0,1,15026333.15,0
8491,8235814695,Sharma,775,Jaipur Gramin,Male,48,5,14049005.7,1,1,0,13071849.1,1
8492,8919689906,Gupta,661,Jaipur City,Male,42,2,12167398.95,2,1,0,3707025.1,0
8493,8744710735,Aggarwal,473,Jaipur Gramin,Male,28,9,9752199.6,2,0,1,6755777.9,0
8494,8515156108,Khandelwal,784,Jaipur  Urban,Female,46,9,9682323.65,3,1,0,7847231.45,1
8495,8606804441,Sharma,685,Jaipur  Urban,Male,36,2,9919097.95,1,0,0,16422158.1,0
8496,8124408862,Jain,715,Jaipur Gramin,Male,42,4,0,1,0,0,10740016.05,1
8497,8231433075,Paliwal,572,Jaipur City,Male,43,3,0,2,1,1,11475758.2,0
8498,8774758310,Singh,584,Jaipur Gramin,Male,36,1,0,2,0,1,1456526,0
8499,8790450238,Verma,734,Jaipur  Urban,Male,37,7,7988211.6,2,1,0,5155400.45,0
8500,8225500719,Aggarwal,478,Jaipur  Urban,Male,35,2,10367289.35,2,0,1,16009159.25,0
8501,8197252182,Verma,672,Jaipur Gramin,Male,37,2,8272617.35,1,1,0,1979805.55,0
8502,8925434159,Khandelwal,694,Jaipur City,Male,29,6,0,2,1,0,5477718.75,0
8503,8932213820,Meena,516,Jaipur Gramin,Male,37,8,0,2,1,1,24479.15,0
8504,8860500363,Rathore,551,Jaipur Gramin,Female,48,2,0,2,0,1,11726719.85,0
8505,8361939277,Meena,629,Jaipur Gramin,Male,42,3,12338206.45,1,1,0,6134445.75,1
8506,8265693969,Aggarwal,590,Jaipur Gramin,Male,28,5,11663935.45,1,0,0,3366729.3,0
8507,8222253466,Choudhary,800,Jaipur Gramin,Male,48,9,0,2,0,1,14913947.85,0
8508,8940198171,Meena,664,Jaipur  Urban,Female,38,5,9712798.7,2,1,1,7609610.55,0
8509,8986153039,Aggarwal,694,Jaipur City,Male,27,2,0,2,1,1,1123806.25,0
8510,8189238963,Sharma,583,Jaipur City,Female,42,2,0,1,1,0,8745593.9,0
8511,8430533391,Agarwal,540,Jaipur Gramin,Female,40,8,12791677.2,1,0,0,14149797.85,1
8512,8940266572,Meena,652,Jaipur  Urban,Male,28,9,13672941.05,2,1,0,2307687.95,0
8513,8935274425,Sharma,614,Jaipur City,Male,39,5,14474512.3,1,1,1,5066097.75,0
8514,8314720988,Verma,689,Jaipur  Urban,Female,27,4,9483280.85,1,0,1,1872225.3,0
8515,8772312968,Jain,668,Jaipur City,Male,29,7,7130567.55,1,1,0,13010067.7,0
8516,8945940249,Jat,749,Jaipur  Urban,Female,35,0,14618550.75,2,0,1,14221610.95,0
8517,8347559451,Rathore,480,Jaipur Gramin,Female,34,4,0,2,1,0,1090886.6,0
8518,8481936744,Verma,706,Jaipur Gramin,Male,20,8,11698074,2,1,1,16794537.15,0
8519,8178653260,Verma,599,Jaipur Gramin,Male,50,3,10298570.25,1,0,0,342838.15,1
8520,8099259555,Aggarwal,637,Jaipur Gramin,Male,29,7,0,2,0,1,10699563.7,0
8521,8705698824,Khandelwal,641,Jaipur City,Male,52,1,0,2,1,1,15037640.7,0
8522,8528311470,Khandelwal,534,Jaipur Gramin,Male,37,3,7750640.85,1,1,0,8965515.25,0
8523,8960223693,Choudhary,653,Jaipur City,Male,18,8,0,2,1,0,5029655.7,0
8524,8639040818,Saini,708,Jaipur  Urban,Female,54,1,12242363,1,1,1,9242136.7,1
8525,8692573771,Agarwal,733,Jaipur Gramin,Female,34,6,0,2,1,1,14901382.3,0
8526,8250759412,Choudhary,734,Jaipur Gramin,Female,29,8,11914501.85,1,1,1,3244453.4,0
8527,8772845689,Aggarwal,632,Jaipur Gramin,Male,27,1,5277896.5,1,1,1,9000398.4,0
8528,8718758072,Singh,713,Jaipur City,Male,39,3,0,1,1,1,8128127.55,0
8529,8401715231,Rathore,521,Jaipur City,Male,35,4,0,2,0,0,810997.75,0
8530,8607650789,Maheshwari,604,Jaipur Gramin,Male,45,9,0,1,0,0,12623927.15,0
8531,8916907970,Agarwal,850,Jaipur Gramin,Female,33,2,8798933.95,1,1,0,9682163,0
8532,8407808761,Agarwal,748,Jaipur City,Male,30,1,0,3,1,0,13995056.2,1
8533,8688362040,Paliwal,582,Jaipur Gramin,Female,35,2,0,2,1,0,8382788.4,1
8534,8001034549,Aggarwal,727,Jaipur Gramin,Male,34,8,0,2,1,1,3185797.45,0
8535,8560584051,Gupta,685,Jaipur Gramin,Female,31,6,0,2,1,1,1346945.7,0
8536,8723764879,Verma,596,Jaipur City,Male,43,2,7238792.1,1,0,1,433846.8,1
8537,8342831933,Jain,655,Jaipur Gramin,Female,43,8,12160259.8,1,1,0,5264696,0
8538,8130668115,Jat,841,Jaipur City,Female,46,6,0,2,1,1,14450742.9,0
8539,8515779551,Gupta,757,Jaipur City,Female,33,5,11677980.85,2,1,0,14025057.8,0
8540,8335639607,Khandelwal,624,Jaipur  Urban,Female,25,1,11705520.85,1,1,1,6476749.25,0
8541,8078762774,Aggarwal,461,Jaipur  Urban,Male,40,7,9086620.7,2,0,0,10033908.3,0
8542,8679419152,Maheshwari,656,Jaipur City,Male,47,5,8976272.85,2,1,1,13375676.5,0
8543,8548137423,Maheshwari,706,Jaipur  Urban,Female,40,8,12807775.35,2,0,1,16679242.3,0
8544,8416406181,Gupta,696,Jaipur  Urban,Male,30,4,9205522.95,2,0,1,3772688.45,1
8545,8018173383,Maheshwari,707,Jaipur Gramin,Female,46,7,4421366.8,2,1,1,6204460.25,0
8546,8457026514,Jat,496,Jaipur  Urban,Male,34,7,5143786.05,1,0,0,10588542.65,0
8547,8951507613,Aggarwal,544,Jaipur  Urban,Male,35,2,13479663.8,2,1,0,3709413.6,0
8548,8865418488,Khandelwal,707,Jaipur  Urban,Male,47,2,10099062.5,2,0,0,2645320.7,0
8549,8643549881,Aggarwal,500,Jaipur City,Male,46,4,0,1,1,0,1901686.3,0
8550,8809464801,Agarwal,757,Jaipur Gramin,Male,37,8,0,2,1,1,14478759.75,0
8551,8059961421,Gupta,704,Jaipur  Urban,Female,47,1,7753639.65,1,0,0,13501866.65,1
8552,8526215701,Sharma,488,Jaipur City,Male,32,7,0,2,1,0,5773725.3,0
8553,8849703019,Maheshwari,442,Jaipur Gramin,Female,22,1,6487084.4,1,1,1,16556565.2,0
8554,8910652688,Meena,698,Jaipur City,Female,58,4,0,1,1,0,14963060.85,0
8555,8503081723,Aggarwal,604,Jaipur Gramin,Female,24,3,0,1,1,1,16900212.55,1
8556,8126881786,Gupta,506,Jaipur  Urban,Male,25,1,9471731.05,1,1,1,14338103.45,0
8557,8677238798,Saini,635,Jaipur City,Male,41,10,12762623.35,1,0,0,589582.95,0
8558,8789995889,Rathore,755,Jaipur Gramin,Female,32,7,3276755.1,1,0,1,15234569.55,0
8559,8234659119,Saini,569,Jaipur Gramin,Female,39,5,10116178.1,1,1,0,8790862.35,0
8560,8119541407,Gupta,692,Jaipur  Urban,Female,39,0,9453159.4,2,1,1,12544152.1,0
8561,8185628876,Maheshwari,632,Jaipur  Urban,Male,28,5,6043264.55,1,1,1,11092881.65,0
8562,8514992084,Verma,826,Jaipur City,Male,36,10,9318792.25,1,1,1,1372676.05,0
8563,8087948400,Maheshwari,716,Jaipur Gramin,Male,63,7,12611281.7,1,0,0,10103276.8,1
8564,8450717351,Verma,574,Jaipur Gramin,Male,45,1,12631077.35,1,1,0,12188756.9,1
8565,8093952864,Khandelwal,503,Jaipur Gramin,Male,48,10,6042138.3,1,1,0,11726515,0
8566,8490015996,Khandelwal,638,Jaipur Gramin,Female,40,9,11868153.9,1,1,0,7964751.6,1
8567,8588161464,Gupta,695,Jaipur Gramin,Female,39,4,0,1,0,0,14699840.5,1
8568,8137055417,Agarwal,719,Jaipur Gramin,Male,30,9,0,1,1,1,9193781.05,0
8569,8394494178,Khandelwal,618,Jaipur Gramin,Male,64,0,6932948.5,2,0,1,3051167.65,0
8570,8339032591,Agarwal,626,Jaipur City,Male,36,9,0,2,1,1,8912471,0
8571,8837598875,Khandelwal,786,Jaipur Gramin,Female,28,7,10585923.8,1,0,1,16052325.65,0
8572,8632080737,Maheshwari,800,Jaipur Gramin,Female,42,2,11357393.15,1,1,0,2432343,0
8573,8802669568,Aggarwal,782,Jaipur  Urban,Female,38,10,8640122.5,2,1,0,14620122.4,0
8574,8366057000,Jat,640,Jaipur Gramin,Female,26,8,10563956.4,1,1,1,5109908.45,0
8575,8113401391,Meena,740,Jaipur Gramin,Female,59,4,0,2,1,1,14494933.55,0
8576,8616151966,Maheshwari,582,Jaipur City,Male,45,0,0,2,0,0,16123114.5,0
8577,8263450019,Paliwal,781,Jaipur Gramin,Female,37,9,15607161.1,2,0,0,4227469.9,0
8578,8314504811,Aggarwal,785,Jaipur  Urban,Male,65,1,11575847.4,1,1,1,10330015.15,1
8579,8291099808,Paliwal,474,Jaipur Gramin,Male,47,10,11703027.8,1,1,0,6041074.95,0
8580,8442560672,Saini,660,Jaipur Gramin,Male,34,4,9010470.9,1,0,1,12154602.2,0
8581,8994624358,Singh,515,Jaipur Gramin,Female,31,6,12946396.75,1,1,0,1109611.25,0
8582,8976882815,Meena,582,Jaipur Gramin,Female,43,2,0,2,1,0,7599215.9,0
8583,8636274385,Saini,682,Jaipur City,Male,32,1,11427913.4,1,0,1,9455516.45,0
8584,8013407382,Khandelwal,589,Jaipur Gramin,Female,38,2,12094588.8,1,0,1,10169302.25,0
8585,8870441403,Agarwal,757,Jaipur Gramin,Male,19,6,0,2,1,1,12884452.15,0
8586,8229824254,Khandelwal,785,Jaipur Gramin,Female,45,6,0,1,1,0,6279942.8,1
8587,8584701398,Gupta,660,Jaipur  Urban,Female,46,9,12665319.6,2,1,0,15036740.55,0
8588,8466465230,Jat,586,Jaipur  Urban,Male,41,2,11164024.1,2,0,1,597969.9,0
8589,8158605017,Khandelwal,734,Jaipur City,Female,29,7,6623181.3,1,1,0,10416544.3,0
8590,8956890141,Jain,709,Jaipur Gramin,Female,34,7,0,2,0,1,13732525.2,0
8591,8514957784,Saini,805,Jaipur Gramin,Female,41,10,9206265,4,1,1,11688384.85,1
8592,8760756780,Agarwal,694,Jaipur City,Female,39,6,0,1,0,1,15756157.6,0
8593,8355344463,Jain,743,Jaipur City,Female,40,9,0,2,1,0,15489051.9,0
8594,8534746150,Jat,612,Jaipur  Urban,Male,36,7,9814271.7,1,0,1,3619388.4,0
8595,8317743343,Aggarwal,746,Jaipur City,Male,37,9,0,2,1,0,2713365.75,0
8596,8760644173,Gupta,790,Jaipur  Urban,Female,23,5,10432823.5,1,1,0,8709171.4,1
8597,8809968976,Rathore,731,Jaipur Gramin,Female,32,2,0,2,0,0,9322909.65,0
8598,8854343563,Verma,641,Jaipur  Urban,Female,53,3,9671427.5,2,1,1,9039329.25,1
8599,8231491420,Choudhary,694,Jaipur City,Female,49,1,0,2,1,1,8710196.5,0
8600,8342474527,Jat,640,Jaipur Gramin,Male,35,3,0,2,1,1,3081229.6,0
8601,8052311991,Jain,732,Jaipur Gramin,Male,43,9,10904178.25,1,1,0,2804735.65,1
8602,8373757207,Rathore,648,Jaipur  Urban,Male,45,8,10250251.15,1,0,0,16585534.9,0
8603,8692941939,Rathore,667,Jaipur Gramin,Male,63,8,0,2,0,1,4846226.55,0
8604,8338880780,Jat,541,Jaipur Gramin,Female,59,2,14192303.8,1,1,0,13556119.6,1
8605,8169017335,Rathore,823,Jaipur City,Female,39,7,0,2,0,0,8579015.15,0
8606,8392361875,Saini,553,Jaipur Gramin,Female,49,8,0,2,1,1,1063610.95,0
8607,8015036750,Rathore,848,Jaipur City,Male,42,5,0,2,1,1,6366576.5,0
8608,8761962807,Khandelwal,602,Jaipur  Urban,Male,38,2,6091777.45,2,0,0,11654510.65,0
8609,8347407412,Paliwal,752,Jaipur  Urban,Female,31,3,7032004.95,2,1,0,5118063.35,0
8610,8578952259,Agarwal,694,Jaipur Gramin,Male,40,1,0,2,1,1,15924189,0
8611,8085023413,Meena,756,Jaipur Gramin,Male,23,8,0,2,1,0,15579185.05,0
8612,8702955553,Saini,595,Jaipur City,Female,30,1,0,2,1,0,690658.15,0
8613,8049119003,Rathore,703,Jaipur  Urban,Male,39,3,11018226.15,2,1,1,8773747.6,0
8614,8946112305,Maheshwari,701,Jaipur  Urban,Female,26,2,9693008.15,1,0,0,8235241.15,0
8615,8816681345,Aggarwal,836,Jaipur  Urban,Male,32,1,12913449.9,1,1,0,754550.1,0
8616,8297001208,Maheshwari,670,Jaipur Gramin,Female,39,4,0,1,1,1,12540055.1,0
8617,8053380206,Verma,664,Jaipur City,Female,27,6,9158892.8,2,1,1,2838100.7,0
8618,8764959837,Gupta,649,Jaipur Gramin,Male,37,6,0,2,1,0,3851285.4,0
8619,8741799321,Jain,667,Jaipur City,Female,41,6,8600234.55,2,1,1,2994601.85,0
8620,8129979570,Rathore,780,Jaipur City,Female,36,6,0,2,1,1,5084394.85,0
8621,8588971054,Sharma,802,Jaipur Gramin,Female,40,8,0,2,0,1,5871839.1,0
8622,8444920601,Khandelwal,562,Jaipur Gramin,Male,33,7,0,2,1,0,12193301.85,0
8623,8005616467,Verma,727,Jaipur  Urban,Male,36,9,4978550.3,2,1,0,3465790.85,0
8624,8202529641,Aggarwal,396,Jaipur  Urban,Female,38,8,13009984.4,1,1,0,8447067.95,0
8625,8713825883,Khandelwal,774,Jaipur  Urban,Male,35,4,8352978.9,1,1,0,11357481.55,0
8626,8828285303,Agarwal,776,Jaipur Gramin,Male,43,1,11117040.35,1,0,1,8627075,1
8627,8427238099,Rathore,668,Jaipur  Urban,Male,40,7,8429096.4,1,0,1,10143385.75,1
8628,8294073930,Jain,647,Jaipur Gramin,Female,42,4,0,2,0,0,14253001.45,0
8629,8958763209,Agarwal,725,Jaipur Gramin,Male,44,3,0,2,0,1,12995212.25,0
8630,8028797372,Rathore,661,Jaipur City,Male,23,4,9829064.25,2,1,0,5984073.1,0
8631,8221644694,Choudhary,727,Jaipur  Urban,Female,44,2,15804235.3,2,1,0,5560139.85,0
8632,8716853156,Meena,638,Jaipur  Urban,Male,30,2,6166665,2,0,1,15531948,0
8633,8179169576,Agarwal,781,Jaipur Gramin,Male,42,4,0,2,1,1,6922621,0
8634,8977854162,Meena,800,Jaipur Gramin,Female,35,2,0,2,0,0,12261367.3,0
8635,8378327532,Verma,769,Jaipur Gramin,Male,39,5,0,1,0,1,3417600.1,0
8636,8157483345,Singh,661,Jaipur  Urban,Male,29,3,10360655.1,1,1,0,4635093.35,1
8637,8303609776,Choudhary,601,Jaipur Gramin,Male,46,2,8481815.95,1,1,1,2778129.8,1
8638,8085613466,Gupta,504,Jaipur Gramin,Male,34,3,0,2,1,1,8899836.6,0
8639,8461645641,Saini,631,Jaipur  Urban,Male,27,4,9782185.05,2,0,1,2287131.55,0
8640,8214658113,Meena,853,Jaipur Gramin,Male,30,6,0,2,1,1,15350262.2,0
8641,8000795415,Choudhary,756,Jaipur Gramin,Female,32,9,10851243.65,1,0,0,5176968.35,0
8642,8482889243,Singh,605,Jaipur  Urban,Female,47,4,10107146,1,0,1,4061057.75,1
8643,8281132955,Jain,479,Jaipur  Urban,Female,44,6,6598323.05,2,1,0,9198927.8,0
8644,8925591020,Meena,785,Jaipur City,Male,40,2,13653139.45,1,0,1,302143.55,0
8645,8428289905,Paliwal,739,Jaipur City,Female,29,8,0,2,0,0,6682438.2,0
8646,8470849510,Maheshwari,643,Jaipur Gramin,Female,20,10,10562683.1,1,0,0,8548178.85,0
8647,8762665921,Paliwal,444,Jaipur Gramin,Female,25,8,10877795.1,2,1,1,15577044.75,0
8648,8230781869,Jat,413,Jaipur Gramin,Male,43,3,0,2,1,1,13526152.85,0
8649,8583626564,Aggarwal,851,Jaipur City,Female,48,2,0,1,1,0,13683032.25,1
8650,8372771441,Gupta,900,Jaipur  Urban,Female,30,3,8917464.75,2,1,1,3649327.1,0
8651,8286165066,Maheshwari,644,Jaipur Gramin,Male,27,1,0,2,1,0,7759752,0
8652,8291319497,Aggarwal,494,Jaipur Gramin,Male,43,1,0,2,1,1,4460065.6,0
8653,8971004842,Jain,809,Jaipur City,Female,43,1,9404955.9,1,0,0,9248363.8,0
8654,8350462010,Rathore,649,Jaipur Gramin,Male,57,5,0,2,1,1,10408180.3,0
8655,8889022849,Meena,583,Jaipur  Urban,Male,42,6,10769881.65,2,1,0,3542995.5,0
8656,8783796238,Rathore,613,Jaipur Gramin,Male,30,9,0,2,1,1,12655453.65,0
8657,8259572966,Paliwal,672,Jaipur City,Male,31,1,7187603.4,1,1,1,11711661.25,0
8658,8000396904,Sharma,518,Jaipur Gramin,Male,43,9,0,2,0,0,16198782.35,1
8659,8830017188,Meena,548,Jaipur  Urban,Female,38,2,11040952.6,1,0,0,8676462.55,0
8660,8399218886,Choudhary,756,Jaipur City,Male,25,5,14227793.85,1,1,1,4786138.35,0
8661,8799915923,Gupta,522,Jaipur Gramin,Female,27,6,0,2,0,1,4230924.3,0
8662,8945304929,Rathore,808,Jaipur  Urban,Female,36,4,8997990.35,1,0,1,373613.25,0
8663,8600330401,Paliwal,492,Jaipur  Urban,Female,44,4,10461025.65,1,1,0,2419209.65,1
8664,8344358644,Meena,527,Jaipur Gramin,Male,39,1,0,1,1,1,2395699.5,0
8665,8612928469,Sharma,708,Jaipur City,Female,48,2,0,2,1,1,267673.5,0
8666,8861621022,Aggarwal,865,Jaipur Gramin,Female,40,1,0,2,1,0,16513215.2,0
8667,8498381694,Maheshwari,704,Jaipur  Urban,Male,35,1,10637005.4,2,1,1,12625650.95,0
8668,8576610774,Choudhary,548,Jaipur Gramin,Female,46,4,8174719.45,2,1,1,9892156.35,0
8669,8533592594,Jat,518,Jaipur City,Female,37,5,0,2,0,1,574756.4,0
8670,8446271427,Meena,528,Jaipur City,Male,39,2,0,2,1,0,6969653.2,0
8671,8341424919,Jat,726,Jaipur Gramin,Female,55,8,0,2,1,1,1223377.8,0
8672,8443779923,Verma,530,Jaipur  Urban,Female,35,9,10841164.35,2,1,0,39859.9,1
8673,8709240230,Jain,727,Jaipur Gramin,Male,38,1,0,2,1,0,10402260.9,0
8674,8266293595,Gupta,798,Jaipur Gramin,Female,56,1,0,1,1,0,1124459.05,1
8675,8811356853,Meena,515,Jaipur Gramin,Male,67,8,8763632.6,2,1,1,13090171.7,1
8676,8686437286,Agarwal,737,Jaipur Gramin,Male,54,7,10719628.8,1,1,0,9586077.3,0
8677,8872596368,Sharma,578,Jaipur Gramin,Male,41,1,3441544.6,1,1,0,10924950.55,0
8678,8517116050,Maheshwari,611,Jaipur  Urban,Female,40,10,11678130.45,2,1,0,14460388.7,0
8679,8464772469,Khandelwal,502,Jaipur Gramin,Female,28,9,7237440.6,1,0,0,238330.65,0
8680,8250103471,Khandelwal,829,Jaipur  Urban,Male,35,5,11035429.3,1,1,1,15463052.1,1
8681,8944890530,Rathore,776,Jaipur Gramin,Male,42,4,6818220.6,1,1,0,9795566.6,1
8682,8321258911,Singh,558,Jaipur Gramin,Female,40,2,0,2,1,1,11046271.05,0
8683,8984476334,Agarwal,762,Jaipur Gramin,Male,34,1,12052696.55,1,1,0,3897971.65,0
8684,8186357229,Verma,716,Jaipur Gramin,Female,49,7,16595254.65,4,0,1,11142102.6,1
8685,8753356334,Gupta,856,Jaipur  Urban,Male,27,6,9464592.75,1,1,0,3945909.1,0
8686,8143529215,Aggarwal,806,Jaipur Gramin,Male,43,6,0,2,1,1,4902449.8,0
8687,8316234687,Choudhary,607,Jaipur Gramin,Female,71,8,0,2,1,1,14428066.6,0
8688,8282698413,Jat,680,Jaipur  Urban,Female,42,10,5474362.1,2,0,0,2211901.45,0
8689,8342058086,Verma,644,Jaipur  Urban,Male,40,9,13116321.95,1,1,1,10653403.6,1
8690,8860639352,Rathore,530,Jaipur Gramin,Male,67,10,11001665.6,1,0,1,1814217.9,0
8691,8358353314,Choudhary,794,Jaipur City,Female,43,5,11407396.95,1,1,1,11897535.85,0
8692,8322693469,Khandelwal,718,Jaipur Gramin,Female,39,4,0,2,0,1,4033744.7,0
8693,8849845904,Paliwal,900,Jaipur Gramin,Female,32,8,0,2,1,1,4725473,0
8694,8949661737,Aggarwal,625,Jaipur Gramin,Female,50,5,0,2,1,0,16299305.9,1
8695,8295227420,Rathore,685,Jaipur  Urban,Female,48,9,9920440.1,2,0,0,6491737.3,0
8696,8670483397,Sharma,810,Jaipur Gramin,Male,31,9,0,2,1,0,14388673.35,0
8697,8535213947,Paliwal,485,Jaipur City,Male,34,0,4673368.85,1,1,1,11637339.8,0
8698,8365173520,Jat,781,Jaipur City,Female,37,3,8480777.25,2,1,0,4663603.2,0
8699,8462378960,Singh,709,Jaipur  Urban,Male,30,7,8604700.45,2,0,0,13305002.4,0
8700,8633133069,Agarwal,889,Jaipur  Urban,Male,32,2,9950967.85,1,1,0,9645987,0
8701,8633545623,Maheshwari,731,Jaipur  Urban,Male,23,8,6231693.4,2,1,0,5392949.95,0
8702,8894083000,Meena,688,Jaipur Gramin,Male,37,2,0,1,1,1,1158041.7,0
8703,8844854065,Paliwal,529,Jaipur Gramin,Male,37,9,18046692.55,1,0,1,12649235.9,0
8704,8796568376,Verma,673,Jaipur Gramin,Female,31,3,11565764.7,2,1,0,5573272.35,0
8705,8633456100,Jain,821,Jaipur City,Female,42,2,9269423.4,2,1,0,544811.75,0
8706,8001057980,Meena,770,Jaipur Gramin,Female,35,2,6725724.45,1,1,1,10794790.05,0
8707,8932610919,Singh,900,Jaipur City,Female,55,7,0,1,0,0,14599843.95,1
8708,8802894118,Choudhary,412,Jaipur Gramin,Female,35,9,9206180,1,1,0,10967651.15,1
8709,8531033270,Khandelwal,814,Jaipur  Urban,Female,48,3,8694697.6,2,1,0,15528761.35,0
8710,8356104739,Paliwal,515,Jaipur Gramin,Male,39,6,8672131.8,2,1,0,1049835.85,0
8711,8772648817,Meena,694,Jaipur  Urban,Female,37,2,9637560.95,1,1,1,11485536.6,0
8712,8756575268,Agarwal,499,Jaipur City,Female,65,9,8715993.5,1,1,0,15426685.7,0
8713,8706284527,Saini,443,Jaipur City,Male,35,5,0,2,1,0,15851681.45,0
8714,8460706829,Choudhary,823,Jaipur City,Male,40,6,0,2,0,0,3506148,0
8715,8004927386,Jat,724,Jaipur Gramin,Female,41,6,9345028.35,1,1,0,9882718.8,0
8716,8973343354,Rathore,575,Jaipur  Urban,Male,41,0,12048722.8,1,0,1,782130.05,0
8717,8787591762,Paliwal,558,Jaipur Gramin,Male,38,5,0,2,0,1,6853577.2,0
8718,8496931998,Singh,412,Jaipur Gramin,Male,44,2,0,1,1,0,13529084.5,0
8719,8288077293,Jat,587,Jaipur Gramin,Male,37,7,7237450.8,2,1,0,7351657.65,1
8720,8137909576,Meena,709,Jaipur Gramin,Female,44,6,11395618.5,2,1,1,16793654.85,0
8721,8813187685,Gupta,733,Jaipur Gramin,Female,28,8,0,2,0,0,8938590.65,0
8722,8617908048,Choudhary,810,Jaipur City,Male,27,4,0,1,1,1,3468617.1,0
8723,8509029458,Singh,625,Jaipur Gramin,Male,35,7,7447639.65,1,1,0,12183.9,0
8724,8055615019,Rathore,300,Jaipur Gramin,Male,51,10,0,1,1,1,10695022.15,1
8725,8231798339,Aggarwal,682,Jaipur City,Female,30,8,0,2,1,0,11769584.5,0
8726,8040744495,Khandelwal,640,Jaipur City,Male,27,3,0,2,1,0,3740757.35,0
8727,8055703096,Sharma,716,Jaipur  Urban,Male,43,8,8789778.6,1,1,0,5685928.8,1
8728,8584433226,Khandelwal,761,Jaipur  Urban,Female,30,7,10458432.3,1,1,1,6502760.1,0
8729,8874060821,Maheshwari,401,Jaipur Gramin,Male,41,4,9190924.2,1,0,1,4826649.35,0
8730,8983692419,Jat,655,Jaipur  Urban,Male,48,8,14366983.05,2,1,1,14930891.75,0
8731,8420524496,Jat,797,Jaipur Gramin,Male,30,5,0,2,0,1,8938231.1,0
8732,8763688391,Choudhary,752,Jaipur City,Female,41,10,0,2,0,1,4034827.6,0
8733,8355007418,Gupta,749,Jaipur Gramin,Female,29,6,0,2,0,1,5502008.35,0
8734,8138148769,Meena,779,Jaipur City,Male,42,9,18892748.55,1,0,0,8594252.25,1
8735,8013784330,Singh,727,Jaipur  Urban,Female,47,10,12247685.7,1,1,0,11979810.75,1
8736,8535141150,Meena,754,Jaipur Gramin,Male,30,10,9761011.55,1,0,1,3201311.65,0
8737,8060471690,Choudhary,643,Jaipur Gramin,Male,44,2,0,2,0,0,7345224.85,0
8738,8716549239,Khandelwal,641,Jaipur Gramin,Male,34,3,12327628.2,1,1,1,3554755.25,0
8739,8029882613,Jat,632,Jaipur Gramin,Male,43,8,6055425.5,1,0,1,10857403.6,0
8740,8258597431,Rathore,502,Jaipur Gramin,Male,59,5,11795632.75,1,0,1,10529120,0
8741,8770179316,Singh,704,Jaipur City,Female,29,7,7957450.95,1,0,1,9609328.2,0
8742,8432963604,Sharma,626,Jaipur City,Female,23,8,0,2,1,1,11168098.15,0
8743,8927954029,Singh,712,Jaipur City,Female,45,4,0,2,1,1,2260112.6,0
8744,8043857501,Choudhary,420,Jaipur City,Male,25,9,6310162,2,0,1,16614384.75,0
8745,8447144329,Rathore,677,Jaipur  Urban,Female,49,5,10830851.3,2,1,0,9254523.75,1
8746,8760395161,Jain,676,Jaipur City,Female,28,8,5208349.5,2,1,0,11564628.25,0
8747,8122492551,Rathore,672,Jaipur Gramin,Male,34,8,9051366.1,2,0,1,15492326.1,0
8748,8800354022,Aggarwal,575,Jaipur Gramin,Female,29,10,6221534.2,2,1,1,10982772.65,0
8749,8684206087,Singh,666,Jaipur  Urban,Female,44,6,12452394.6,1,1,0,5512548.35,1
8750,8393416123,Singh,700,Jaipur Gramin,Male,47,1,0,2,1,0,12664077.75,0
8751,8035318087,Agarwal,666,Jaipur Gramin,Female,32,2,0,1,1,1,6039038.35,0
8752,8051808118,Saini,570,Jaipur City,Female,30,8,0,2,1,0,15754038.55,0
8753,8147281658,Sharma,569,Jaipur City,Male,30,5,10230175,1,1,0,11712434.75,0
8754,8653470206,Verma,834,Jaipur Gramin,Male,32,2,9967542.85,1,1,1,16856964.55,0
8755,8869036943,Maheshwari,811,Jaipur Gramin,Female,43,4,0,2,0,1,13781687.5,0
8756,8696770920,Gupta,728,Jaipur City,Female,52,7,0,1,1,0,9323549.7,1
8757,8124919692,Saini,726,Jaipur  Urban,Female,37,3,9347808.7,1,1,1,3087273.95,1
8758,8613303894,Aggarwal,694,Jaipur  Urban,Female,44,2,8330776.05,2,0,1,2667713.1,0
8759,8340933323,Singh,676,Jaipur Gramin,Male,34,10,0,1,1,1,9697117.05,0
8760,8661000410,Maheshwari,778,Jaipur Gramin,Male,66,8,0,1,1,1,13883190.25,0
8761,8868773886,Sharma,692,Jaipur City,Female,34,10,14592111.5,1,1,1,4316110.45,0
8762,8739740053,Meena,641,Jaipur City,Male,63,10,0,2,1,0,2615693.1,1
8763,8086968287,Saini,300,Jaipur Gramin,Female,60,3,0,1,0,0,9672672.75,1
8764,8022931448,Meena,752,Jaipur Gramin,Male,61,0,10898186.6,2,1,1,16041971.8,1
8765,8019933180,Gupta,808,Jaipur  Urban,Male,51,8,9876800.25,2,1,1,7369619,0
8766,8968813466,Maheshwari,690,Jaipur Gramin,Male,39,1,0,2,1,0,13015983.7,0
8767,8549036863,Paliwal,659,Jaipur City,Female,36,6,7361628.15,1,0,0,1685132.65,0
8768,8499377921,Meena,542,Jaipur Gramin,Male,29,10,0,2,1,0,1035880.55,0
8769,8623226476,Gupta,793,Jaipur  Urban,Male,62,5,8402618.9,1,0,0,7388282.45,1
8770,8799500031,Paliwal,626,Jaipur Gramin,Male,31,7,0,1,1,0,3009745.45,0
8771,8683950048,Maheshwari,618,Jaipur Gramin,Male,59,8,0,2,1,1,14074006.75,0
8772,8899279641,Khandelwal,697,Jaipur  Urban,Male,31,4,8273746.15,2,0,0,4099274.6,0
8773,8407106779,Khandelwal,802,Jaipur Gramin,Male,30,6,0,2,1,1,16953621.45,0
8774,8893825618,Maheshwari,620,Jaipur City,Male,34,9,0,2,1,0,10093714.3,0
8775,8616966250,Maheshwari,422,Jaipur Gramin,Female,33,6,11194378.45,2,1,0,12888032.35,0
8776,8262824516,Sharma,848,Jaipur  Urban,Male,37,10,11059388.25,2,0,1,14628325.75,0
8777,8178313824,Jain,560,Jaipur City,Male,44,9,0,2,1,0,7452557.75,0
8778,8085866195,Jat,604,Jaipur City,Male,24,1,14037676.05,2,1,0,1857953.8,0
8779,8269344029,Gupta,620,Jaipur City,Female,37,9,8645163,1,1,0,10528633.8,0
8780,8501497580,Rathore,721,Jaipur Gramin,Female,34,3,8975036.1,1,0,1,6349024.85,0
8781,8428341255,Verma,864,Jaipur  Urban,Male,39,9,9463635.65,1,1,0,1425476.35,1
8782,8082578213,Verma,406,Jaipur Gramin,Male,60,7,6663249.45,1,0,1,4201091,0
8783,8738543804,Choudhary,600,Jaipur City,Female,27,6,0,2,1,1,14622653.7,0
8784,8604604523,Paliwal,818,Jaipur Gramin,Male,34,9,0,1,1,0,15556790.1,1
8785,8049702208,Verma,646,Jaipur  Urban,Female,41,9,12267717.65,1,1,0,6288287.25,1
8786,8965924418,Maheshwari,900,Jaipur  Urban,Male,27,1,8608651.25,2,1,1,2232540.3,0
8787,8212998829,Maheshwari,769,Jaipur  Urban,Female,19,8,9240483.45,2,1,0,2112866.25,0
8788,8249684313,Choudhary,707,Jaipur City,Male,73,1,9227180.95,1,0,1,14277377.75,0
8789,8528975710,Singh,772,Jaipur  Urban,Female,35,1,12476405.4,1,1,0,16091154.5,0
8790,8060528967,Maheshwari,472,Jaipur Gramin,Female,36,2,0,2,0,1,8480475.5,0
8791,8941842986,Verma,379,Jaipur City,Male,35,8,0,1,0,0,10175586.3,0
8792,8512609978,Gupta,750,Jaipur Gramin,Female,25,9,0,2,1,1,14331657.9,0
8793,8500805933,Rathore,476,Jaipur Gramin,Male,34,2,0,2,1,1,7062406.05,0
8794,8997007559,Jat,524,Jaipur  Urban,Male,66,8,8779756.25,2,1,1,11106507.15,0
8795,8505891708,Maheshwari,727,Jaipur City,Female,29,1,17806667.85,1,1,1,11327753.65,1
8796,8004050338,Meena,661,Jaipur City,Male,38,2,0,3,1,0,5697534.7,1
8797,8109294630,Paliwal,744,Jaipur Gramin,Male,33,2,0,2,0,1,11987641.8,0
8798,8030711515,Maheshwari,836,Jaipur Gramin,Male,45,8,0,1,0,0,10634351.7,0
8799,8613089586,Khandelwal,532,Jaipur City,Male,23,5,0,2,1,0,10015753.15,0
8800,8613074552,Aggarwal,425,Jaipur Gramin,Male,34,4,0,2,1,0,16899506.2,0
8801,8257324879,Verma,709,Jaipur Gramin,Male,37,9,12699440.3,1,1,1,12444986,0
8802,8579279948,Jat,492,Jaipur Gramin,Female,52,6,16291542.85,1,1,1,11161567.6,1
8803,8902830547,Jat,830,Jaipur City,Female,40,7,0,1,1,0,12040437,0
8804,8857036978,Khandelwal,745,Jaipur Gramin,Male,41,6,11481045.2,1,1,1,5480566.25,0
8805,8660425348,Paliwal,798,Jaipur Gramin,Male,41,2,0,2,0,1,16253326.85,0
8806,8926725942,Gupta,900,Jaipur City,Male,39,8,0,2,1,1,3152687.4,0
8807,8686540516,Sharma,697,Jaipur  Urban,Male,38,6,15453368.9,2,1,1,4889005.35,0
8808,8051675411,Khandelwal,583,Jaipur Gramin,Female,60,3,3996755.25,2,0,1,5375502.85,1
8809,8107091095,Sharma,784,Jaipur Gramin,Female,36,7,10924113.3,1,1,1,3788265.55,1
8810,8588061859,Verma,592,Jaipur  Urban,Female,38,5,12125933.4,2,0,1,11503654.35,0
8811,8975514913,Paliwal,689,Jaipur Gramin,Female,21,9,10212783.15,2,1,1,2886942.55,0
8812,8390915449,Maheshwari,612,Jaipur Gramin,Female,35,7,6962005.75,1,1,1,5237971.15,0
8813,8848788076,Jain,662,Jaipur Gramin,Male,26,3,11729847,2,0,1,14364130.45,0
8814,8806285949,Paliwal,900,Jaipur  Urban,Female,26,8,10465734.65,1,1,0,6326159.85,0
8815,8108193519,Aggarwal,768,Jaipur Gramin,Female,51,4,0,2,1,1,15209036.4,0
8816,8305802549,Khandelwal,644,Jaipur  Urban,Male,43,1,11529849.65,2,0,1,8617543.1,1
8817,8114971553,Verma,702,Jaipur City,Male,31,7,10408191.35,2,1,1,15365411.75,0
8818,8707612626,Verma,550,Jaipur City,Male,40,4,13750183.95,1,0,0,7852175.9,0
8819,8286547856,Choudhary,692,Jaipur Gramin,Female,37,3,0,2,1,1,3251441.25,0
8820,8158584196,Rathore,590,Jaipur  Urban,Male,36,10,10470938.35,1,0,1,12419464.75,0
8821,8035039064,Khandelwal,662,Jaipur  Urban,Male,36,9,12831320.35,1,0,0,6149764.45,0
8822,8978239121,Rathore,674,Jaipur City,Female,42,6,8926808.8,1,1,0,4100602.3,0
8823,8162123515,Maheshwari,532,Jaipur Gramin,Male,64,4,0,2,1,1,12605994.7,0
8824,8521687222,Khandelwal,690,Jaipur City,Female,50,1,11322417.35,1,0,1,702955.1,0
8825,8357320500,Aggarwal,652,Jaipur City,Female,35,6,0,2,1,1,3531719.4,0
8826,8466152753,Choudhary,613,Jaipur  Urban,Female,49,9,9816524.2,2,1,1,11785828.85,1
8827,8987676743,Paliwal,374,Jaipur Gramin,Male,29,5,0,2,0,0,1063395.05,0
8828,8870980826,Jat,646,Jaipur City,Male,41,7,0,2,1,0,3730599.85,0
8829,8636230350,Singh,869,Jaipur City,Female,38,3,0,2,1,0,16388021.25,0
8830,8870882476,Choudhary,700,Jaipur Gramin,Female,40,1,0,2,0,0,6439770,0
8831,8660694668,Verma,554,Jaipur  Urban,Female,39,6,11098026.7,1,1,0,837651.2,1
8832,8778287829,Sharma,599,Jaipur Gramin,Female,41,2,7762940.35,1,1,0,9836606.3,0
8833,8547069395,Saini,784,Jaipur Gramin,Male,35,4,0,2,1,1,9035789,0
8834,8009255180,Paliwal,593,Jaipur Gramin,Male,50,7,6911378.9,1,1,1,15628780.85,0
8835,8015362625,Aggarwal,668,Jaipur Gramin,Male,34,3,9106611,1,1,0,13081114.1,0
8836,8643632098,Jat,739,Jaipur City,Male,34,9,0,1,1,1,5669135.35,0
8837,8618709806,Paliwal,900,Jaipur Gramin,Male,43,7,0,2,1,1,14777344.35,0
8838,8293787126,Khandelwal,677,Jaipur Gramin,Male,46,2,0,1,1,1,15080956.7,1
8839,8800336018,Gupta,550,Jaipur Gramin,Male,33,0,9220586.65,1,1,1,9273220.35,1
8840,8246406308,Saini,607,Jaipur  Urban,Male,40,1,12304427.45,2,1,1,14165775.3,0
8841,8825375609,Khandelwal,811,Jaipur City,Male,33,2,0,2,1,1,15038285,0
8842,8582369589,Saini,548,Jaipur City,Male,36,1,9614372.1,1,1,0,8365113.5,0
8843,8372578821,Choudhary,617,Jaipur Gramin,Female,27,9,9045238.45,2,0,0,6587568.85,0
8844,8230729741,Meena,624,Jaipur City,Male,42,4,9088277.35,1,0,1,10178501.8,0
8845,8373674115,Saini,714,Jaipur City,Male,35,7,0,2,1,0,13632978.3,0
8846,8554068722,Verma,755,Jaipur  Urban,Female,39,1,11178627.1,1,1,1,16465775,0
8847,8103664054,Agarwal,565,Jaipur Gramin,Female,53,2,0,2,1,0,2383890.45,0
8848,8099343078,Sharma,428,Jaipur Gramin,Male,40,10,11417219.55,2,1,0,12814374.75,0
8849,8870404835,Singh,551,Jaipur Gramin,Female,29,3,6775805.6,1,1,0,6991443.8,0
8850,8571354785,Sharma,677,Jaipur Gramin,Female,38,4,6316026.15,2,1,0,13123622.6,0
8851,8825295642,Agarwal,480,Jaipur City,Female,50,5,0,4,1,1,7128639.75,1
8852,8336247046,Rathore,818,Jaipur  Urban,Male,42,7,10746412.3,1,1,0,3385558.5,0
8853,8244128386,Verma,730,Jaipur City,Male,38,8,8469475.65,1,1,0,1056483.7,0
8854,8039686062,Gupta,697,Jaipur Gramin,Male,43,3,5638787.8,1,1,1,1595662.5,1
8855,8981376224,Saini,689,Jaipur City,Female,39,6,0,2,1,1,813860.55,0
8856,8682144001,Rathore,716,Jaipur City,Male,43,10,10899241.45,1,0,0,16021389.9,0
8857,8379819241,Verma,809,Jaipur Gramin,Female,26,5,0,2,1,1,5500866.8,0
8858,8090934607,Paliwal,629,Jaipur Gramin,Male,36,6,0,2,0,0,7203746.6,0
8859,8244607384,Choudhary,776,Jaipur City,Male,37,1,0,2,0,1,15346899.6,0
8860,8420964155,Sharma,738,Jaipur Gramin,Female,32,10,0,2,1,0,5177136.65,0
8861,8669139918,Rathore,850,Jaipur Gramin,Male,24,4,10384335.25,1,1,0,14799098.4,0
8862,8940565527,Aggarwal,694,Jaipur Gramin,Female,43,7,15136318.05,1,0,0,9384501.5,0
8863,8072709214,Saini,856,Jaipur  Urban,Male,59,2,11481664.85,1,1,0,15949065.1,1
8864,8137711757,Saini,704,Jaipur City,Male,38,8,5901924,2,1,1,5659311.05,1
8865,8713473717,Gupta,878,Jaipur Gramin,Female,29,5,0,2,1,0,15196259.2,0
8866,8482373325,Meena,682,Jaipur Gramin,Male,72,2,0,2,1,1,6016606.85,0
8867,8072627077,Aggarwal,511,Jaipur  Urban,Male,34,3,10431757.6,1,1,1,3975650.6,0
8868,8928459725,Saini,428,Jaipur Gramin,Female,38,7,13982244.15,1,1,1,13882817.95,0
8869,8506993744,Jat,659,Jaipur City,Female,38,8,0,1,1,0,8819645.05,0
8870,8716181777,Aggarwal,683,Jaipur Gramin,Female,41,0,12768649.85,2,0,0,9166317.55,0
8871,8270989587,Saini,682,Jaipur Gramin,Male,42,8,15940457.15,1,1,1,2796534.85,1
8872,8031334258,Agarwal,439,Jaipur Gramin,Female,30,3,0,1,1,0,16488691,0
8873,8463237053,Aggarwal,702,Jaipur Gramin,Male,30,2,0,2,1,1,11975592.2,0
8874,8974963152,Verma,612,Jaipur Gramin,Male,34,0,8764194.45,1,0,0,10679979.7,0
8875,8645321935,Aggarwal,578,Jaipur  Urban,Female,50,6,8201358.45,2,1,1,1729241.7,0
8876,8950375719,Singh,722,Jaipur  Urban,Male,36,9,7697640.8,2,1,0,14812853.95,0
8877,8268385318,Gupta,547,Jaipur City,Male,46,3,11200021.6,1,1,1,9222556.1,1
8878,8693280691,Choudhary,854,Jaipur City,Female,24,1,7860534.8,1,0,0,7076006.9,0
8879,8421036319,Choudhary,654,Jaipur  Urban,Male,47,9,12926539.05,1,1,0,10356417,1
8880,8523963515,Choudhary,851,Jaipur Gramin,Male,43,2,0,2,1,1,11297185.95,0
8881,8416663496,Verma,552,Jaipur Gramin,Male,49,4,0,1,1,1,8506383.5,1
8882,8981736730,Rathore,773,Jaipur Gramin,Male,29,1,3697875.7,1,1,1,10142858.75,0
8883,8334629741,Khandelwal,757,Jaipur City,Female,39,2,0,2,1,0,11622656.05,0
8884,8925317299,Choudhary,445,Jaipur City,Female,28,5,0,2,1,1,1900342.45,0
8885,8570475616,Singh,703,Jaipur  Urban,Female,38,2,7953438.1,3,0,0,861673.9,1
8886,8714085566,Paliwal,682,Jaipur City,Male,45,4,8711327.85,2,1,1,13462236.25,0
8887,8382762057,Sharma,570,Jaipur Gramin,Male,36,1,0,1,0,1,8038497.6,0
8888,8066568638,Verma,402,Jaipur  Urban,Male,37,8,9719435.5,1,0,1,83379.05,1
8889,8948398864,Rathore,772,Jaipur Gramin,Male,23,3,9367320.45,1,1,0,8124593.25,0
8890,8225881584,Sharma,576,Jaipur Gramin,Female,39,9,10910820.15,1,1,0,7313823.3,0
8891,8080665059,Maheshwari,599,Jaipur  Urban,Female,49,10,12230498.7,2,1,1,14130092.3,1
8892,8722160464,Sharma,521,Jaipur City,Male,34,5,14501066.3,1,0,1,445445.05,0
8893,8138494673,Sharma,696,Jaipur Gramin,Female,32,5,0,1,1,1,12808159.55,0
8894,8953895027,Jat,637,Jaipur City,Female,46,10,0,2,1,1,11008261.6,0
8895,8458959382,Gupta,462,Jaipur Gramin,Female,39,2,6403869.4,1,1,1,6006538.6,0
8896,8504904801,Gupta,719,Jaipur Gramin,Female,40,8,10373258.9,1,1,0,8677254.75,0
8897,8993922956,Khandelwal,734,Jaipur Gramin,Male,34,1,0,2,1,1,16579430.2,0
8898,8678580630,Verma,604,Jaipur Gramin,Male,51,8,15880173.45,1,1,0,7967875.35,1
8899,8376909112,Singh,900,Jaipur Gramin,Male,40,6,10606995.3,1,1,0,5577030.2,0
8900,8907462333,Singh,581,Jaipur Gramin,Female,41,3,0,2,1,1,13608115.8,0
8901,8872014517,Singh,605,Jaipur Gramin,Female,71,2,0,2,1,1,4208079.7,0
8902,8998603923,Sharma,583,Jaipur Gramin,Male,51,2,11777053.45,1,1,1,7854528.7,0
8903,8956075349,Jain,440,Jaipur City,Male,39,5,0,2,1,1,630356.6,0
8904,8391283182,Agarwal,504,Jaipur Gramin,Male,35,9,8957970.65,1,1,1,2130020.1,0
8905,8048104371,Aggarwal,700,Jaipur City,Male,40,4,8079513.5,1,1,1,9929405.9,1
8906,8178651158,Rathore,548,Jaipur Gramin,Male,36,3,0,1,0,1,12246631.7,0
8907,8051119208,Gupta,616,Jaipur City,Female,32,0,0,2,0,1,10767427.7,0
8908,8752432802,Jain,823,Jaipur Gramin,Male,34,3,11675766.6,1,0,0,15612977.65,0
8909,8299007554,Choudhary,592,Jaipur City,Male,32,10,13475680.7,1,1,0,14182298.45,0
8910,8572571425,Paliwal,684,Jaipur City,Female,29,9,0,2,1,0,2325531.15,0
8911,8719929120,Verma,668,Jaipur  Urban,Female,48,5,12205648.95,1,0,0,8611745.25,1
8912,8912638509,Rathore,742,Jaipur  Urban,Male,32,9,14445529.85,2,1,1,2378228.6,0
8913,8055322192,Verma,628,Jaipur Gramin,Female,24,7,12594265.55,2,1,1,9304978.9,0
8914,8240743340,Agarwal,475,Jaipur Gramin,Male,31,5,0,2,1,0,7965616.05,0
8915,8153538194,Jat,395,Jaipur Gramin,Female,39,6,4082025.55,1,1,0,6364034.15,0
8916,8149705949,Jat,607,Jaipur Gramin,Male,36,1,13230714.1,1,1,1,16352938.35,1
8917,8877992790,Sharma,479,Jaipur Gramin,Female,46,6,0,2,1,0,6243891.75,0
8918,8104111118,Khandelwal,650,Jaipur Gramin,Male,62,7,0,2,1,1,5195263.75,0
8919,8536954488,Jat,649,Jaipur Gramin,Female,52,4,0,1,1,0,7731985.9,1
8920,8404770893,Verma,688,Jaipur Gramin,Male,32,8,10305464.6,1,1,0,9942427.05,0
8921,8011031873,Choudhary,564,Jaipur Gramin,Female,36,3,0,2,1,0,7830093.75,0
8922,8737420070,Khandelwal,446,Jaipur Gramin,Female,37,1,0,2,1,1,4110421.5,0
8923,8725650672,Sharma,540,Jaipur  Urban,Male,35,9,11037058.75,2,1,0,16772659,0
8924,8440382481,Saini,630,Jaipur  Urban,Female,55,8,10095680.35,4,0,0,11547557.7,1
8925,8483582405,Singh,499,Jaipur Gramin,Male,46,2,0,2,1,1,14375415.9,0
8926,8712654266,Rathore,698,Jaipur  Urban,Male,32,2,8938929.8,2,1,1,13954489.1,0
8927,8404630431,Khandelwal,624,Jaipur Gramin,Male,28,8,0,2,1,1,16992292.2,0
8928,8893880596,Agarwal,631,Jaipur Gramin,Female,39,0,0,2,1,1,7080082.65,0
8929,8018392487,Sharma,628,Jaipur Gramin,Female,29,1,0,2,0,0,3347475.1,0
8930,8045209051,Maheshwari,563,Jaipur Gramin,Female,35,4,7984443.55,1,1,0,15703599.55,0
8931,8088093722,Verma,749,Jaipur Gramin,Female,69,5,10018688.2,1,1,1,5293877.35,0
8932,8786057679,Rathore,694,Jaipur Gramin,Female,55,5,0,1,0,1,16727499.35,1
8933,8604158758,Choudhary,736,Jaipur City,Female,26,4,10442884.1,2,1,0,12297984.45,1
8934,8616431573,Meena,637,Jaipur Gramin,Male,32,10,0,2,0,1,16689126.1,0
8935,8938584887,Paliwal,895,Jaipur Gramin,Female,37,6,10803837.45,1,1,1,3528897.4,0
8936,8065339754,Agarwal,672,Jaipur Gramin,Female,43,1,0,1,0,1,9522218.5,1
8937,8313396606,Verma,560,Jaipur Gramin,Male,54,9,8194251.6,1,0,0,4422999.65,1
8938,8477743854,Agarwal,757,Jaipur Gramin,Male,31,1,11263542.1,1,1,1,15764682.25,0
8939,8305484300,Gupta,712,Jaipur City,Male,47,8,9146396.1,1,1,1,6812687.95,0
8940,8624881021,Meena,806,Jaipur Gramin,Male,34,9,0,2,1,0,14533373.1,0
8941,8375080129,Rathore,668,Jaipur Gramin,Male,38,7,0,2,1,0,15795357.9,0
8942,8415679949,Jat,809,Jaipur  Urban,Male,34,4,10274394.55,2,0,1,9639617.1,0
8943,8066840631,Verma,680,Jaipur Gramin,Female,37,9,6101886.5,2,1,1,5757457.15,0
8944,8432674021,Agarwal,499,Jaipur Gramin,Female,37,8,9617165.2,1,0,0,285885.6,0
8945,8626911720,Rathore,541,Jaipur City,Male,49,1,12816106.2,2,1,1,11539367.95,0
8946,8780966939,Jat,530,Jaipur City,Male,35,2,14866035.05,1,1,1,1896736.75,0
8947,8793716543,Choudhary,628,Jaipur Gramin,Male,28,7,0,1,0,0,11009758.45,0
8948,8862286545,Choudhary,721,Jaipur Gramin,Female,43,2,13635407.6,1,0,1,3167646.55,0
8949,8997873599,Agarwal,580,Jaipur Gramin,Male,48,3,7755955.05,1,1,0,5101484.1,1
8950,8461972663,Sharma,757,Jaipur City,Male,46,10,0,2,1,0,13006310.7,0
8951,8532342184,Gupta,433,Jaipur Gramin,Female,35,5,0,1,1,1,4607766.7,0
8952,8816592246,Paliwal,722,Jaipur  Urban,Female,23,7,8395894.55,1,1,0,9741336.6,0
8953,8903323491,Sharma,558,Jaipur  Urban,Female,47,10,11879270.2,1,1,0,14097206.65,1
8954,8529594408,Gupta,733,Jaipur City,Male,42,3,15098275.45,3,0,1,1393381.2,1
8955,8169444835,Verma,677,Jaipur Gramin,Male,54,8,0,1,1,1,13831173.65,1
8956,8062150915,Singh,502,Jaipur City,Male,50,4,0,1,0,0,9104541.25,1
8957,8537803192,Khandelwal,754,Jaipur City,Male,42,8,0,2,0,1,3554973.7,0
8958,8512082845,Saini,582,Jaipur  Urban,Male,37,6,12962229.7,1,1,1,8492119.65,0
8959,8332362583,Agarwal,568,Jaipur Gramin,Male,52,8,0,2,0,1,15149468.4,0
8960,8640344147,Paliwal,562,Jaipur  Urban,Male,26,1,9599073.8,2,1,0,1878137.05,0
8961,8767293485,Aggarwal,602,Jaipur  Urban,Female,26,8,9662307,1,1,0,16818198.6,1
8962,8288463287,Singh,604,Jaipur Gramin,Male,44,9,0,1,1,0,11757900.4,0
8963,8280030878,Maheshwari,704,Jaipur Gramin,Male,38,0,12278299.3,1,0,1,11668530.55,0
8964,8229478231,Jain,769,Jaipur Gramin,Male,52,1,14555085.5,2,0,0,1855924,1
8965,8246670854,Agarwal,443,Jaipur City,Male,37,9,8226001.65,1,1,1,10190723.1,0
8966,8136823769,Meena,452,Jaipur  Urban,Female,58,8,12408718.2,1,1,1,2087999.5,0
8967,8163116876,Jat,764,Jaipur  Urban,Male,43,8,8190073,1,0,0,867833,0
8968,8941899189,Meena,882,Jaipur Gramin,Male,25,7,0,2,1,1,7093220.25,0
8969,8708808839,Choudhary,740,Jaipur  Urban,Female,33,0,9841064.55,1,1,1,6928188.5,0
8970,8749999286,Gupta,554,Jaipur Gramin,Female,51,7,10439870,2,0,0,2773227.85,0
8971,8505870020,Jat,790,Jaipur City,Male,61,2,0,2,1,1,3738504.85,0
8972,8633902251,Singh,370,Jaipur Gramin,Male,40,3,0,2,0,0,10614309.55,0
8973,8516031372,Choudhary,660,Jaipur City,Female,32,4,6753257.65,1,1,1,10057603.75,0
8974,8536537948,Jat,578,Jaipur  Urban,Male,33,2,10403490,1,1,1,1879684.05,0
8975,8305609491,Sharma,727,Jaipur City,Female,43,1,0,2,1,0,2716835.45,0
8976,8128070221,Choudhary,560,Jaipur  Urban,Male,41,0,11422205.65,1,1,1,8988489.9,0
8977,8618936223,Sharma,744,Jaipur Gramin,Male,29,2,0,2,1,0,3393669.2,0
8978,8145707963,Sharma,637,Jaipur City,Female,31,2,7493757.25,2,1,0,10848624.8,0
8979,8593521329,Jat,628,Jaipur City,Male,41,2,12105031.05,1,1,0,2446213.3,0
8980,8082807322,Maheshwari,497,Jaipur Gramin,Male,35,3,10287626.5,1,1,0,850737.8,0
8981,8449881207,Rathore,660,Jaipur  Urban,Female,35,3,14108506.55,2,1,1,2080983.6,0
8982,8463650072,Meena,688,Jaipur City,Female,35,6,0,2,1,0,8382597.15,0
8983,8408372531,Choudhary,485,Jaipur Gramin,Female,32,8,17566418.75,1,0,0,1383964.9,0
8984,8607214275,Maheshwari,748,Jaipur  Urban,Male,37,3,8046230.05,2,1,0,10305370.25,0
8985,8988933396,Aggarwal,654,Jaipur Gramin,Male,25,0,14824030.6,1,1,0,3626896.45,0
8986,8595682833,Rathore,677,Jaipur City,Male,41,7,10491438.65,1,1,1,14018549.35,0
8987,8762063142,Jain,792,Jaipur City,Male,43,6,14937517.5,1,1,1,13373669.65,0
8988,8977053748,Meena,799,Jaipur City,Male,36,5,6662396.05,1,0,1,13075686,0
8989,8129778469,Paliwal,641,Jaipur Gramin,Male,37,5,9804398.1,2,0,0,14346453,0
8990,8228151347,Paliwal,648,Jaipur  Urban,Female,31,10,10082133.9,1,1,0,14319920.25,0
8991,8195772487,Khandelwal,821,Jaipur  Urban,Male,28,2,9346605.1,2,1,1,14520538.95,0
8992,8166527003,Choudhary,536,Jaipur  Urban,Female,42,1,12129789,1,1,0,7327636.65,1
8993,8717496788,Singh,610,Jaipur  Urban,Female,40,8,10347000.7,1,0,0,5198978.25,0
8994,8032886671,Gupta,536,Jaipur Gramin,Female,35,4,0,1,1,1,11329457.05,0
8995,8984048379,Paliwal,614,Jaipur Gramin,Female,43,4,11857189.75,2,1,1,6555899.55,0
8996,8499252085,Khandelwal,568,Jaipur City,Male,28,8,0,2,0,0,6601102.55,0
8997,8995531663,Meena,618,Jaipur City,Male,32,5,11774355.55,1,1,1,4836253.5,0
8998,8791075362,Aggarwal,732,Jaipur Gramin,Female,33,2,0,2,1,0,6200352.2,0
8999,8650257808,Agarwal,689,Jaipur  Urban,Female,38,10,7116852.8,1,1,0,3860540.2,0
9000,8563161288,Verma,722,Jaipur City,Female,38,9,0,2,1,1,13474833.25,0
9001,8360419064,Sharma,619,Jaipur Gramin,Male,37,9,0,1,1,0,9461601.6,0
9002,8882032226,Maheshwari,706,Jaipur City,Male,32,6,10555240.5,1,1,1,11794527.75,0
9003,8229913395,Paliwal,606,Jaipur Gramin,Male,36,7,10950486.25,1,1,0,16200030.15,0
9004,8259715036,Verma,691,Jaipur Gramin,Male,33,6,14576716.3,1,0,0,6723469.4,0
9005,8498692070,Rathore,730,Jaipur City,Male,33,3,0,2,1,0,11782122.85,0
9006,8335263185,Agarwal,774,Jaipur City,Female,38,7,0,2,1,1,16509619.7,0
9007,8963470987,Sharma,673,Jaipur City,Male,20,8,0,1,1,0,9371465.05,0
9008,8693911122,Choudhary,751,Jaipur Gramin,Male,31,9,0,2,1,1,9019970.5,0
9009,8608453167,Paliwal,450,Jaipur Gramin,Male,40,7,13669536.8,1,0,1,14419581.05,1
9010,8080781077,Rathore,781,Jaipur  Urban,Male,54,9,13291246,2,0,1,9875293.2,0
9011,8710717818,Aggarwal,654,Jaipur  Urban,Female,59,8,10341944.05,2,0,0,7798.75,1
9012,8144527095,Maheshwari,810,Jaipur Gramin,Male,42,6,11387468.7,2,0,1,15966391.5,0
9013,8539502462,Paliwal,528,Jaipur Gramin,Male,41,3,0,2,1,0,10293385.25,0
9014,8749182128,Jat,589,Jaipur Gramin,Female,34,3,8170817.95,1,0,0,2632625.1,0
9015,8723473459,Choudhary,595,Jaipur City,Male,60,7,10362177.45,1,0,1,2576693.4,0
9016,8664027214,Meena,568,Jaipur City,Male,41,5,0,2,0,1,1230739.65,0
9017,8406140288,Jat,572,Jaipur City,Male,31,6,0,1,1,1,16693596.25,0
9018,8839570241,Rathore,876,Jaipur  Urban,Female,40,8,6604639.4,1,0,1,1658552.3,0
9019,8531170311,Meena,676,Jaipur Gramin,Male,67,9,0,3,1,1,6147095.45,0
9020,8891772117,Aggarwal,385,Jaipur Gramin,Male,34,2,0,2,1,1,8212294.55,0
9021,8909821976,Jain,742,Jaipur City,Male,34,5,9683407.4,2,1,0,2615638.7,0
9022,8081129921,Verma,666,Jaipur  Urban,Female,61,2,15639804.5,2,1,1,13703460.3,0
9023,8091020031,Meena,734,Jaipur Gramin,Male,23,2,0,2,0,1,5677641.3,0
9024,8600947442,Verma,676,Jaipur Gramin,Male,28,4,0,2,1,1,10537419.4,0
9025,8977065928,Khandelwal,648,Jaipur Gramin,Female,47,6,7632954.1,2,0,1,1171620.45,1
9026,8056442312,Sharma,572,Jaipur City,Male,29,2,0,1,1,1,14358574.85,0
9027,8969033164,Gupta,535,Jaipur City,Female,36,7,7281181.6,1,0,0,11456130.85,0
9028,8749026397,Saini,842,Jaipur  Urban,Male,37,9,9823382.85,1,0,1,10181545.65,0
9029,8791697102,Khandelwal,588,Jaipur Gramin,Female,45,2,6955398.7,1,1,0,4434277.45,0
9030,8474036146,Choudhary,593,Jaipur  Urban,Male,18,1,11279052.05,1,1,0,14253612.6,0
9031,8278460852,Saini,572,Jaipur City,Male,51,2,9253695,1,0,0,11968056.1,1
9032,8180979214,Sharma,529,Jaipur Gramin,Male,39,7,0,2,1,0,1684956.7,0
9033,8054342321,Meena,817,Jaipur Gramin,Female,27,5,0,2,0,0,6202441.5,0
9034,8814479302,Sharma,847,Jaipur  Urban,Male,34,2,8172977.8,2,1,0,12215436.7,0
9035,8762107257,Singh,748,Jaipur  Urban,Female,49,0,13077719.2,1,1,1,15373292.1,1
9036,8941986378,Saini,522,Jaipur Gramin,Male,45,2,0,2,1,0,10680953.8,0
9037,8543930471,Saini,802,Jaipur Gramin,Female,36,3,12013470.75,1,0,1,10698992.5,0
9038,8814565157,Jain,664,Jaipur  Urban,Male,41,1,8889649.35,1,1,0,1285737.2,1
9039,8977505959,Singh,844,Jaipur  Urban,Female,50,8,8344706.7,1,0,0,1908866.25,1
9040,8843044801,Khandelwal,534,Jaipur City,Female,44,1,0,2,1,1,7022265.65,0
9041,8770159218,Choudhary,577,Jaipur  Urban,Female,38,3,11488349.25,1,1,1,2798150.7,0
9042,8691152879,Jat,496,Jaipur  Urban,Female,49,5,14586107.95,1,1,0,10729026.4,0
9043,8947043366,Agarwal,757,Jaipur Gramin,Male,29,5,15260832,1,0,0,9520851.7,0
9044,8165714377,Jain,752,Jaipur  Urban,Male,39,5,6852314.1,2,0,0,15381797.2,0
9045,8592269675,Sharma,552,Jaipur City,Male,47,1,0,1,0,0,10955026.1,1
9046,8001904400,Gupta,799,Jaipur  Urban,Male,27,5,10734287.05,1,1,0,15097204.45,1
9047,8540993670,Agarwal,636,Jaipur  Urban,Female,23,4,11726983.35,1,0,1,14838496.75,0
9048,8605827445,Singh,662,Jaipur  Urban,Male,41,9,13551892.55,1,1,0,15161784.05,0
9049,8601504999,Sharma,755,Jaipur  Urban,Male,40,5,9653841.85,2,1,0,8788666.8,0
9050,8356849702,Aggarwal,635,Jaipur Gramin,Female,33,6,0,2,1,1,5026026.2,0
9051,8633610018,Singh,680,Jaipur  Urban,Male,33,9,10588733.05,2,0,0,58086.45,0
9052,8425769778,Rathore,685,Jaipur  Urban,Female,31,6,8998491,2,1,0,12373223.9,0
9053,8414681134,Rathore,802,Jaipur  Urban,Female,47,5,8886971.85,1,1,0,4091651.8,1
9054,8535590947,Jain,758,Jaipur Gramin,Female,35,3,0,2,1,0,7724540.75,0
9055,8057651007,Saini,535,Jaipur Gramin,Female,30,5,0,2,0,1,16876162.65,0
9056,8732551262,Rathore,636,Jaipur Gramin,Male,55,2,0,1,1,1,9027175.95,1
9057,8742411224,Jain,798,Jaipur  Urban,Female,46,8,10156894.8,2,0,1,14186160.85,1
9058,8585119080,Maheshwari,725,Jaipur Gramin,Female,33,0,11092422.65,2,1,1,6358370.6,0
9059,8805783052,Verma,444,Jaipur City,Female,48,6,11948969.35,1,1,1,9942539.25,0
9060,8560067729,Paliwal,706,Jaipur  Urban,Female,34,9,7737174.3,2,0,1,13921555,0
9061,8092977044,Khandelwal,702,Jaipur Gramin,Female,33,1,0,3,0,1,5968796.05,1
9062,8220012911,Gupta,560,Jaipur Gramin,Female,38,1,10699600.25,2,1,1,9166550.45,0
9063,8085983296,Paliwal,744,Jaipur City,Male,64,3,3888986.3,2,1,0,6767978.8,1
9064,8079760611,Paliwal,611,Jaipur Gramin,Male,39,3,10351190.35,1,1,1,11763971.95,0
9065,8773001969,Rathore,505,Jaipur  Urban,Female,49,2,10875628.45,1,1,1,15535036.9,0
9066,8595465735,Meena,547,Jaipur Gramin,Female,30,7,0,2,1,1,15865096.15,0
9067,8368297971,Verma,674,Jaipur  Urban,Male,30,5,9799367.8,2,1,1,12714973.2,0
9068,8974531375,Agarwal,725,Jaipur  Urban,Male,41,9,5276647.85,2,1,0,10969306.95,0
9069,8905897812,Verma,780,Jaipur Gramin,Female,38,1,0,2,1,0,4060024.15,0
9070,8770004522,Khandelwal,623,Jaipur City,Female,32,4,14909521.05,2,1,1,14687356.55,1
9071,8933873844,Sharma,442,Jaipur City,Male,26,1,11189676.25,1,1,0,5477073.6,0
9072,8054346324,Saini,402,Jaipur  Urban,Male,44,3,12897870.25,1,1,0,14234227.5,0
9073,8718077082,Jain,515,Jaipur Gramin,Male,43,6,7957389.75,2,0,0,8359636.1,0
9074,8865270546,Choudhary,722,Jaipur  Urban,Female,60,5,11780790.9,2,1,1,3530610.15,1
9075,8930090801,Choudhary,610,Jaipur Gramin,Female,41,5,0,2,1,1,6159291.25,0
9076,8091344306,Aggarwal,571,Jaipur Gramin,Male,40,9,0,2,1,0,9559541.15,1
9077,8420603690,Gupta,679,Jaipur Gramin,Female,27,1,7244142.85,1,0,1,5483472.4,0
9078,8739163234,Sharma,756,Jaipur Gramin,Female,36,8,12643689.65,2,1,0,7805613.75,0
9079,8909671015,Choudhary,656,Jaipur  Urban,Male,52,7,11051115.2,1,1,1,16218540.6,1
9080,8238077299,Maheshwari,499,Jaipur City,Female,27,1,0,1,0,1,9546447.75,0
9081,8434267698,Saini,733,Jaipur Gramin,Female,81,6,0,2,1,1,6143480.4,0
9082,8306929001,Agarwal,763,Jaipur Gramin,Male,54,7,9497004.95,2,0,1,7218241.65,0
9083,8761946223,Choudhary,802,Jaipur Gramin,Female,36,5,15314402.4,2,1,0,1474627.6,0
9084,8685605316,Meena,392,Jaipur City,Male,40,8,0,2,1,1,7044013.75,0
9085,8910437107,Verma,703,Jaipur City,Female,47,6,0,1,1,0,2726858.65,1
9086,8881253544,Choudhary,708,Jaipur Gramin,Female,42,5,0,2,0,1,10243526.8,0
9087,8957352519,Khandelwal,656,Jaipur City,Female,29,2,0,2,1,0,15217777.8,0
9088,8165578890,Sharma,737,Jaipur Gramin,Male,35,3,0,2,1,1,8127978.8,0
9089,8620894031,Rathore,763,Jaipur  Urban,Female,36,8,8832704.45,1,1,1,9353049.8,1
9090,8718100710,Rathore,610,Jaipur Gramin,Female,34,4,7545693.95,1,1,1,14349870.85,0
9091,8980767982,Agarwal,851,Jaipur Gramin,Female,39,5,0,1,1,0,6604988.75,0
9092,8122223575,Khandelwal,774,Jaipur Gramin,Female,40,6,11150696.95,1,1,1,4234327.7,0
9093,8979669244,Rathore,817,Jaipur Gramin,Male,38,2,10013917.15,1,0,1,5578748.05,1
9094,8555575252,Maheshwari,512,Jaipur Gramin,Male,31,4,0,1,1,0,14395760.65,0
9095,8022447539,Jain,594,Jaipur  Urban,Female,32,0,7859627.85,1,1,0,401310.5,0
9096,8970590102,Singh,900,Jaipur  Urban,Female,38,2,8732997.75,2,0,1,2037862.25,0
9097,8434682416,Agarwal,563,Jaipur Gramin,Male,37,9,15194246.4,1,1,0,16993979.45,0
9098,8348810661,Sharma,754,Jaipur Gramin,Male,43,7,0,2,1,0,3402014.5,0
9099,8777082158,Maheshwari,448,Jaipur  Urban,Female,32,5,12461191.25,2,1,1,6200490.75,0
9100,8509622343,Gupta,766,Jaipur Gramin,Male,29,2,0,2,1,1,14485796.05,0
9101,8632405254,Khandelwal,671,Jaipur Gramin,Male,35,6,0,2,1,1,5004724.35,0
9102,8302311233,Rathore,596,Jaipur City,Male,38,6,9834726.95,2,1,1,2130019.25,0
9103,8604846301,Singh,414,Jaipur  Urban,Female,61,2,11700701.35,1,0,1,2542336.4,0
9104,8671536204,Aggarwal,685,Jaipur Gramin,Female,29,3,0,2,1,0,13433664.35,0
9105,8972767293,Saini,667,Jaipur City,Female,34,6,5089573.05,1,1,0,1192772.7,1
9106,8146294230,Khandelwal,670,Jaipur Gramin,Male,31,5,8506981.9,1,0,1,4233839.8,0
9107,8859915420,Verma,718,Jaipur  Urban,Male,52,10,9120873.15,3,1,0,2448537.2,1
9108,8526201637,Rathore,666,Jaipur City,Male,38,9,0,1,0,1,7691678.05,0
9109,8009885820,Agarwal,806,Jaipur City,Male,41,10,8162738.7,1,1,1,6445173.45,0
9110,8279415524,Sharma,697,Jaipur City,Male,33,10,0,1,0,0,13458590.6,0
9111,8714303315,Rathore,706,Jaipur  Urban,Male,29,9,12287047.5,2,1,0,12193670.75,0
9112,8179873952,Choudhary,640,Jaipur  Urban,Male,40,5,7324688.85,2,1,1,9968756.65,0
9113,8882102812,Rathore,762,Jaipur Gramin,Male,73,9,0,1,1,1,9714083.05,0
9114,8391893617,Paliwal,505,Jaipur  Urban,Female,29,2,7413088,1,1,1,84563.1,0
9115,8178574926,Khandelwal,529,Jaipur Gramin,Male,36,5,0,2,1,0,10607646.4,0
9116,8768564758,Agarwal,614,Jaipur  Urban,Female,36,2,11109578.2,2,0,0,6595388,0
9117,8141508713,Meena,554,Jaipur Gramin,Male,62,3,0,2,1,0,9008810.85,0
9118,8966780034,Maheshwari,724,Jaipur Gramin,Female,32,6,0,2,0,0,2856554.2,0
9119,8923553783,Meena,732,Jaipur City,Male,23,6,0,2,1,1,11405989.35,0
9120,8537395164,Rathore,757,Jaipur City,Female,40,5,14562708.3,1,1,1,13576052.95,1
9121,8044656300,Khandelwal,724,Jaipur City,Male,58,4,7899128.2,1,0,1,7237646.3,0
9122,8506653447,Verma,622,Jaipur Gramin,Female,40,0,0,1,1,0,10120026.05,0
9123,8079269717,Sharma,707,Jaipur Gramin,Female,29,1,6592327.15,2,1,1,10454852.1,0
9124,8562513780,Aggarwal,742,Jaipur Gramin,Male,33,7,8744313.8,1,0,0,10016490.1,0
9125,8195886876,Aggarwal,610,Jaipur Gramin,Male,37,5,12417938.15,2,0,0,13650439.85,0
9126,8957696001,Rathore,779,Jaipur City,Male,34,2,0,1,0,0,14806068.4,1
9127,8888158440,Rathore,784,Jaipur City,Male,51,4,6783996.2,2,0,1,5802122.95,1
9128,8739225968,Meena,636,Jaipur City,Male,39,10,8965267.9,1,0,0,5002664.8,1
9129,8173548794,Agarwal,712,Jaipur  Urban,Female,43,1,10363873.2,1,1,0,7479570.75,1
9130,8460546993,Maheshwari,886,Jaipur City,Female,40,6,5242051.15,1,0,1,12806044.75,1
9131,8832102380,Verma,787,Jaipur  Urban,Female,39,5,12695865.2,2,1,1,9273363.15,0
9132,8711823168,Singh,810,Jaipur Gramin,Female,27,4,12946296.45,1,1,0,8849520,0
9133,8050478187,Rathore,642,Jaipur Gramin,Female,33,5,0,2,1,0,10450725.35,0
9134,8556760339,Aggarwal,726,Jaipur City,Male,36,1,9488489.65,1,1,1,1853608.6,0
9135,8054077619,Sharma,457,Jaipur Gramin,Male,40,3,0,1,1,1,2747194.05,0
9136,8570347220,Khandelwal,752,Jaipur City,Female,49,7,8185226.3,1,1,0,16188918.95,1
9137,8346177828,Paliwal,594,Jaipur Gramin,Male,20,4,8145586.55,1,1,0,15107813.3,0
9138,8382825031,Gupta,522,Jaipur Gramin,Female,38,0,11553143.05,1,1,0,6836180.25,0
9139,8474643226,Choudhary,574,Jaipur Gramin,Male,59,10,15807164.4,1,0,0,802860.7,1
9140,8634235054,Rathore,596,Jaipur Gramin,Female,29,5,0,2,1,1,14860173.45,0
9141,8961042554,Agarwal,419,Jaipur Gramin,Female,21,7,0,2,0,0,14938233.2,0
9142,8866474210,Rathore,900,Jaipur  Urban,Female,43,8,7840810.55,2,1,0,4670727.05,0
9143,8212938629,Agarwal,473,Jaipur Gramin,Female,35,9,9581800.1,2,1,0,15618997.35,0
9144,8939272635,Verma,691,Jaipur Gramin,Female,34,8,8530560.9,1,0,0,3913253.8,0
9145,8346259244,Paliwal,862,Jaipur  Urban,Male,43,10,8950627.5,1,1,1,6710035.15,0
9146,8360114603,Gupta,734,Jaipur City,Male,45,6,9604545.25,1,0,0,16863887.8,0
9147,8099171410,Saini,686,Jaipur  Urban,Male,40,4,7567199.8,2,1,0,16055836.15,0
9148,8416813820,Paliwal,643,Jaipur Gramin,Male,35,9,8115644.45,1,0,0,14389372.9,0
9149,8355077777,Jain,718,Jaipur Gramin,Male,37,8,0,2,0,0,12325373.15,0
9150,8726170231,Sharma,596,Jaipur  Urban,Female,43,7,10125834.1,2,1,0,4743843.2,0
9151,8349681728,Sharma,740,Jaipur Gramin,Male,28,4,10897577.15,1,1,1,4613130.2,0
9152,8072676632,Agarwal,617,Jaipur Gramin,Male,49,1,0,2,1,0,16357445.9,0
9153,8105537306,Meena,730,Jaipur  Urban,Female,23,4,6071811.8,1,1,0,8814293.45,0
9154,8493737350,Maheshwari,488,Jaipur  Urban,Male,36,9,10048217.2,3,1,0,10124352.55,1
9155,8197992875,Maheshwari,577,Jaipur Gramin,Female,27,5,8691939.35,2,1,0,16547936,0
9156,8101833321,Agarwal,575,Jaipur City,Female,39,2,12916877.1,2,1,0,13510633.55,0
9157,8919153564,Meena,485,Jaipur City,Female,46,2,13920011.4,1,1,1,14035416.75,1
9158,8025925598,Jain,764,Jaipur Gramin,Female,32,7,10926865.6,2,0,1,16099230.35,0
9159,8968629035,Jat,528,Jaipur City,Female,31,10,10043492.9,1,1,1,13432343.45,0
9160,8371130474,Aggarwal,611,Jaipur Gramin,Male,32,7,10074234.85,1,0,0,324315.8,0
9161,8292810275,Maheshwari,814,Jaipur Gramin,Male,24,4,0,2,1,1,13838782,0
9162,8971444882,Paliwal,625,Jaipur Gramin,Male,40,10,13924986.45,1,0,0,7609154.95,0
9163,8071740677,Singh,678,Jaipur  Urban,Male,63,7,8879914.3,1,1,1,2139055.6,1
9164,8042659736,Jain,610,Jaipur Gramin,Female,47,6,0,1,1,1,10711068.45,0
9165,8931943582,Sharma,696,Jaipur City,Male,36,7,0,2,1,0,1709282.85,0
9166,8557324552,Paliwal,676,Jaipur  Urban,Female,46,2,12046784.8,1,1,1,4951864.55,0
9167,8687513043,Singh,632,Jaipur  Urban,Female,35,2,11717501.6,1,1,1,14642882.85,1
9168,8000263369,Verma,608,Jaipur Gramin,Male,26,1,0,1,1,0,2534547,0
9169,8160313252,Agarwal,697,Jaipur Gramin,Female,43,8,13098525.5,1,0,0,9746083.85,0
9170,8426184858,Verma,799,Jaipur Gramin,Female,45,6,0,2,0,0,12510702.9,0
9171,8382463272,Maheshwari,713,Jaipur Gramin,Male,30,2,0,3,0,1,1278349.85,0
9172,8085476223,Gupta,373,Jaipur Gramin,Female,54,9,0,1,0,1,6512826.65,0
9173,8779202369,Verma,770,Jaipur Gramin,Male,39,8,11900421.6,1,1,1,7903791.3,0
9174,8854816241,Rathore,688,Jaipur City,Male,43,8,10806301.6,1,0,1,510787.95,1
9175,8311150164,Khandelwal,515,Jaipur Gramin,Male,61,1,0,2,1,1,16266532.45,0
9176,8012506080,Maheshwari,503,Jaipur Gramin,Female,38,7,10652927.6,1,1,0,15999181.95,0
9177,8756526871,Aggarwal,568,Jaipur Gramin,Male,35,9,0,2,1,0,998230.65,0
9178,8173893876,Rathore,424,Jaipur  Urban,Female,28,3,11898865.25,1,1,0,11631973.75,0
9179,8184718635,Jain,838,Jaipur  Urban,Female,39,6,10181959.6,1,1,1,13961108.05,0
9180,8656655721,Choudhary,712,Jaipur City,Female,34,10,9142265.1,2,0,0,13143664.75,0
9181,8740605281,Maheshwari,644,Jaipur Gramin,Female,44,2,0,2,1,0,12721580.25,0
9182,8795504443,Agarwal,686,Jaipur Gramin,Male,47,1,0,1,0,0,7783868.2,0
9183,8714124808,Sharma,596,Jaipur Gramin,Female,28,0,12130005.75,1,1,0,10814838.15,0
9184,8050530689,Singh,532,Jaipur Gramin,Male,42,7,0,1,1,1,4815289.95,0
9185,8377466167,Agarwal,714,Jaipur City,Female,56,4,0,2,1,0,7194804.6,0
9186,8620722589,Aggarwal,581,Jaipur Gramin,Male,35,6,13737184.9,2,1,1,12600243.6,0
9187,8005997845,Saini,662,Jaipur  Urban,Female,58,3,9890022,2,0,1,16447746.5,0
9188,8791412461,Singh,601,Jaipur Gramin,Male,38,4,5101173.85,1,1,1,3231704.25,0
9189,8529930954,Saini,634,Jaipur City,Male,28,4,0,2,1,1,15023818.85,0
9190,8915088118,Choudhary,608,Jaipur  Urban,Male,32,9,12263125.95,2,1,0,15009353.55,0
9191,8360784618,Aggarwal,655,Jaipur Gramin,Female,46,8,0,2,1,0,11310027.75,0
9192,8090464848,Khandelwal,566,Jaipur Gramin,Male,30,6,10004216.95,1,1,0,8571724.7,0
9193,8779648355,Jat,841,Jaipur City,Male,58,1,6796141.85,2,1,1,2591156.15,0
9194,8232986124,Jat,596,Jaipur Gramin,Female,26,8,12749098.15,1,1,0,3598099.3,0
9195,8773565254,Paliwal,616,Jaipur Gramin,Male,40,7,10568891.5,1,0,0,16431314.3,0
9196,8062189583,Jat,515,Jaipur  Urban,Male,29,4,11539549,1,0,0,9589172.15,1
9197,8726193120,Sharma,833,Jaipur City,Female,37,9,0,2,1,0,5780752.25,0
9198,8916792364,Sharma,548,Jaipur Gramin,Male,34,3,7061290,1,1,0,11277223.7,0
9199,8826070336,Jat,479,Jaipur Gramin,Female,28,4,12052371.85,1,1,1,1870162.35,0
9200,8756808330,Saini,533,Jaipur Gramin,Female,26,6,0,1,1,0,8517034,1
9201,8313908549,Aggarwal,767,Jaipur Gramin,Female,30,6,0,1,0,0,10421377.4,0
9202,8379836563,Verma,430,Jaipur  Urban,Female,43,1,9083960.2,2,1,0,8547971.45,0
9203,8180271458,Aggarwal,514,Jaipur Gramin,Male,31,9,10281820.15,1,1,0,460641.35,0
9204,8877759723,Jain,808,Jaipur City,Male,51,4,0,2,0,0,10504965.55,1
9205,8949543614,Paliwal,655,Jaipur Gramin,Female,30,5,0,2,1,0,1184502.2,0
9206,8735826532,Jat,557,Jaipur Gramin,Male,31,0,9394809.45,1,1,1,7400165.45,0
9207,8635453544,Aggarwal,629,Jaipur  Urban,Female,52,0,11366491.55,1,0,0,413065.15,1
9208,8231925209,Gupta,698,Jaipur Gramin,Female,52,5,9576990.8,1,1,0,1792239.45,1
9209,8258330361,Sharma,751,Jaipur Gramin,Female,44,2,0,2,1,1,2272378.1,0
9210,8473825675,Sharma,552,Jaipur Gramin,Male,24,1,9867167.2,1,1,0,7627449.5,0
9211,8864734653,Saini,338,Jaipur City,Male,36,0,0,1,1,1,15260962.05,1
9212,8271198813,Verma,428,Jaipur City,Female,38,6,0,2,1,0,14723622.65,0
9213,8576359643,Paliwal,688,Jaipur Gramin,Female,37,10,0,2,1,1,3179964.75,0
9214,8479217626,Jat,581,Jaipur Gramin,Female,40,4,7007548.75,1,0,0,6872429.35,0
9215,8783118121,Agarwal,635,Jaipur Gramin,Female,39,10,0,2,1,1,3669831.65,1
9216,8124957522,Singh,581,Jaipur  Urban,Female,37,10,11404603,4,1,1,6028804.35,1
9217,8984672196,Saini,749,Jaipur Gramin,Male,30,10,0,2,1,1,4612571.75,0
9218,8940741049,Saini,653,Jaipur Gramin,Male,31,5,0,2,1,1,3559134.45,0
9219,8380675716,Verma,691,Jaipur  Urban,Female,48,2,10577602.3,1,1,0,1280825.05,1
9220,8739725978,Rathore,479,Jaipur Gramin,Male,31,4,0,1,1,0,2205791.65,0
9221,8177030171,Khandelwal,598,Jaipur Gramin,Male,60,4,0,1,1,0,16806806.9,1
9222,8988859161,Jat,666,Jaipur  Urban,Female,37,4,9253334.6,1,1,0,6762181.8,1
9223,8361929178,Agarwal,551,Jaipur Gramin,Male,28,3,11993451.55,1,1,1,1326617.95,0
9224,8531468915,Khandelwal,532,Jaipur Gramin,Female,67,0,10951711.95,1,1,1,11442060.8,0
9225,8208592176,Sharma,695,Jaipur Gramin,Male,39,0,7381706.85,1,0,1,13585599.3,0
9226,8344383209,Verma,593,Jaipur  Urban,Female,32,4,10206372.45,2,1,1,13851752.15,0
9227,8445502868,Agarwal,583,Jaipur Gramin,Male,27,5,11069703,2,1,1,16356308.6,0
9228,8474435072,Gupta,811,Jaipur Gramin,Female,31,5,0,2,1,0,7875074.9,0
9229,8216513013,Saini,719,Jaipur Gramin,Male,39,2,9326572.3,1,1,1,15301903.15,0
9230,8774906203,Khandelwal,896,Jaipur  Urban,Female,35,5,9498191.55,1,1,1,15604651.9,0
9231,8365036783,Verma,578,Jaipur  Urban,Male,35,8,10311279.45,2,1,1,2443806.95,0
9232,8685126649,Sharma,658,Jaipur Gramin,Male,38,10,7029268.8,1,1,0,6361966.95,0
9233,8535715662,Aggarwal,622,Jaipur Gramin,Female,49,9,3765621.55,3,1,1,7626990.5,1
9234,8884189878,Paliwal,532,Jaipur Gramin,Female,31,4,11757024.9,1,0,0,5256717.05,0
9235,8753892688,Sharma,650,Jaipur  Urban,Male,49,4,10258531.85,1,1,0,2105468.7,1
9236,8339001299,Khandelwal,434,Jaipur Gramin,Male,27,4,15037649.2,1,1,0,6849917.95,0
9237,8718175640,Maheshwari,648,Jaipur City,Male,47,6,7569006.9,1,1,0,9884331.25,0
9238,8468151372,Gupta,768,Jaipur  Urban,Male,40,4,9717096.3,2,1,0,10993363.65,1
9239,8464386264,Verma,808,Jaipur Gramin,Female,50,4,0,2,1,0,10996699.9,0
9240,8915768647,Singh,580,Jaipur  Urban,Female,32,7,8054051.75,2,1,1,1542667.55,0
9241,8763943748,Gupta,587,Jaipur City,Female,46,10,0,2,0,1,14311396.45,0
9242,8704506629,Jat,491,Jaipur Gramin,Male,35,8,0,2,0,1,5731658.8,0
9243,8423730198,Jat,614,Jaipur  Urban,Male,32,9,9054262.05,2,1,0,15052833.6,0
9244,8882691827,Maheshwari,486,Jaipur City,Male,37,0,11390543.15,1,1,1,7967618.65,0
9245,8511500957,Singh,535,Jaipur  Urban,Female,25,3,11291204.5,1,1,0,11190021.35,0
9246,8720597709,Jain,697,Jaipur Gramin,Female,41,0,10246689.65,2,1,0,14936396.35,0
9247,8617150773,Aggarwal,794,Jaipur Gramin,Male,20,1,11851766.75,1,1,1,7276580.55,0
9248,8254855766,Khandelwal,823,Jaipur City,Male,29,7,6876112.4,2,1,0,5520373.45,0
9249,8096092426,Maheshwari,635,Jaipur City,Male,34,6,0,2,1,0,16179556.2,0
9250,8676750750,Singh,824,Jaipur City,Female,39,7,14589974.6,1,0,1,8567265.6,0
9251,8031009413,Maheshwari,736,Jaipur City,Male,42,0,9275345.35,1,0,1,14269246.65,0
9252,8571743498,Jain,529,Jaipur Gramin,Female,39,6,9336808.85,1,1,0,2149584.55,0
9253,8286029132,Saini,421,Jaipur Gramin,Female,31,7,11979204.7,1,0,1,1733045.45,0
9254,8330892286,Rathore,653,Jaipur City,Male,49,10,0,2,1,1,12332619.4,0
9255,8761028363,Meena,703,Jaipur Gramin,Male,32,6,0,2,1,1,15222927.1,0
9256,8446760949,Agarwal,896,Jaipur  Urban,Female,41,3,8631198.35,4,1,0,1362139.45,1
9257,8304554548,Gupta,798,Jaipur  Urban,Male,37,7,8730245.45,1,1,0,772463.85,0
9258,8980409954,Agarwal,694,Jaipur  Urban,Female,37,8,12665077.35,2,1,1,1825155.7,0
9259,8139638006,Aggarwal,527,Jaipur Gramin,Male,20,0,7094088.1,1,1,1,12473976.95,0
9260,8533021731,Agarwal,840,Jaipur Gramin,Female,40,3,6450914.35,2,1,0,11267789.55,0
9261,8189760912,Agarwal,839,Jaipur  Urban,Female,39,7,14228626,2,0,1,11860681.55,0
9262,8468455451,Paliwal,635,Jaipur Gramin,Female,61,6,0,2,1,1,11362171.85,0
9263,8662978779,Jain,761,Jaipur  Urban,Female,52,6,6059062.65,2,0,1,3313671.45,0
9264,8195363221,Sharma,530,Jaipur Gramin,Female,31,3,0,2,1,1,9793495.15,0
9265,8004236901,Verma,377,Jaipur City,Male,60,3,0,2,1,1,7976809.7,0
9266,8410711814,Saini,690,Jaipur Gramin,Female,38,1,8841434.8,1,0,0,1875850.55,1
9267,8692496095,Meena,700,Jaipur Gramin,Female,38,5,10847407.6,1,1,0,10526915.95,0
9268,8240871050,Verma,778,Jaipur Gramin,Male,32,5,13152719.8,2,1,1,14674241.05,0
9269,8303342359,Sharma,595,Jaipur City,Male,29,2,0,2,1,1,135251.15,0
9270,8125693438,Agarwal,650,Jaipur Gramin,Male,35,4,10665486.35,1,1,1,7800918.35,0
9271,8549540802,Meena,479,Jaipur Gramin,Female,21,3,15003441.8,1,1,1,13083218.7,0
9272,8506742045,Sharma,659,Jaipur City,Female,47,8,9416578.8,1,1,1,6070713.6,0
9273,8333426425,Jain,767,Jaipur Gramin,Male,42,2,12039648.2,2,1,0,14632729.6,0
9274,8036868929,Sharma,619,Jaipur Gramin,Male,31,1,0,2,1,1,4650073.75,0
9275,8916812092,Jain,552,Jaipur City,Female,33,9,0,1,0,1,15585447.85,0
9276,8962952781,Sharma,392,Jaipur  Urban,Male,42,1,6432929.2,1,1,1,4853330,0
9277,8015365416,Jat,402,Jaipur Gramin,Male,54,3,0,1,1,0,13337389.1,1
9278,8678754641,Maheshwari,640,Jaipur Gramin,Male,29,7,0,1,1,1,11069102.05,0
9279,8199894322,Meena,412,Jaipur Gramin,Male,35,6,13694473.25,1,0,0,1185466.1,0
9280,8018657630,Singh,752,Jaipur Gramin,Male,62,5,0,2,0,1,3285501.6,0
9281,8679715326,Sharma,689,Jaipur Gramin,Female,45,6,6162048.65,1,0,1,11903551.3,0
9282,8624142860,Rathore,673,Jaipur Gramin,Female,31,3,11386965.5,1,1,1,14125903.5,0
9283,8255471449,Agarwal,623,Jaipur City,Male,34,1,0,1,1,0,11893147.3,0
9284,8718922219,Meena,554,Jaipur Gramin,Female,27,3,0,2,1,0,2391647.55,0
9285,8972437387,Jat,640,Jaipur Gramin,Male,61,3,13362125.8,1,0,1,4281333.55,0
9286,8204211793,Gupta,541,Jaipur City,Female,48,5,8132739.65,1,0,0,8073138.5,0
9287,8134260744,Gupta,744,Jaipur  Urban,Female,29,7,9029628.2,1,1,1,5941834.05,1
9288,8698795504,Saini,706,Jaipur Gramin,Female,32,5,0,2,0,1,15096660.45,0
9289,8873750228,Choudhary,642,Jaipur  Urban,Female,36,9,6904707.25,2,1,0,16722141.8,0
9290,8828081711,Rathore,553,Jaipur Gramin,Female,31,1,6925822.95,2,1,1,5544941,0
9291,8229972528,Paliwal,900,Jaipur Gramin,Male,33,8,6210047.3,1,1,1,15833885,0
9292,8598581044,Paliwal,643,Jaipur Gramin,Male,36,5,9992519.25,2,1,1,9483730.5,0
9293,8898816439,Gupta,433,Jaipur  Urban,Female,74,1,15847851.35,2,1,1,16725265.55,0
9294,8817382951,Jat,805,Jaipur  Urban,Female,38,5,11700905.35,2,1,0,6203776.85,0
9295,8137916266,Khandelwal,736,Jaipur Gramin,Male,36,8,11380594.75,1,1,1,12177580.25,0
9296,8760666903,Choudhary,670,Jaipur  Urban,Female,45,9,11437838,1,1,1,13537836.95,0
9297,8978724577,Paliwal,583,Jaipur  Urban,Female,56,9,8566448.75,2,1,1,4628114.85,0
9298,8234907591,Sharma,764,Jaipur Gramin,Male,30,8,14820271.05,1,0,0,2713922.5,0
9299,8959900779,Sharma,770,Jaipur  Urban,Male,27,5,16160661.55,2,0,0,1852455.15,0
9300,8345044212,Aggarwal,869,Jaipur Gramin,Male,26,7,12432610,1,1,0,1861807.7,1
9301,8883027198,Agarwal,721,Jaipur  Urban,Male,41,9,13943918.5,1,1,0,4199504.05,0
9302,8172513312,Choudhary,628,Jaipur City,Female,43,4,10500604.2,2,0,0,13167224.2,0
9303,8819520534,Agarwal,773,Jaipur Gramin,Male,36,10,0,2,1,1,15543766.4,0
9304,8741993292,Jat,718,Jaipur City,Female,38,1,14607112.3,1,0,0,1441383.25,0
9305,8226953781,Khandelwal,619,Jaipur Gramin,Male,40,9,0,2,0,0,7965991.75,0
9306,8216960820,Rathore,674,Jaipur Gramin,Female,39,5,11862774.25,2,1,0,5239078.7,0
9307,8013938736,Jain,593,Jaipur Gramin,Male,37,2,0,2,0,1,8148482.5,0
9308,8016310733,Choudhary,702,Jaipur Gramin,Male,40,2,14280113.9,2,1,1,14229024.65,0
9309,8883137101,Gupta,770,Jaipur Gramin,Male,27,0,0,2,0,1,11180471.6,0
9310,8740790607,Rathore,694,Jaipur  Urban,Male,83,6,10485313.55,1,0,1,7899424.85,0
9311,8122970032,Aggarwal,661,Jaipur City,Male,47,2,0,2,1,1,10183734.4,0
9312,8156976485,Paliwal,582,Jaipur  Urban,Male,50,2,10696881.1,1,1,0,802341.35,1
9313,8857826425,Singh,575,Jaipur  Urban,Male,40,10,3859752.25,2,1,0,1592297.35,0
9314,8961547707,Agarwal,746,Jaipur  Urban,Female,37,0,10708113.85,1,0,0,13613805.7,0
9315,8256089689,Agarwal,616,Jaipur  Urban,Female,51,7,12517279.35,1,1,1,4558626.5,1
9316,8704665945,Paliwal,713,Jaipur Gramin,Male,42,8,11370211.15,1,1,0,3094442.85,0
9317,8268247232,Rathore,540,Jaipur  Urban,Male,49,0,9248591.6,3,1,0,5222988.2,1
9318,8999568799,Sharma,769,Jaipur Gramin,Male,42,6,9013104.2,1,1,0,16548376.3,1
9319,8217707896,Agarwal,682,Jaipur City,Female,69,9,0,1,0,1,11431060.95,0
9320,8217940723,Aggarwal,515,Jaipur Gramin,Female,27,1,0,2,1,1,3210448.3,0
9321,8525985428,Khandelwal,643,Jaipur Gramin,Male,31,6,0,2,1,1,202521.85,0
9322,8172194961,Gupta,556,Jaipur City,Male,61,1,6985478.5,1,1,0,9080288.2,1
9323,8910805469,Maheshwari,800,Jaipur Gramin,Female,35,9,0,2,1,0,3358486.85,0
9324,8487244603,Meena,653,Jaipur Gramin,Male,50,9,6529445,4,1,0,16691546.05,1
9325,8343434105,Gupta,816,Jaipur  Urban,Male,71,9,12116771.25,2,1,1,10413076.3,0
9326,8445829772,Gupta,642,Jaipur City,Female,41,10,0,2,1,1,5269507,0
9327,8382265751,Khandelwal,649,Jaipur  Urban,Male,35,2,8815482.6,1,0,1,16359457.85,1
9328,8359123229,Agarwal,592,Jaipur City,Female,40,2,0,1,1,1,441570.75,0
9329,8833189761,Singh,528,Jaipur  Urban,Female,35,7,10911428.75,2,1,0,16851772.75,0
9330,8162943826,Verma,676,Jaipur City,Male,35,5,0,2,1,1,5323969.9,0
9331,8714743918,Paliwal,636,Jaipur Gramin,Male,34,9,0,2,1,1,9690539.75,0
9332,8631190123,Jain,606,Jaipur  Urban,Male,19,8,14121328.8,1,1,1,9179574.15,0
9333,8156196718,Paliwal,732,Jaipur  Urban,Female,62,9,12598220.6,1,1,0,4128546.9,1
9334,8717595416,Sharma,786,Jaipur Gramin,Female,78,5,10302591.6,1,1,1,6461401.65,0
9335,8000243761,Jain,649,Jaipur City,Male,25,10,0,2,1,1,15368713.15,0
9336,8717468805,Agarwal,764,Jaipur  Urban,Male,50,4,10841992.25,2,1,0,359134.35,0
9337,8131084875,Jain,714,Jaipur Gramin,Male,49,9,13553975.05,1,1,0,11546514.75,0
9338,8431516243,Sharma,439,Jaipur  Urban,Female,47,5,8677286.2,1,1,1,15600580.4,1
9339,8158109014,Khandelwal,550,Jaipur  Urban,Male,58,2,12115660.3,1,1,1,7547305.55,0
9340,8467352221,Paliwal,678,Jaipur City,Male,29,1,15536447.9,2,1,1,5417296.5,0
9341,8654746909,Jat,764,Jaipur Gramin,Male,45,10,0,2,1,0,115985.9,0
9342,8543504293,Paliwal,665,Jaipur Gramin,Male,29,7,0,2,1,1,12680652.75,0
9343,8281942621,Verma,623,Jaipur Gramin,Female,28,3,0,2,1,0,4538500.2,0
9344,8938508584,Jain,894,Jaipur  Urban,Female,43,3,12925405.15,2,1,0,8322355.1,0
9345,8610149981,Agarwal,752,Jaipur Gramin,Female,28,2,9434809.6,1,1,0,8621869.6,0
9346,8882491960,Saini,578,Jaipur Gramin,Male,50,2,12660070,1,1,1,9940265.5,0
9347,8879591417,Jain,739,Jaipur Gramin,Male,41,9,0,1,1,1,9627735.8,0
9348,8341546147,Gupta,672,Jaipur City,Female,36,0,7177278.45,1,1,1,15423208.35,0
9349,8666055487,Jat,677,Jaipur Gramin,Female,34,7,7983239.95,1,0,0,15292688.3,0
9350,8966663664,Verma,841,Jaipur Gramin,Male,43,4,13490611.8,2,0,0,8379821.9,0
9351,8792883809,Agarwal,618,Jaipur City,Male,42,4,0,3,0,1,10227292.65,0
9352,8530313231,Aggarwal,742,Jaipur  Urban,Male,63,7,10472414.8,1,1,1,8545798,0
9353,8975600717,Rathore,680,Jaipur Gramin,Male,40,8,6200349.65,2,1,0,8409177.5,0
9354,8762025305,Maheshwari,684,Jaipur City,Male,37,0,15193130.35,1,1,1,16531953.45,0
9355,8034496583,Khandelwal,588,Jaipur Gramin,Male,43,8,0,2,1,1,12208406.35,0
9356,8090157325,Rathore,767,Jaipur City,Female,40,8,0,1,1,0,14197593.35,0
9357,8134693743,Sharma,328,Jaipur Gramin,Male,42,7,0,1,1,0,6611841.45,1
9358,8336420931,Paliwal,382,Jaipur Gramin,Female,46,9,0,1,1,1,6886232.5,1
9359,8864363712,Jain,884,Jaipur Gramin,Female,29,9,0,2,1,1,3558632.1,0
9360,8812735542,Verma,654,Jaipur  Urban,Male,43,9,11910299.45,1,1,0,960729.5,1
9361,8148925395,Gupta,542,Jaipur  Urban,Male,39,2,11297084.8,1,0,1,12697676.55,0
9362,8459060602,Gupta,576,Jaipur  Urban,Male,45,2,15243460.55,2,1,1,14390810.25,0
9363,8065082317,Singh,701,Jaipur Gramin,Male,35,3,11660248.15,1,1,1,3167449.35,0
9364,8305417383,Paliwal,641,Jaipur City,Male,35,3,0,2,1,1,1658815.8,0
9365,8946384280,Meena,608,Jaipur Gramin,Female,49,9,10196624.65,2,1,0,8760798.7,0
9366,8796738043,Rathore,842,Jaipur Gramin,Male,29,9,10830236.75,1,1,1,11429025.2,0
9367,8289283608,Jain,763,Jaipur Gramin,Female,36,6,0,1,1,0,5992216.1,0
9368,8310734466,Jat,635,Jaipur Gramin,Female,40,9,11679781.15,1,1,0,14949604.5,1
9369,8526674756,Verma,764,Jaipur Gramin,Male,28,8,0,2,1,0,9043150.85,0
9370,8155403365,Gupta,742,Jaipur City,Female,39,2,0,1,1,1,4431771.65,0
9371,8656098165,Paliwal,553,Jaipur Gramin,Male,43,4,0,4,0,0,1574447.35,1
9372,8545245977,Meena,649,Jaipur Gramin,Male,31,9,9562074.15,1,1,1,2739686,0
9373,8083304231,Verma,692,Jaipur Gramin,Male,30,1,6641317.75,1,0,1,14809199.8,0
9374,8431075109,Jain,649,Jaipur City,Female,36,1,0,2,1,0,8671818.15,0
9375,8673061285,Khandelwal,670,Jaipur City,Female,32,5,12372010.95,1,1,1,2676204.6,0
9376,8574576579,Paliwal,671,Jaipur  Urban,Male,48,4,10505423.7,2,1,0,7009870.1,1
9377,8558909917,Choudhary,560,Jaipur Gramin,Female,47,2,0,1,0,0,9426536.55,1
9378,8427041693,Khandelwal,581,Jaipur Gramin,Female,26,0,12434328.7,1,1,0,8933954.75,0
9379,8591646839,Gupta,731,Jaipur City,Female,35,1,9505317.95,2,1,0,1077347.8,0
9380,8247269266,Choudhary,708,Jaipur City,Female,26,2,0,2,1,1,7926747.25,0
9381,8891907814,Verma,632,Jaipur Gramin,Male,70,1,8025426.3,1,0,1,12350457.5,0
9382,8117878050,Jain,798,Jaipur City,Male,45,2,7781731.3,1,1,1,4006852.4,0
9383,8505541095,Gupta,654,Jaipur Gramin,Female,38,7,5063328.45,1,1,1,14256476.25,0
9384,8571575456,Singh,739,Jaipur Gramin,Female,23,2,8029508.85,2,0,1,15801574.8,0
9385,8009195168,Choudhary,805,Jaipur Gramin,Female,57,4,0,1,0,0,7299516.95,1
9386,8345233485,Paliwal,704,Jaipur  Urban,Male,44,8,8106291.9,2,1,1,151967.25,0
9387,8559381541,Saini,740,Jaipur  Urban,Female,33,10,8685760.7,2,1,0,1974714.05,0
9388,8850726281,Meena,509,Jaipur Gramin,Male,32,1,12314435.35,1,0,0,15957903.4,0
9389,8294388152,Jat,695,Jaipur City,Male,39,5,0,2,1,1,8505145.9,0
9390,8413068827,Rathore,526,Jaipur Gramin,Female,32,2,0,1,1,1,6811095.9,0
9391,8499302861,Meena,782,Jaipur  Urban,Female,37,5,9629739.25,2,1,1,11259740.9,0
9392,8379183715,Choudhary,895,Jaipur City,Male,61,0,0,2,1,1,8177207.4,0
9393,8436147493,Gupta,518,Jaipur City,Female,39,0,0,2,1,0,8073070.5,0
9394,8249441679,Singh,684,Jaipur  Urban,Male,43,9,9492619.8,1,1,0,15200320.5,1
9395,8456627835,Saini,596,Jaipur  Urban,Female,35,8,11143588.4,1,1,1,16392476.95,0
9396,8534746004,Singh,632,Jaipur  Urban,Male,52,1,6468653.85,2,0,1,15065259.75,0
9397,8494029915,Saini,720,Jaipur City,Female,40,2,0,2,1,0,16979087.45,0
9398,8947470078,Rathore,799,Jaipur Gramin,Female,52,7,7863426.5,2,0,1,5626456.85,0
9399,8663460448,Singh,466,Jaipur Gramin,Female,34,2,0,2,1,1,15408021.4,0
9400,8235929605,Saini,713,Jaipur Gramin,Male,39,5,6600454,1,1,1,2159645.15,0
9401,8013865640,Singh,647,Jaipur Gramin,Female,31,3,8360602.55,1,0,0,1782773,0
9402,8785652606,Maheshwari,726,Jaipur  Urban,Female,46,4,9819035.95,1,0,0,6506316.5,1
9403,8922491150,Meena,852,Jaipur  Urban,Male,69,3,2319516.55,1,1,1,9393341.5,0
9404,8563566187,Agarwal,646,Jaipur Gramin,Female,36,6,0,1,1,0,13961038.35,0
9405,8393030442,Saini,594,Jaipur City,Female,43,5,0,2,0,0,8937733,0
9406,8571228258,Rathore,570,Jaipur Gramin,Male,36,7,0,1,1,1,4748862.45,1
9407,8766214669,Saini,900,Jaipur Gramin,Male,31,6,11219716.1,2,1,1,15193531.55,0
9408,8227743937,Saini,383,Jaipur City,Female,27,2,10334335.7,1,0,1,11451243.35,0
9409,8056132764,Aggarwal,648,Jaipur Gramin,Male,55,10,11257088.9,1,1,0,83186.1,0
9410,8274949785,Maheshwari,564,Jaipur City,Male,34,10,0,2,0,1,15587905.2,0
9411,8195257458,Meena,648,Jaipur  Urban,Female,46,5,9178164,2,1,0,13249465.1,0
9412,8115364235,Khandelwal,707,Jaipur  Urban,Female,40,4,6640165.15,4,1,0,10137043.9,1
9413,8213136129,Choudhary,750,Jaipur Gramin,Male,26,6,8388152.75,1,0,0,11366248.45,0
9414,8165707408,Sharma,781,Jaipur Gramin,Female,44,10,0,2,1,0,14503931.65,0
9415,8451352354,Agarwal,533,Jaipur City,Female,53,9,0,1,1,0,10683825.95,1
9416,8893455359,Saini,802,Jaipur  Urban,Female,43,2,10987444.25,2,0,0,1627761.9,0
9417,8679302665,Jat,658,Jaipur  Urban,Male,37,6,11199039.85,1,1,0,7386046.95,0
9418,8018115439,Saini,572,Jaipur City,Female,33,6,0,2,1,0,4927943,0
9419,8792091861,Aggarwal,647,Jaipur City,Female,27,2,0,1,1,1,7049814.15,0
9420,8481397480,Singh,703,Jaipur  Urban,Male,26,1,4880922.7,1,1,1,6731099,0
9421,8414175914,Choudhary,668,Jaipur Gramin,Female,28,7,0,2,0,1,440097.7,0
9422,8616085012,Jat,616,Jaipur Gramin,Male,34,5,12248007,1,1,0,3783372.1,0
9423,8082673678,Agarwal,721,Jaipur Gramin,Male,33,9,12538378.9,1,1,0,16202013.2,0
9424,8833879458,Jat,574,Jaipur City,Female,28,8,13735384.6,1,1,0,15115957.15,0
9425,8323045743,Khandelwal,707,Jaipur Gramin,Female,40,1,0,2,1,1,10152964.4,0
9426,8560302717,Meena,704,Jaipur City,Female,72,4,0,2,1,1,4272753.65,0
9427,8612985684,Rathore,479,Jaipur City,Female,53,1,6394170.05,2,0,0,12312173.5,1
9428,8968965972,Paliwal,712,Jaipur City,Female,39,0,0,2,0,0,6961636,0
9429,8255730900,Rathore,764,Jaipur Gramin,Female,70,9,7441145.65,2,1,1,3619033.1,0
9430,8508197563,Paliwal,661,Jaipur Gramin,Female,32,8,12289466.6,1,1,1,7446807.5,0
9431,8296812203,Agarwal,784,Jaipur Gramin,Male,33,5,10418284.25,2,1,1,7039772.25,0
9432,8615194591,Jain,508,Jaipur City,Female,24,5,14639714.05,1,0,1,13187250.2,0
9433,8585732100,Choudhary,430,Jaipur  Urban,Female,28,2,14614242.1,2,1,1,814150.4,0
9434,8179043528,Jain,652,Jaipur Gramin,Male,39,7,0,2,1,1,14483370.15,0
9435,8254875508,Rathore,646,Jaipur City,Female,34,7,0,2,0,0,335434.65,0
9436,8628790673,Paliwal,702,Jaipur  Urban,Male,38,4,9502835.1,2,1,1,8685696.1,0
9437,8947203220,Verma,701,Jaipur Gramin,Male,38,4,0,3,1,0,6426836.4,0
9438,8194831943,Aggarwal,684,Jaipur Gramin,Female,27,5,6743611.85,1,1,1,2224456.8,0
9439,8854601195,Agarwal,721,Jaipur  Urban,Male,63,3,10277904.2,3,0,0,12301833.25,1
9440,8219929587,Agarwal,726,Jaipur Gramin,Female,31,3,12146968.35,1,1,1,4941472.45,0
9441,8418761953,Sharma,592,Jaipur City,Male,27,10,0,3,0,0,8042700,1
9442,8356650802,Sharma,661,Jaipur Gramin,Female,33,1,8230956.3,1,1,0,9244998.65,0
9443,8022900904,Meena,769,Jaipur Gramin,Male,37,9,8947249.6,2,1,1,12707800.9,0
9444,8644082424,Paliwal,595,Jaipur  Urban,Male,54,1,10501240,1,1,1,10226753.75,1
9445,8634405655,Maheshwari,577,Jaipur  Urban,Male,41,2,10872665.35,2,1,1,3757505.75,0
9446,8744432615,Meena,707,Jaipur City,Female,28,5,8102931,1,1,0,521016.85,1
9447,8011337879,Sharma,533,Jaipur Gramin,Male,30,4,6223605.65,1,0,1,10777718.65,0
9448,8541936631,Jain,742,Jaipur Gramin,Female,41,1,0,2,0,1,2338309.2,1
9449,8158036471,Rathore,580,Jaipur  Urban,Male,35,8,12749636.2,2,1,0,3582201.75,0
9450,8737828576,Gupta,676,Jaipur  Urban,Male,28,8,10512313.8,2,1,1,7478742,0
9451,8941667877,Agarwal,679,Jaipur  Urban,Male,33,2,10550647.1,1,1,0,6960208,0
9452,8123324459,Khandelwal,509,Jaipur City,Male,29,3,13518013.25,1,1,0,229951.35,1
9453,8466795192,Verma,599,Jaipur Gramin,Male,27,5,0,2,1,0,2596444,0
9454,8682267127,Agarwal,680,Jaipur Gramin,Male,27,7,13328997.9,1,1,1,12699220.15,0
9455,8641675250,Saini,752,Jaipur Gramin,Male,52,4,0,2,1,1,10066466.7,0
9456,8840380346,Choudhary,707,Jaipur City,Female,55,4,0,2,1,1,4967591.25,0
9457,8622812400,Aggarwal,647,Jaipur Gramin,Male,39,6,12797245.55,1,1,0,2585204.45,0
9458,8957680545,Gupta,694,Jaipur Gramin,Male,28,2,9276655.2,1,1,1,4999224.85,0
9459,8624509770,Verma,508,Jaipur Gramin,Male,36,8,13459836.7,2,1,0,13200885.05,0
9460,8657617246,Saini,660,Jaipur Gramin,Female,47,9,0,1,1,0,15975206,0
9461,8291180241,Meena,773,Jaipur City,Male,35,7,0,2,1,1,3658111,0
9462,8082765846,Verma,716,Jaipur Gramin,Male,40,4,0,2,0,1,2256178.8,0
9463,8291374715,Jain,840,Jaipur City,Female,46,6,0,2,1,0,14613883.4,0
9464,8389079637,Sharma,677,Jaipur Gramin,Male,24,7,0,1,0,1,3026964.75,0
9465,8180261930,Agarwal,768,Jaipur Gramin,Male,39,9,0,2,1,0,1619014.55,0
9466,8473213393,Verma,882,Jaipur Gramin,Female,56,2,0,2,1,1,3384711.05,0
9467,8759164967,Choudhary,551,Jaipur Gramin,Male,52,2,0,1,1,0,10966155.15,1
9468,8661313838,Jat,691,Jaipur City,Male,36,1,7032006.65,1,1,0,9673860.2,0
9469,8493895336,Khandelwal,616,Jaipur  Urban,Female,45,9,12135045.4,2,1,0,2953720.25,0
9470,8187764910,Meena,736,Jaipur Gramin,Female,25,4,10299702.45,1,1,1,4782863.3,0
9471,8270152678,Singh,781,Jaipur  Urban,Female,28,10,11299231.9,2,1,1,3963589.95,0
9472,8151195155,Maheshwari,508,Jaipur Gramin,Male,22,8,10486829.1,1,1,1,10617060.15,0
9473,8860468684,Aggarwal,810,Jaipur  Urban,Female,74,0,13716577.5,1,1,1,11463944.05,0
9474,8311051456,Maheshwari,610,Jaipur City,Male,45,4,0,2,0,0,3119285.8,1
9475,8166070515,Jain,688,Jaipur Gramin,Male,51,8,6762885.6,2,1,1,14637077.35,0
9476,8194392899,Aggarwal,619,Jaipur Gramin,Male,46,2,0,2,1,0,11656599.1,0
9477,8807401751,Verma,660,Jaipur  Urban,Female,48,7,11749740.4,1,1,0,4895556.3,0
9478,8831262435,Jat,666,Jaipur Gramin,Female,41,5,0,1,0,0,3106580,1
9479,8325006371,Agarwal,818,Jaipur  Urban,Female,53,1,6933539.25,1,1,0,15551639.1,1
9480,8231242284,Singh,817,Jaipur City,Male,35,1,0,2,0,0,3580021.5,0
9481,8849531777,Jain,592,Jaipur Gramin,Female,33,0,8153798.4,1,1,0,16955634.25,0
9482,8570340891,Saini,486,Jaipur City,Male,35,8,9939270.15,1,1,0,7742891.4,0
9483,8353189017,Gupta,728,Jaipur Gramin,Male,40,1,0,2,1,0,1197684,1
9484,8675484694,Agarwal,710,Jaipur Gramin,Female,36,3,6761845.2,1,0,1,15152700.95,0
9485,8722688718,Saini,856,Jaipur  Urban,Male,30,1,9895439.9,1,0,1,7293698.7,0
9486,8613114787,Gupta,900,Jaipur City,Male,37,4,7491993.5,1,1,0,9321025.2,0
9487,8254699610,Jat,784,Jaipur Gramin,Male,32,6,15106976.05,1,1,1,13739576.8,0
9488,8155900293,Gupta,900,Jaipur City,Female,32,5,0,1,1,1,325600.15,0
9489,8804925346,Khandelwal,685,Jaipur City,Male,32,6,10532586.3,2,1,1,12464097.4,0
9490,8106241382,Agarwal,829,Jaipur Gramin,Female,33,3,0,1,1,1,12275183.2,1
9491,8851376677,Jain,629,Jaipur Gramin,Male,80,3,0,1,1,1,5593122.4,0
9492,8986860450,Khandelwal,659,Jaipur Gramin,Female,35,4,9206047.4,1,1,1,16361330.4,0
9493,8433902819,Paliwal,758,Jaipur  Urban,Female,48,4,8751822.7,1,1,0,10272492.25,1
9494,8332330333,Choudhary,677,Jaipur Gramin,Female,36,0,8797688.7,1,1,1,12426304.7,0
9495,8881635124,Verma,827,Jaipur  Urban,Male,43,8,10170627.4,2,0,1,12615040.4,1
9496,8132906984,Saini,696,Jaipur Gramin,Male,33,10,15620319.95,1,1,0,13950144.75,0
9497,8184278781,Choudhary,721,Jaipur Gramin,Male,37,1,0,2,1,0,13893891.75,0
9498,8388477989,Saini,701,Jaipur Gramin,Female,25,1,0,2,0,1,12323169.95,0
9499,8412793564,Jain,583,Jaipur Gramin,Female,52,6,11976582.45,1,1,1,5719555.65,0
9500,8316150259,Verma,506,Jaipur  Urban,Female,25,5,7994243.2,2,1,0,8777865,0
9501,8380779562,Paliwal,767,Jaipur City,Female,27,8,8408744,1,1,1,9092448.3,0
9502,8416279398,Rathore,882,Jaipur  Urban,Male,18,2,12144150.6,1,1,1,9998773.55,0
9503,8444857969,Gupta,828,Jaipur City,Male,29,3,3914926.6,2,1,1,16131101.1,0
9504,8542834435,Jat,685,Jaipur Gramin,Female,48,6,10180430.45,1,0,1,5612775.25,0
9505,8376793604,Rathore,552,Jaipur Gramin,Female,44,5,12175822.45,1,1,0,8386207.95,0
9506,8200235075,Rathore,661,Jaipur Gramin,Male,28,10,6762853.3,1,1,1,6348426.45,0
9507,8656058083,Aggarwal,698,Jaipur Gramin,Male,69,6,0,2,0,1,12716355.3,0
9508,8598919290,Sharma,850,Jaipur Gramin,Male,41,0,0,1,1,1,6790546.3,0
9509,8356169388,Agarwal,653,Jaipur City,Male,26,8,8216069.4,2,1,1,11795933.65,0
9510,8608920728,Choudhary,706,Jaipur Gramin,Male,29,1,0,2,1,0,13149123.45,0
9511,8731663309,Choudhary,620,Jaipur Gramin,Female,26,2,14105579.15,2,0,1,14350922.3,0
9512,8953213706,Choudhary,766,Jaipur Gramin,Male,33,4,7877485.5,1,1,0,8994498.55,0
9513,8678134945,Khandelwal,676,Jaipur Gramin,Male,45,5,7071585.2,1,1,1,4137978.5,0
9514,8687049941,Jain,498,Jaipur Gramin,Male,48,5,10997974.9,1,0,1,12576252.35,1
9515,8486143885,Choudhary,894,Jaipur Gramin,Female,28,9,0,2,1,1,4775808.3,0
9516,8159567767,Jain,647,Jaipur City,Male,38,9,11069816.9,1,1,1,6958193.5,0
9517,8595523002,Agarwal,548,Jaipur Gramin,Female,32,3,10497715.05,1,1,1,5935278,0
9518,8003156390,Rathore,532,Jaipur  Urban,Male,37,8,11975995.1,2,1,1,10035031.15,0
9519,8785839641,Paliwal,582,Jaipur  Urban,Male,44,7,13928768.1,1,1,1,9548323.7,0
9520,8884532138,Agarwal,612,Jaipur Gramin,Female,27,2,0,2,1,0,1236474.6,0
9521,8619057955,Choudhary,752,Jaipur  Urban,Female,18,2,7974419.5,2,1,0,10724629.35,0
9522,8405565350,Sharma,528,Jaipur City,Female,40,8,0,2,1,0,302600,0
9523,8312458940,Meena,382,Jaipur Gramin,Male,35,7,0,2,1,1,7554642.75,0
9524,8832112527,Verma,672,Jaipur Gramin,Female,32,0,9746855.65,1,1,0,7191425,0
9525,8777642617,Choudhary,900,Jaipur  Urban,Male,38,5,12474317.8,1,1,0,6652831.85,0
9526,8041067749,Jat,622,Jaipur Gramin,Female,46,6,12768165.35,1,1,0,10256819.1,1
9527,8530162746,Meena,650,Jaipur  Urban,Male,18,5,9450600.05,2,0,1,855418.75,0
9528,8442312799,Agarwal,900,Jaipur Gramin,Female,40,9,8484399.1,1,1,1,13939121.1,1
9529,8402212101,Jat,767,Jaipur Gramin,Male,34,9,0,1,1,0,5149668.05,0
9530,8957161825,Jat,490,Jaipur Gramin,Female,41,5,0,2,1,1,8004521.4,0
9531,8661495095,Saini,680,Jaipur Gramin,Male,41,6,0,2,0,0,14210450.45,0
9532,8071537799,Jat,769,Jaipur Gramin,Female,60,5,0,1,1,1,3307733.35,0
9533,8065095517,Choudhary,590,Jaipur Gramin,Male,29,7,0,2,1,1,7751716.95,0
9534,8928114458,Saini,661,Jaipur  Urban,Female,45,6,7370695.1,1,1,0,7298940.65,1
9535,8023237574,Aggarwal,808,Jaipur City,Male,52,2,0,2,1,0,4873712.15,0
9536,8619584410,Paliwal,900,Jaipur City,Male,41,8,11291235.95,1,1,1,14904518.8,0
9537,8487598552,Rathore,540,Jaipur  Urban,Female,42,10,10940121.35,1,1,0,5362875.25,1
9538,8760561271,Jat,820,Jaipur Gramin,Male,40,6,0,2,1,0,9328116.75,0
9539,8837679533,Sharma,812,Jaipur Gramin,Male,29,2,0,2,1,0,10581639.8,0
9540,8970583976,Singh,671,Jaipur Gramin,Male,29,6,10471330.2,1,1,1,4842569.85,1
9541,8207326158,Verma,752,Jaipur  Urban,Male,46,3,9796089.35,4,1,0,11113920.85,1
9542,8004390741,Jat,604,Jaipur Gramin,Male,38,8,5045665.45,1,1,1,16273850.1,0
9543,8983127185,Jain,653,Jaipur City,Male,37,9,0,2,1,1,8197643.1,0
9544,8430278155,Aggarwal,656,Jaipur Gramin,Female,35,6,9576839.5,1,0,1,10419664.65,0
9545,8869693526,Gupta,658,Jaipur  Urban,Female,37,7,11772798.35,2,1,0,4863347.25,0
9546,8146288562,Jain,745,Jaipur City,Male,57,1,0,1,1,1,16654981.6,0
9547,8364941420,Agarwal,509,Jaipur Gramin,Male,29,7,0,2,1,1,8963142.9,0
9548,8560700838,Singh,631,Jaipur Gramin,Female,34,3,0,2,1,1,3218974.65,0
9549,8656704856,Agarwal,563,Jaipur Gramin,Male,43,7,0,2,1,0,4465458.85,0
9550,8331787529,Paliwal,574,Jaipur City,Male,36,1,13367775.75,2,1,0,12030321.15,0
9551,8276678365,Aggarwal,803,Jaipur Gramin,Female,40,9,11379039.25,1,1,1,4298281.7,0
9552,8170671689,Gupta,713,Jaipur  Urban,Male,31,4,12069087.95,2,1,0,2219929.7,0
9553,8898331617,Agarwal,677,Jaipur Gramin,Female,41,5,0,1,1,1,12924618.05,0
9554,8083797485,Agarwal,655,Jaipur Gramin,Male,38,7,0,2,1,0,129914,0
9555,8007681356,Agarwal,815,Jaipur Gramin,Female,29,3,3942993.6,3,1,0,10874837.1,1
9556,8622138165,Aggarwal,818,Jaipur  Urban,Female,72,5,12636694.15,1,1,0,221480.25,1
9557,8516771228,Singh,803,Jaipur  Urban,Male,34,7,9783627.5,1,0,0,4916560.65,1
9558,8350170725,Rathore,666,Jaipur  Urban,Male,67,6,12610887.3,1,1,1,15894589.45,0
9559,8086913960,Verma,628,Jaipur City,Male,46,4,0,1,1,0,471674.35,1
9560,8722471916,Aggarwal,726,Jaipur City,Female,39,8,12248697.2,1,1,1,993000.6,0
9561,8103049864,Gupta,703,Jaipur Gramin,Male,41,5,10954520.35,3,1,1,9089843.9,1
9562,8750035134,Jat,694,Jaipur  Urban,Male,36,6,10068092.75,2,1,0,4519621.7,0
9563,8021723084,Paliwal,766,Jaipur Gramin,Male,39,5,0,2,1,1,9723063.3,0
9564,8906118052,Rathore,724,Jaipur Gramin,Male,28,9,0,2,0,1,182849.45,0
9565,8108449933,Khandelwal,545,Jaipur City,Male,42,1,0,2,0,1,15596896.5,0
9566,8088012644,Maheshwari,578,Jaipur Gramin,Female,38,9,11558215.85,4,1,1,6509550.75,1
9567,8962206792,Rathore,653,Jaipur Gramin,Male,37,6,9968103,2,1,0,8858526.6,1
9568,8072186695,Jat,749,Jaipur Gramin,Male,29,4,0,1,1,0,763533.75,0
9569,8693439654,Sharma,592,Jaipur Gramin,Male,33,1,0,2,0,0,848674,0
9570,8086812839,Saini,732,Jaipur City,Female,30,10,0,2,1,0,1657508.5,0
9571,8694551093,Verma,637,Jaipur Gramin,Male,35,8,10982466.65,1,1,1,6727440.6,0
9572,8841962754,Verma,767,Jaipur City,Female,41,8,0,1,1,0,16294055.45,1
9573,8510596534,Maheshwari,653,Jaipur City,Male,18,7,0,1,0,1,5069845.4,1
9574,8825245687,Sharma,662,Jaipur  Urban,Male,35,7,8841320.9,2,1,1,4692669.8,0
9575,8747136110,Saini,545,Jaipur City,Male,37,3,0,2,1,0,14125070.5,0
9576,8769311463,Verma,460,Jaipur Gramin,Female,30,9,0,2,0,0,11590342.45,0
9577,8474735264,Gupta,683,Jaipur  Urban,Female,42,1,8829238.15,1,1,0,12631979.2,0
9578,8443493215,Meena,889,Jaipur  Urban,Female,52,3,9552557.55,1,1,0,7268891.45,1
9579,8208288582,Meena,674,Jaipur Gramin,Male,34,2,10007202.15,2,0,1,4685267.15,0
9580,8223715858,Verma,865,Jaipur  Urban,Male,45,0,11545323.05,2,1,1,11201179.3,0
9581,8103240993,Khandelwal,820,Jaipur Gramin,Male,38,9,9701489.45,1,1,0,13027948.3,0
9582,8799042509,Choudhary,900,Jaipur Gramin,Female,28,9,0,2,1,1,14013496.95,0
9583,8309666353,Verma,551,Jaipur Gramin,Male,62,6,10094312.7,1,1,1,1731252.8,0
9584,8528913917,Paliwal,602,Jaipur City,Male,34,8,8362531.2,1,1,0,3361070,0
9585,8442439854,Paliwal,556,Jaipur  Urban,Male,41,2,8544278.2,1,1,1,1650088,1
9586,8388923693,Jat,714,Jaipur City,Female,35,7,6787941.05,2,1,1,10878101.1,0
9587,8240209591,Jat,535,Jaipur Gramin,Female,20,6,0,1,0,1,1743252.25,0
9588,8784453816,Khandelwal,743,Jaipur  Urban,Female,76,10,8079444.65,1,1,0,14980813.95,0
9589,8567844178,Paliwal,527,Jaipur  Urban,Male,42,1,15106926.75,1,1,0,8926158.55,0
9590,8894902781,Jain,638,Jaipur Gramin,Male,71,3,7064917.8,1,1,1,2345809.6,0
9591,8918756146,Saini,806,Jaipur  Urban,Male,34,7,9483102.35,1,1,1,10291224.55,0
9592,8909546805,Agarwal,730,Jaipur City,Male,40,8,7056335.35,1,1,0,8592629.6,0
9593,8796442106,Rathore,682,Jaipur  Urban,Female,28,1,10583435.85,1,0,0,9711945.3,0
9594,8688682329,Gupta,766,Jaipur Gramin,Female,67,1,11105464.2,1,0,1,1934789.55,0
9595,8191765584,Sharma,822,Jaipur Gramin,Male,55,5,0,2,1,1,595735.25,0
9596,8329600373,Singh,596,Jaipur Gramin,Male,61,5,0,2,1,1,6910429.45,0
9597,8214829211,Verma,517,Jaipur Gramin,Male,37,7,10357628.25,1,1,0,12539314.75,0
9598,8895781295,Agarwal,491,Jaipur Gramin,Male,26,10,0,2,1,1,525115.55,0
9599,8452847091,Agarwal,490,Jaipur Gramin,Male,35,1,7385928.8,1,0,0,5046859.7,0
9600,8006498450,Gupta,779,Jaipur  Urban,Female,32,7,6759466.05,1,0,1,13400090.2,0
9601,8836108722,Sharma,625,Jaipur  Urban,Female,55,7,11137869.6,1,0,1,6433275.15,1
9602,8010024454,Maheshwari,671,Jaipur Gramin,Female,33,7,7644867.7,1,1,0,11605907.65,0
9603,8083689116,Khandelwal,641,Jaipur  Urban,Female,59,3,8136799.25,1,0,0,8324849,1
9604,8707373046,Jat,690,Jaipur Gramin,Male,39,7,0,2,0,1,3082712.85,0
9605,8353656900,Aggarwal,804,Jaipur Gramin,Male,31,3,13179042.6,2,1,1,15815468.9,0
9606,8212375133,Gupta,763,Jaipur Gramin,Female,29,9,0,2,0,0,14972979.5,0
9607,8457525104,Agarwal,509,Jaipur Gramin,Male,44,10,10078367.55,2,0,0,6979962,0
9608,8424139626,Meena,689,Jaipur Gramin,Male,28,5,0,1,1,1,12913646.25,0
9609,8445517687,Verma,720,Jaipur City,Male,44,9,0,2,1,0,12094450.25,0
9610,8042776761,Saini,769,Jaipur Gramin,Female,35,1,0,2,1,0,3107391.75,0
9611,8368978823,Paliwal,426,Jaipur Gramin,Male,40,1,0,3,0,1,11047903.9,0
9612,8803642025,Meena,610,Jaipur City,Male,37,2,11089186.7,1,1,0,1867207.75,0
9613,8277256395,Agarwal,811,Jaipur Gramin,Male,36,1,0,2,1,0,4545609.6,0
9614,8548123177,Rathore,642,Jaipur Gramin,Male,33,1,0,3,0,0,15135723.05,1
9615,8144332812,Singh,775,Jaipur Gramin,Female,37,4,0,2,0,1,14538362.6,0
9616,8308578969,Choudhary,710,Jaipur City,Female,47,3,0,2,1,0,12818204.85,1
9617,8606303505,Sharma,700,Jaipur City,Male,35,9,5199623.4,1,0,0,7050845.2,0
9618,8109860914,Jain,589,Jaipur  Urban,Female,35,2,7666518.9,2,1,0,4850488.45,0
9619,8038679027,Jat,577,Jaipur Gramin,Female,24,3,8118197,1,1,1,3889175,0
9620,8200612208,Verma,701,Jaipur  Urban,Male,35,3,8497259.6,1,1,1,15034976.8,0
9621,8430100111,Saini,553,Jaipur City,Male,37,4,8624974.65,1,0,1,7551241.9,0
9622,8591538532,Aggarwal,742,Jaipur  Urban,Female,33,4,5995990.1,1,0,0,7530388,0
9623,8905935874,Jat,588,Jaipur Gramin,Male,31,8,9537986.85,1,1,0,2232220.7,0
9624,8481750269,Verma,568,Jaipur Gramin,Female,47,8,13136238.3,1,1,0,2514872.05,0
9625,8231099866,Aggarwal,300,Jaipur Gramin,Female,40,0,9443402.25,1,1,1,14647302.85,1
9626,8715307854,Saini,485,Jaipur  Urban,Female,44,0,11209210.95,2,1,1,13433121.2,1
9627,8040728057,Agarwal,856,Jaipur City,Male,27,1,11668405.6,1,0,1,9837318.6,0
9628,8122964223,Paliwal,649,Jaipur City,Male,31,3,13031871.9,1,1,0,5093879.15,0
9629,8387047084,Choudhary,674,Jaipur Gramin,Female,22,9,0,2,1,1,3772100.25,0
9630,8912952469,Khandelwal,476,Jaipur City,Male,44,2,10306253.4,1,0,1,6773769,0
9631,8206337511,Meena,739,Jaipur Gramin,Male,31,8,9314133.4,2,1,1,4377798.35,0
9632,8435441942,Khandelwal,511,Jaipur Gramin,Female,37,5,4553720.3,1,1,0,5340632.45,0
9633,8150602810,Meena,792,Jaipur  Urban,Female,34,6,4930289.85,1,1,0,7679418.5,0
9634,8170631613,Agarwal,683,Jaipur Gramin,Female,31,6,9605056.1,1,1,0,3439764.7,0
9635,8160004208,Jat,666,Jaipur Gramin,Male,27,10,0,2,1,0,4387779.9,0
9636,8924365635,Singh,536,Jaipur Gramin,Female,49,2,0,1,0,0,5564689.05,1
9637,8113160946,Agarwal,658,Jaipur  Urban,Female,40,5,11897760.25,1,1,1,56751.1,1
9638,8283162421,Agarwal,828,Jaipur Gramin,Female,31,2,12859663.6,1,1,1,14657155.2,0
9639,8136680936,Maheshwari,773,Jaipur  Urban,Female,50,1,10327339.35,2,0,1,9015224.95,1
9640,8292099478,Jain,793,Jaipur City,Female,32,4,8798808.15,2,1,1,15097902.3,0
9641,8266828142,Verma,780,Jaipur Gramin,Female,35,3,0,1,1,0,16279242.5,0
9642,8198857787,Singh,696,Jaipur Gramin,Male,34,9,0,2,1,1,8133361,0
9643,8071113032,Jain,725,Jaipur City,Male,38,6,9068459.6,1,1,0,14771002.5,0
9644,8780536535,Jain,505,Jaipur Gramin,Female,41,2,0,2,1,1,9612601.55,0
9645,8941506004,Verma,422,Jaipur Gramin,Female,35,8,0,2,1,1,12717258.85,0
9646,8871870184,Khandelwal,714,Jaipur Gramin,Female,31,5,9017582,1,0,0,8460702.8,0
9647,8565701613,Saini,900,Jaipur City,Male,71,10,5916691.9,1,1,0,8320939,1
9648,8055330358,Choudhary,630,Jaipur Gramin,Male,31,5,0,2,0,1,7655.95,0
9649,8599414644,Jain,610,Jaipur  Urban,Female,40,7,8177197.2,1,0,0,13698162.25,0
9650,8914963151,Verma,738,Jaipur Gramin,Female,38,0,0,2,1,1,28288.85,0
9651,8288611390,Maheshwari,881,Jaipur City,Male,33,5,0,2,1,0,5634240.3,0
9652,8100944055,Saini,443,Jaipur Gramin,Male,33,1,10864574.2,1,1,0,13895563.7,0
9653,8013538302,Rathore,456,Jaipur Gramin,Female,40,7,0,1,1,0,14478276.95,1
9654,8522213686,Agarwal,512,Jaipur  Urban,Male,58,3,11672065.7,1,1,1,10722321.6,0
9655,8248815384,Agarwal,881,Jaipur City,Male,34,5,0,2,0,0,4542153.5,0
9656,8240764441,Jat,580,Jaipur Gramin,Female,40,4,4740993.15,2,1,0,2288236.55,0
9657,8717828272,Jain,715,Jaipur  Urban,Male,32,4,7175837.7,1,0,1,4446750.35,0
9658,8330616382,Rathore,607,Jaipur Gramin,Male,32,5,7068740.25,1,1,1,9935275.15,0
9659,8852467116,Jat,736,Jaipur Gramin,Female,39,10,0,2,1,1,10732437.45,0
9660,8826743880,Paliwal,865,Jaipur  Urban,Male,42,3,7463619.65,2,1,1,5492173.85,0
9661,8129962830,Jain,540,Jaipur Gramin,Female,30,4,0,2,1,0,7583384.65,0
9662,8631131302,Aggarwal,690,Jaipur Gramin,Female,39,6,0,2,0,0,7090627.75,0
9663,8344077536,Maheshwari,778,Jaipur City,Male,39,3,0,2,1,1,10539874.2,0
9664,8310515268,Saini,607,Jaipur  Urban,Male,40,9,8099978.1,2,0,1,8243774.3,0
9665,8516593591,Khandelwal,751,Jaipur  Urban,Male,30,7,7892045.15,1,1,0,12423095.1,0
9666,8248260616,Saini,536,Jaipur Gramin,Male,30,6,0,2,1,1,1570108.1,0
9667,8189837547,Singh,790,Jaipur City,Male,35,5,0,2,1,0,8075816,0
9668,8477971141,Agarwal,595,Jaipur Gramin,Male,37,2,0,1,0,1,10299948.1,0
9669,8961669804,Gupta,744,Jaipur City,Male,34,3,0,2,1,1,6549061.3,0
9670,8884491033,Khandelwal,689,Jaipur Gramin,Male,37,3,0,1,1,0,13434241.5,0
9671,8821447707,Aggarwal,787,Jaipur Gramin,Female,32,4,0,2,1,0,12498421.25,0
9672,8146844455,Saini,659,Jaipur  Urban,Male,78,4,5809398.1,2,1,1,12118173.75,0
9673,8425711502,Paliwal,616,Jaipur  Urban,Male,28,7,6515794,2,1,1,15766075.4,0
9674,8768382597,Verma,652,Jaipur Gramin,Male,62,9,0,2,0,0,13249019.7,0
9675,8530684453,Maheshwari,600,Jaipur Gramin,Male,31,8,0,2,1,1,10332218.35,0
9676,8384888003,Agarwal,762,Jaipur City,Male,39,1,5131873.3,1,1,0,3419017.9,0
9677,8782849226,Jat,582,Jaipur Gramin,Female,34,1,0,1,1,1,6417806,0
9678,8543580244,Maheshwari,749,Jaipur  Urban,Male,33,4,7483984.8,1,0,1,15890111.65,1
9679,8699062079,Rathore,642,Jaipur City,Male,29,2,0,2,0,0,9959773,0
9680,8329174045,Jat,446,Jaipur Gramin,Male,19,9,0,2,1,0,293539,0
9681,8061184465,Jain,588,Jaipur Gramin,Male,36,1,0,2,1,0,4154531.4,0
9682,8492872802,Meena,661,Jaipur City,Female,63,8,11047336.95,1,1,1,1005595.05,0
9683,8354566018,Maheshwari,703,Jaipur  Urban,Female,39,4,13407186,2,1,0,13839751,0
9684,8839488701,Maheshwari,607,Jaipur Gramin,Male,32,6,0,2,0,1,3105953.55,0
9685,8304971787,Gupta,817,Jaipur Gramin,Male,33,3,7588500.8,1,1,0,591515,0
9686,8919428698,Saini,592,Jaipur Gramin,Male,45,4,11800141.15,1,0,0,920446.3,0
9687,8610366452,Choudhary,832,Jaipur Gramin,Male,63,4,8817032.15,2,1,1,6823125.1,0
9688,8504904733,Sharma,829,Jaipur Gramin,Female,31,10,6417435.4,1,1,0,1885651.9,0
9689,8132212436,Gupta,900,Jaipur Gramin,Male,68,5,14402859,1,1,1,15838480.95,0
9690,8185232421,Singh,718,Jaipur Gramin,Female,57,9,9465561.75,2,1,0,8985775.85,0
9691,8317614651,Jain,895,Jaipur Gramin,Female,34,10,12103031.85,2,0,1,5813459.4,1
9692,8037770533,Agarwal,798,Jaipur Gramin,Male,42,4,10481468.15,2,1,1,7043808.9,0
9693,8444446055,Khandelwal,569,Jaipur City,Male,52,7,9820264.2,1,1,0,16681901.95,0
9694,8872355470,Saini,620,Jaipur  Urban,Female,51,10,14218265.35,1,0,0,7942378.75,1
9695,8636320657,Rathore,577,Jaipur Gramin,Male,25,5,6620355.05,2,1,0,12777156.65,0
9696,8232505523,Khandelwal,732,Jaipur  Urban,Male,37,6,11542628.55,1,0,1,3954506,0
9697,8224985884,Saini,540,Jaipur Gramin,Male,32,8,8288695.95,1,1,1,16926801.4,0
9698,8415997039,Khandelwal,520,Jaipur  Urban,Male,51,6,10841372.6,2,0,0,6762516.7,1
9699,8196308709,Khandelwal,815,Jaipur Gramin,Male,49,9,9023631.45,1,0,0,9935978.95,0
9700,8763819451,Sharma,796,Jaipur Gramin,Female,23,2,0,2,1,0,13088639.15,0
9701,8368450580,Singh,556,Jaipur City,Female,36,4,12212839.95,2,1,1,5400151.15,0
9702,8346315920,Rathore,694,Jaipur City,Male,38,3,10581100.05,1,1,0,10731531.35,0
9703,8013633512,Jat,653,Jaipur City,Female,31,5,7310535.5,1,1,1,6283450.75,0
9704,8387915250,Khandelwal,698,Jaipur  Urban,Female,43,7,9442994.25,2,1,1,5497740.5,0
9705,8900107409,Rathore,630,Jaipur Gramin,Male,22,9,0,2,1,0,13351197.35,0
9706,8269097400,Singh,760,Jaipur City,Male,36,1,0,2,0,1,9212114.7,0
9707,8395666294,Paliwal,494,Jaipur Gramin,Female,30,6,0,2,1,0,7550321.35,0
9708,8983722404,Khandelwal,650,Jaipur Gramin,Female,41,7,9789595.35,1,1,1,3202329.95,0
9709,8298577211,Maheshwari,764,Jaipur  Urban,Female,22,10,9481177.1,2,0,0,9037867.25,0
9710,8449057957,Gupta,570,Jaipur Gramin,Female,57,8,11724639.9,1,1,1,7180386.05,0
9711,8323417739,Jat,532,Jaipur  Urban,Female,37,3,10395895.25,2,0,0,2889889.5,0
9712,8483138762,Maheshwari,505,Jaipur  Urban,Male,41,8,10249855.9,1,0,1,1741747.75,0
9713,8285230575,Saini,644,Jaipur Gramin,Male,32,3,0,2,1,1,16815300.1,0
9714,8733838960,Agarwal,737,Jaipur Gramin,Male,40,9,3954258.65,1,1,1,8218416.25,0
9715,8074209747,Aggarwal,751,Jaipur City,Female,56,2,8965267.9,1,1,1,3913799.5,0
9716,8262511304,Jain,696,Jaipur City,Female,34,7,0,2,1,0,8410737.25,0
9717,8667322752,Jain,854,Jaipur  Urban,Male,39,5,9837110.35,3,1,1,15775943.9,1
9718,8303651129,Agarwal,788,Jaipur City,Male,30,3,12358701.65,1,0,1,16858997.75,0
9719,8684921602,Saini,732,Jaipur City,Male,62,3,11141665.7,2,1,0,10144644.6,1
9720,8681981182,Sharma,499,Jaipur  Urban,Female,47,9,10905392.9,1,0,0,12717204.45,1
9721,8872190910,Jain,844,Jaipur Gramin,Female,40,6,14069770.35,1,1,0,1047886.8,0
9722,8528851860,Aggarwal,552,Jaipur Gramin,Female,38,5,7115724.85,1,1,1,2825907.45,0
9723,8495765526,Jain,695,Jaipur Gramin,Female,36,3,0,2,1,1,190689.85,0
9724,8199722741,Saini,511,Jaipur Gramin,Male,32,7,10670904.25,1,0,0,7376844.85,0
9725,8907370834,Choudhary,462,Jaipur Gramin,Male,41,2,8521654.6,2,1,1,1080066.95,0
9726,8684115436,Gupta,630,Jaipur Gramin,Female,36,3,0,2,1,0,3510083.5,1
9727,8566864694,Choudhary,808,Jaipur City,Male,43,7,11742798.45,1,1,1,15075358.6,0
9728,8796241406,Jain,516,Jaipur Gramin,Female,45,1,0,1,0,1,16206430.65,1
9729,8187234669,Jat,619,Jaipur  Urban,Female,43,7,8158657.85,1,0,1,9797315.9,1
9730,8652399987,Meena,661,Jaipur Gramin,Male,23,10,0,2,1,1,14458434.55,0
9731,8936240018,Saini,583,Jaipur  Urban,Male,38,2,11632965.7,1,0,1,16077234.9,0
9732,8325211965,Verma,608,Jaipur  Urban,Male,29,7,8721765,1,1,0,13876882.4,0
9733,8546717270,Paliwal,749,Jaipur City,Male,39,3,0,2,0,1,8122838.85,0
9734,8358141146,Verma,760,Jaipur Gramin,Male,64,3,0,2,1,1,6398173.55,0
9735,8642142682,Khandelwal,680,Jaipur  Urban,Male,70,3,6575338.2,2,1,1,1774966.6,0
9736,8313754979,Rathore,720,Jaipur Gramin,Female,32,8,9428467.75,2,1,1,13756893.85,1
9737,8042477003,Agarwal,671,Jaipur City,Male,78,2,12892430.25,1,0,1,4248186.95,0
9738,8550591990,Khandelwal,732,Jaipur City,Male,22,8,0,3,1,0,9119897.35,0
9739,8450209818,Agarwal,792,Jaipur Gramin,Male,37,7,0,1,0,0,2793375.4,1
9740,8902069165,Paliwal,692,Jaipur Gramin,Female,25,3,0,2,1,0,15266761.6,0
9741,8465107745,Singh,838,Jaipur  Urban,Female,29,8,6817349.35,2,1,0,5968973.7,0
9742,8086000416,Agarwal,790,Jaipur Gramin,Male,35,7,0,2,1,0,6625906.4,0
9743,8256686939,Choudhary,738,Jaipur Gramin,Male,45,4,0,2,1,1,4678734.05,0
9744,8300573918,Gupta,782,Jaipur  Urban,Male,32,9,9824936.65,2,0,1,8642584.1,0
9745,8950465375,Saini,583,Jaipur  Urban,Male,46,8,9092361.6,1,1,1,6746193.3,1
9746,8363014833,Sharma,862,Jaipur Gramin,Male,36,4,0,2,1,1,683147.55,0
9747,8506205331,Rathore,468,Jaipur  Urban,Female,41,0,11871018.4,1,1,1,14981600.2,0
9748,8037932455,Jat,612,Jaipur  Urban,Female,69,5,7313247.85,3,0,0,16383160.1,1
9749,8894431970,Aggarwal,632,Jaipur  Urban,Male,24,5,8735722,2,1,0,4827406.7,1
9750,8817689950,Jat,520,Jaipur Gramin,Female,35,8,0,2,1,1,15971510.2,0
9751,8390892729,Saini,730,Jaipur Gramin,Female,51,8,6014105.3,1,1,1,7898203.4,1
9752,8820107678,Meena,697,Jaipur Gramin,Male,59,4,10436428.35,1,0,1,11914190.75,0
9753,8992292645,Agarwal,708,Jaipur Gramin,Male,21,8,0,2,1,1,13241545.65,0
9754,8090833877,Singh,667,Jaipur  Urban,Male,68,7,13051334.35,1,1,1,15858847.8,0
9755,8200059308,Aggarwal,688,Jaipur City,Male,40,1,10338483.7,1,1,1,276981,0
9756,8880954248,Maheshwari,847,Jaipur  Urban,Male,36,8,14278569.45,2,1,1,9070713.8,0
9757,8106587123,Choudhary,658,Jaipur City,Female,43,7,6898074.7,1,1,1,12285292.25,1
9758,8430779784,Maheshwari,481,Jaipur Gramin,Male,35,6,8479671.4,1,1,1,1155279.2,0
9759,8188705470,Saini,547,Jaipur  Urban,Female,43,4,10700711.2,1,1,1,6362672.45,0
9760,8790579278,Khandelwal,632,Jaipur Gramin,Female,27,2,0,2,1,0,10663335.85,0
9761,8609211084,Meena,662,Jaipur Gramin,Male,31,2,10127626.75,1,0,0,12727918.7,0
9762,8766746495,Choudhary,848,Jaipur  Urban,Female,60,1,6200629.3,2,1,1,1475205.6,0
9763,8257871637,Meena,730,Jaipur  Urban,Male,21,8,11387820.6,2,1,0,4274997.65,0
9764,8387831567,Agarwal,623,Jaipur Gramin,Male,27,1,13131138.3,1,1,0,13293552.9,0
9765,8006638111,Jain,601,Jaipur Gramin,Male,40,10,8383306.05,2,0,0,6628103.65,0
9766,8558376385,Choudhary,414,Jaipur Gramin,Male,64,2,11625506.95,1,0,1,3712635.1,0
9767,8401238489,Gupta,840,Jaipur  Urban,Male,39,4,8096481.2,1,1,0,1182038.9,0
9768,8409822349,Maheshwari,545,Jaipur Gramin,Male,33,3,9980185.75,1,1,1,1085172.9,0
9769,8901303546,Verma,737,Jaipur  Urban,Male,54,4,11728859.3,2,0,1,4361225.9,1
9770,8201005349,Jat,667,Jaipur Gramin,Male,44,10,12203579.2,1,0,0,10832751.9,0
9771,8824599137,Gupta,504,Jaipur Gramin,Male,49,5,10301799.4,1,1,0,6169073.05,1
9772,8447817863,Aggarwal,456,Jaipur City,Male,39,5,10338286.5,1,1,1,7007241.05,0
9773,8965831139,Rathore,672,Jaipur  Urban,Male,30,1,7177408.5,2,1,1,5141308.3,0
9774,8669808404,Jain,518,Jaipur Gramin,Male,36,4,0,2,1,1,11287896.3,0
9775,8092534071,Verma,695,Jaipur Gramin,Male,42,1,0,2,0,0,6104967.75,0
9776,8648383277,Gupta,816,Jaipur Gramin,Female,26,3,11930319.5,1,1,0,9957252.75,0
9777,8855814698,Saini,776,Jaipur Gramin,Male,29,7,0,2,1,1,12045046.55,0
9778,8972736119,Meena,726,Jaipur Gramin,Female,39,3,7839087.6,1,1,1,4633966.25,0
9779,8656328411,Aggarwal,758,Jaipur Gramin,Female,43,9,0,2,1,0,15567509.45,0
9780,8652140589,Khandelwal,498,Jaipur City,Male,40,10,10315259.15,1,1,0,11760624.65,0
9781,8455894251,Saini,859,Jaipur  Urban,Female,40,9,9265277.1,1,1,1,6764347.6,0
9782,8547058735,Verma,649,Jaipur Gramin,Female,48,3,12524021.55,1,1,1,13383981.85,1
9783,8159480005,Singh,491,Jaipur Gramin,Male,18,7,8753632.35,1,1,0,14600499.3,0
9784,8316643411,Meena,601,Jaipur  Urban,Female,49,4,8181503.3,2,1,0,8862424.7,0
9785,8789107230,Paliwal,512,Jaipur Gramin,Male,39,4,0,2,1,0,14210560.95,1
9786,8686501024,Maheshwari,426,Jaipur Gramin,Female,27,5,13249722.65,2,0,0,6015872.45,0
9787,8553395627,Aggarwal,844,Jaipur  Urban,Male,34,4,12148978.6,2,1,1,9763912.6,0
9788,8620120583,Rathore,544,Jaipur Gramin,Male,32,7,5446977.65,1,0,1,9278564.3,0
9789,8954689480,Verma,749,Jaipur Gramin,Female,28,5,0,1,1,0,5044892.8,0
9790,8042351489,Aggarwal,612,Jaipur Gramin,Female,45,1,0,2,1,1,16970884.1,0
9791,8231224208,Paliwal,551,Jaipur City,Female,39,2,0,2,1,1,10297843.5,0
9792,8763939891,Gupta,870,Jaipur  Urban,Female,35,6,10058640.75,1,1,0,2239098.05,1
9793,8127882284,Khandelwal,863,Jaipur City,Female,28,8,14301522.85,1,1,1,8737926.9,0
9794,8975644964,Aggarwal,806,Jaipur  Urban,Female,42,0,8668228.6,1,1,0,7728920.8,0
9795,8308108201,Maheshwari,702,Jaipur City,Male,23,5,14016706.55,1,0,0,11997943.8,0
9796,8691688235,Khandelwal,487,Jaipur Gramin,Male,43,2,0,2,1,0,8973331,0
9797,8322217424,Verma,650,Jaipur  Urban,Male,22,10,9504064.2,2,1,1,15558864.1,0
9798,8305035124,Maheshwari,632,Jaipur City,Male,40,10,0,2,1,1,16557355.7,0
9799,8625567269,Jain,600,Jaipur  Urban,Male,30,2,10179175,1,1,1,1857497.35,0
9800,8966153058,Agarwal,664,Jaipur Gramin,Male,46,0,10162268.5,1,1,0,6651261.05,1
9801,8226240891,Jain,794,Jaipur City,Female,35,3,10144723.65,3,1,1,4004705.3,1
9802,8549034990,Gupta,563,Jaipur City,Female,30,3,11859899.55,1,1,1,2824581.45,0
9803,8599262950,Saini,787,Jaipur Gramin,Male,40,1,8055714.35,1,1,0,9713768.55,0
9804,8995888605,Verma,688,Jaipur Gramin,Male,31,1,9209343.7,1,0,1,3298172.55,0
9805,8114968837,Agarwal,644,Jaipur Gramin,Female,36,9,14189889.8,1,1,1,6162904.6,0
9806,8270987843,Sharma,653,Jaipur Gramin,Male,33,7,14838565.6,1,0,1,3735162.65,0
9807,8540507314,Rathore,670,Jaipur City,Male,35,9,6105493.9,1,1,1,5792063.2,0
9808,8402385252,Agarwal,659,Jaipur Gramin,Female,36,8,0,2,0,1,9280290.65,0
9809,8683517346,Sharma,604,Jaipur Gramin,Female,39,9,6525422.8,1,0,0,4099101.2,0
9810,8599651001,Singh,864,Jaipur Gramin,Female,39,1,8892214.65,1,1,0,5230766.55,1
9811,8017270712,Singh,734,Jaipur City,Male,27,10,0,1,1,0,8036314.8,0
9812,8471281541,Jat,654,Jaipur  Urban,Female,31,1,10958874.05,1,1,1,242250.85,0
9813,8076766220,Meena,726,Jaipur  Urban,Female,31,9,9430064.05,2,1,0,13896208,0
9814,8859802042,Paliwal,588,Jaipur City,Female,29,10,8436256.8,1,1,1,11018499.85,0
9815,8363881173,Agarwal,637,Jaipur Gramin,Male,36,1,0,2,0,0,11317013.9,0
9816,8205041371,Choudhary,605,Jaipur Gramin,Male,34,7,0,2,1,1,15986676.75,0
9817,8789729565,Rathore,652,Jaipur City,Male,48,8,0,2,1,0,14851990.5,0
9818,8470593267,Agarwal,708,Jaipur City,Female,30,5,0,2,0,1,6689502.55,0
9819,8773707619,Sharma,550,Jaipur Gramin,Male,31,7,0,1,1,0,16852871.8,0
9820,8391126273,Paliwal,644,Jaipur  Urban,Male,51,1,8898040.55,1,1,0,4697691.6,1
9821,8243544633,Choudhary,658,Jaipur  Urban,Female,45,5,10105356.75,1,0,0,4389119.5,0
9822,8961728035,Rathore,662,Jaipur City,Male,28,8,13330014.5,2,1,0,16851379.2,0
9823,8274033479,Choudhary,850,Jaipur  Urban,Male,39,3,10558439.05,1,0,1,14572600.6,0
9824,8831936428,Gupta,541,Jaipur Gramin,Female,26,2,12261974.2,1,1,0,4231197.15,0
9825,8904656361,Sharma,733,Jaipur  Urban,Male,26,9,10947458.55,1,1,0,1637274.25,0
9826,8895001073,Singh,440,Jaipur  Urban,Male,28,10,10736797.1,1,1,0,2749689.65,1
9827,8854036360,Aggarwal,827,Jaipur City,Female,40,4,0,2,1,0,11679192.95,0
9828,8692795261,Gupta,602,Jaipur City,Male,33,5,0,2,0,1,5443258.9,0
9829,8367395520,Rathore,571,Jaipur Gramin,Male,39,1,0,2,1,1,5849209.55,0
9830,8692589900,Rathore,581,Jaipur Gramin,Male,38,1,9804031.75,1,0,1,14758798.2,0
9831,8323072561,Verma,592,Jaipur Gramin,Male,32,6,8428794.65,1,1,0,10912649.35,0
9832,8660379598,Sharma,726,Jaipur  Urban,Female,48,1,13332091.05,2,1,1,8455455.75,1
9833,8744681503,Jat,594,Jaipur  Urban,Female,64,2,8987587.2,1,1,1,7644537.05,1
9834,8892276321,Jat,719,Jaipur  Urban,Female,41,1,17010009.6,2,1,0,8002099.75,0
9835,8718753834,Rathore,499,Jaipur Gramin,Female,46,6,5288044.65,1,0,1,14592958.1,1
9836,8638863228,Paliwal,886,Jaipur Gramin,Male,31,2,0,2,1,0,698951.6,0
9837,8914236766,Maheshwari,584,Jaipur Gramin,Male,39,10,0,2,1,1,14484803.25,0
9838,8520494413,Maheshwari,780,Jaipur Gramin,Male,38,5,12880254,1,1,1,3957187.75,0
9839,8103810869,Maheshwari,577,Jaipur  Urban,Male,39,1,10329498.35,1,0,0,13740721.75,1
9840,8241998093,Maheshwari,461,Jaipur Gramin,Male,41,5,0,1,1,1,6312724.75,0
9841,8510058415,Jat,571,Jaipur City,Male,26,8,0,2,0,1,2898590.1,0
9842,8713793334,Meena,560,Jaipur  Urban,Female,46,1,5800273.35,2,1,1,9313669.3,0
9843,8157001116,Singh,646,Jaipur City,Male,30,9,11628725.05,2,1,1,9064652.45,0
9844,8604976046,Verma,655,Jaipur  Urban,Male,24,0,7853836.8,1,1,1,1606269.65,0
9845,8008058430,Rathore,670,Jaipur Gramin,Female,40,5,12203120.2,1,1,1,16116655.35,0
9846,8027511826,Jat,588,Jaipur City,Female,38,9,0,2,1,1,12643763.6,0
9847,8601572698,Sharma,535,Jaipur City,Male,25,7,10856900.4,2,1,1,8948777.9,0
9848,8775145352,Jain,604,Jaipur Gramin,Female,34,9,0,2,1,0,14272889.75,0
9849,8422086244,Agarwal,623,Jaipur City,Female,38,10,10170971.65,1,1,1,734959.3,0
9850,8404248612,Aggarwal,694,Jaipur Gramin,Female,34,6,0,2,1,1,10590391.4,0
9851,8599359082,Maheshwari,431,Jaipur Gramin,Male,26,4,12739771.1,1,0,0,4251374.45,0
9852,8219078747,Khandelwal,685,Jaipur  Urban,Male,28,8,10188059.2,2,1,0,10660926.1,0
9853,8048514867,Maheshwari,481,Jaipur City,Male,43,6,8885325.4,1,0,0,6895505.15,1
9854,8632250552,Singh,743,Jaipur City,Male,37,10,12357521.85,1,1,0,6834730.15,0
9855,8769127127,Gupta,697,Jaipur City,Female,37,6,10304668.15,1,1,1,12441116.8,0
9856,8911307803,Paliwal,727,Jaipur City,Male,24,2,11991678.45,1,1,1,2074243.95,0
9857,8533849635,Jain,796,Jaipur  Urban,Female,32,1,9219580.25,2,1,0,5146957.4,1
9858,8692500851,Paliwal,739,Jaipur Gramin,Male,39,1,6005896.85,2,1,1,6500464.25,0
9859,8577782591,Gupta,488,Jaipur  Urban,Male,40,3,10208961.55,1,1,0,7826375.85,1
9860,8786562577,Meena,694,Jaipur  Urban,Male,55,4,11019987.35,1,1,1,15650633.5,1
9861,8742125912,Choudhary,810,Jaipur Gramin,Female,30,10,16242797.9,2,1,1,8174482.3,0
9862,8462312643,Sharma,533,Jaipur Gramin,Male,38,8,0,1,1,1,8347732.7,0
9863,8027895885,Choudhary,787,Jaipur Gramin,Male,27,8,0,2,1,1,13424283.75,0
9864,8174993574,Verma,788,Jaipur  Urban,Female,43,5,11171833.05,2,1,1,297281.55,1
9865,8471514201,Aggarwal,770,Jaipur  Urban,Male,33,1,11724725.75,1,1,1,4367903.5,0
9866,8492937479,Verma,589,Jaipur Gramin,Male,49,3,0,2,1,0,4260492.4,0
9867,8313652695,Rathore,680,Jaipur Gramin,Male,24,4,0,2,0,0,15328035.55,0
9868,8656168143,Jain,824,Jaipur Gramin,Male,32,4,0,2,1,1,1125309.05,0
9869,8102120147,Sharma,742,Jaipur Gramin,Female,43,0,7917188.15,1,1,0,14242163.1,0
9870,8911785230,Jain,505,Jaipur Gramin,Male,38,6,0,2,1,0,4373595.1,0
9871,8630981894,Rathore,608,Jaipur City,Male,40,1,9566278.25,1,1,1,1686588.7,0
9872,8659719673,Saini,640,Jaipur Gramin,Female,34,3,10457926.55,2,1,1,3256778.4,0
9873,8229222160,Jat,586,Jaipur City,Male,37,2,0,2,0,1,15964410.15,0
9874,8378640895,Gupta,749,Jaipur  Urban,Female,33,9,10138667.4,1,1,1,16757600.4,0
9875,8920618837,Maheshwari,744,Jaipur Gramin,Male,44,4,0,2,1,0,13895035.85,0
9876,8108242645,Jain,505,Jaipur Gramin,Male,39,7,0,2,0,1,55554.3,0
9877,8238708597,Maheshwari,624,Jaipur City,Male,36,7,14391581.2,1,1,0,3860197.65,0
9878,8894757439,Agarwal,486,Jaipur  Urban,Female,33,3,9053075.45,3,1,0,3862891.3,1
9879,8106035921,Rathore,754,Jaipur City,Female,43,8,10915071.85,1,0,1,11817066.35,0
9880,8339793207,Choudhary,463,Jaipur  Urban,Male,62,9,10060335.65,2,1,0,14282960.55,1
9881,8236577965,Saini,581,Jaipur  Urban,Male,42,3,11685726.05,1,1,0,2181873.5,0
9882,8503761326,Gupta,704,Jaipur City,Female,40,1,0,2,1,0,697625.6,0
9883,8666397134,Maheshwari,805,Jaipur Gramin,Male,50,3,8944526.2,1,1,1,1383942.8,1
9884,8944390244,Rathore,694,Jaipur Gramin,Male,41,2,12587489.35,1,1,0,1197065.2,0
9885,8233507855,Jain,781,Jaipur Gramin,Female,48,4,0,1,0,1,2564030.1,1
9886,8508139204,Saini,684,Jaipur Gramin,Male,33,8,10767773.65,1,1,1,3353342.65,0
9887,8783801601,Saini,690,Jaipur City,Male,31,2,7720232.95,2,1,0,5123023.95,0
9888,8489744255,Maheshwari,701,Jaipur City,Male,24,8,12204545.65,1,1,1,1914817.95,0
9889,8419055859,Sharma,644,Jaipur Gramin,Female,21,10,10685537,1,0,0,14881159.95,0
9890,8899536219,Verma,792,Jaipur City,Female,32,2,0,1,1,1,9738054.75,0
9891,8831581432,Saini,674,Jaipur City,Male,37,4,13190920.5,1,1,0,4159118,0
9892,8832987240,Khandelwal,696,Jaipur Gramin,Male,49,10,0,2,1,0,15895718.25,0
9893,8782123701,Meena,605,Jaipur City,Male,40,5,13213711.55,1,0,1,9654457.25,0
9894,8021878426,Paliwal,797,Jaipur Gramin,Female,40,9,8540845.05,1,1,0,10548133.65,0
9895,8933139742,Khandelwal,505,Jaipur Gramin,Female,77,6,0,2,1,1,4169598.5,0
9896,8003484840,Verma,701,Jaipur  Urban,Female,56,3,10844808.3,3,1,1,6850446.65,1
9897,8062786979,Paliwal,834,Jaipur Gramin,Female,40,2,8660743.5,1,1,1,15558813.1,0
9898,8066761774,Paliwal,694,Jaipur City,Female,61,8,0,2,1,1,13594799.7,0
9899,8721138730,Gupta,587,Jaipur Gramin,Male,38,4,0,1,1,0,8116095.8,1
9900,8308677952,Gupta,672,Jaipur City,Female,28,3,10959039.8,1,1,1,16835925.35,0
9901,8728167217,Gupta,655,Jaipur  Urban,Male,39,6,10342962.35,2,0,1,5252444.95,0
9902,8619776220,Gupta,727,Jaipur  Urban,Female,56,3,11866273.7,1,1,1,7342606.85,0
9903,8967216839,Meena,756,Jaipur Gramin,Female,27,7,0,2,1,0,12248455.8,0
9904,8027028920,Khandelwal,607,Jaipur Gramin,Female,36,10,0,2,0,1,13229524.1,0
9905,8838023311,Jain,708,Jaipur City,Female,36,10,7799609.35,1,1,1,11541719.9,0
9906,8122577785,Rathore,654,Jaipur  Urban,Male,41,2,7983650.5,1,1,0,10538481.9,1
9907,8921091099,Aggarwal,575,Jaipur Gramin,Female,38,4,14937845.6,1,1,1,16416096.75,0
9908,8175200085,Jain,457,Jaipur Gramin,Female,28,10,0,2,1,0,12343356.6,0
9909,8318510929,Saini,470,Jaipur  Urban,Male,45,9,14475078.4,2,0,0,14003053.85,0
9910,8805315349,Gupta,767,Jaipur Gramin,Male,58,2,8634238.8,1,1,1,6134325.05,0
9911,8607539752,Singh,629,Jaipur Gramin,Male,55,7,10097456,1,1,1,8076871.7,1
9912,8946131787,Verma,698,Jaipur Gramin,Male,44,3,9798995.5,1,0,0,2020144,0
9913,8419537554,Verma,721,Jaipur City,Female,34,6,9178331.45,1,1,1,10146852.9,0
9914,8896819032,Saini,742,Jaipur Gramin,Female,44,1,11378628.7,1,0,1,11819185.4,0
9915,8770489156,Rathore,475,Jaipur Gramin,Female,34,1,8731484.75,2,1,0,15371808.85,0
9916,8611795962,Agarwal,532,Jaipur City,Male,41,5,0,2,0,1,12238324.65,0
9917,8801818529,Agarwal,619,Jaipur City,Female,44,7,16423106.7,2,1,1,11678385.45,0
9918,8482305190,Aggarwal,642,Jaipur  Urban,Male,53,8,9945471.75,1,0,1,10509958.45,1
9919,8330493562,Khandelwal,662,Jaipur City,Male,31,1,11293320.15,1,0,0,13434631.65,0
9920,8294653513,Rathore,706,Jaipur Gramin,Male,26,0,0,2,1,0,8991712.25,0
9921,8405557998,Saini,694,Jaipur Gramin,Female,49,3,17383429.9,1,0,1,62804.8,1
9922,8621693176,Agarwal,788,Jaipur  Urban,Male,36,1,5554725.35,1,0,0,5485869.4,0
9923,8296960774,Agarwal,680,Jaipur Gramin,Male,36,8,11879034.75,1,1,0,6789048.6,0
9924,8568501604,Agarwal,750,Jaipur Gramin,Female,29,6,0,2,1,1,16216030.55,0
9925,8429558894,Choudhary,638,Jaipur  Urban,Female,50,5,9176548.15,1,1,1,593753.9,1
9926,8792670899,Singh,713,Jaipur Gramin,Female,38,5,16653743.15,1,1,1,7269441.4,0
9927,8776609467,Jain,844,Jaipur Gramin,Male,36,1,0,2,1,1,12696529.05,0
9928,8782187315,Meena,857,Jaipur Gramin,Female,31,6,7460664.2,1,1,0,16023898.25,0
9929,8175846094,Saini,613,Jaipur Gramin,Male,38,4,6036581,2,1,0,207764.65,0
9930,8166727913,Jat,786,Jaipur  Urban,Male,38,4,9443237.35,1,1,1,1679844.8,0
9931,8105863191,Sharma,390,Jaipur  Urban,Male,40,9,14176011,2,0,1,14674984.8,0
9932,8842304537,Jain,900,Jaipur Gramin,Female,34,6,8607653.35,1,1,0,2847668.3,0
9933,8990578044,Sharma,692,Jaipur City,Male,18,8,11457733.95,2,1,1,9763006.5,0
9934,8278392537,Rathore,836,Jaipur Gramin,Female,46,8,0,1,0,0,13826808.05,0
9935,8354456557,Paliwal,710,Jaipur  Urban,Female,43,10,10080050.55,1,1,1,13705540.25,1
9936,8947062105,Saini,762,Jaipur  Urban,Male,28,5,13638602.75,2,0,1,9771363.7,0
9937,8922604921,Paliwal,611,Jaipur Gramin,Male,77,1,0,1,0,1,1590244.6,0
9938,8206019081,Saini,720,Jaipur Gramin,Female,42,8,0,2,1,1,8950986.2,0
9939,8988891152,Sharma,511,Jaipur City,Female,36,5,7746235.3,1,0,0,4939495.35,0
9940,8567142644,Aggarwal,712,Jaipur City,Female,57,9,0,2,1,1,11517735.45,0
9941,8053578445,Sharma,778,Jaipur Gramin,Female,20,7,0,2,0,0,917355.7,0
9942,8834915073,Saini,668,Jaipur City,Male,36,8,0,2,0,1,10528646.55,0
9943,8911040111,Agarwal,767,Jaipur  Urban,Female,25,5,9614615.2,1,1,0,10980407.95,0
9944,8382010060,Aggarwal,821,Jaipur City,Male,23,2,0,1,1,1,582057.05,0
9945,8741684762,Paliwal,773,Jaipur  Urban,Male,41,7,16184793.9,2,1,1,11760725.8,0
9946,8597807048,Maheshwari,654,Jaipur Gramin,Male,44,10,0,2,0,1,14170113.7,0
9947,8650640966,Gupta,683,Jaipur Gramin,Female,33,9,0,2,0,1,9113787.55,0
9948,8014550703,Khandelwal,618,Jaipur Gramin,Male,34,1,7097764.35,2,1,1,6215585.05,1
9949,8038823113,Jat,749,Jaipur  Urban,Female,53,1,11873451.1,2,1,1,1097683.2,0
9950,8299604085,Choudhary,900,Jaipur Gramin,Female,47,9,11670658.95,1,1,0,3769900.45,0
9951,8878690312,Singh,630,Jaipur  Urban,Female,39,10,11036847.1,1,1,1,8197814.8,0
9952,8702112341,Maheshwari,642,Jaipur City,Male,46,8,0,2,1,1,5162828.6,0
9953,8426037270,Meena,749,Jaipur  Urban,Male,37,6,10666599,1,1,0,10078495.05,0
9954,8909580230,Gupta,540,Jaipur Gramin,Male,47,2,0,2,1,1,8249868.8,0
9955,8682416367,Verma,654,Jaipur Gramin,Male,45,6,13210496.85,1,0,1,293183.7,0
9956,8027518536,Sharma,737,Jaipur City,Male,29,4,0,2,1,1,3196501.5,0
9957,8923514906,Khandelwal,504,Jaipur Gramin,Female,46,10,7243411.85,1,1,0,9976409.2,1
9958,8978004951,Paliwal,640,Jaipur Gramin,Male,25,1,0,1,1,0,8550913.3,0
9959,8878722908,Jat,524,Jaipur Gramin,Male,37,6,0,1,1,1,1513205.7,0
9960,8315896912,Sharma,797,Jaipur City,Male,38,4,9656634.95,1,1,0,7743029.1,0
9961,8779570771,Paliwal,834,Jaipur  Urban,Female,33,9,8886981.2,1,1,1,10272575.55,1
9962,8956696774,Khandelwal,568,Jaipur City,Male,44,9,0,2,1,0,9105554.45,0
9963,8060050986,Singh,722,Jaipur City,Male,44,9,0,1,0,0,5032629.85,1
9964,8093653766,Sharma,768,Jaipur  Urban,Male,33,2,10754549.35,1,1,0,11633891.35,0
9965,8803692635,Gupta,455,Jaipur Gramin,Male,34,5,9995445.8,2,0,0,9631204.65,0
9966,8537019218,Agarwal,632,Jaipur  Urban,Female,33,4,7071919.25,1,0,0,13543469.05,0
9967,8881686462,Jain,455,Jaipur City,Male,35,4,10703283.3,1,1,1,1733442.4,0
9968,8490325075,Agarwal,628,Jaipur Gramin,Male,48,5,10069897.3,1,1,1,13480171.25,0
9969,8289849643,Maheshwari,494,Jaipur  Urban,Female,40,8,13050693.45,2,0,0,1963596.05,0
9970,8808312742,Choudhary,611,Jaipur Gramin,Male,41,6,0,1,0,1,9569741.15,0
9971,8862054695,Aggarwal,502,Jaipur Gramin,Male,42,7,12837299.25,2,1,0,10147075.6,0
9972,8151517830,Sharma,880,Jaipur Gramin,Female,34,3,12303903.85,1,0,0,14150188.85,0
9973,8420029893,Rathore,790,Jaipur Gramin,Male,26,4,13237879.6,1,1,0,14581921.7,0
9974,8970347800,Agarwal,613,Jaipur Gramin,Male,27,7,0,2,1,1,13385298.5,0
9975,8063861736,Singh,580,Jaipur Gramin,Male,33,7,10415208.1,1,1,0,1151685.4,0
9976,8877659194,Saini,612,Jaipur  Urban,Male,50,1,9686345.85,2,1,0,16704756.75,1
9977,8441854860,Jain,644,Jaipur Gramin,Female,33,7,8787113.85,1,1,0,7175681.3,0
9978,8614440935,Maheshwari,700,Jaipur Gramin,Female,32,9,0,2,1,1,2124313.2,0
9979,8994911573,Jat,809,Jaipur Gramin,Male,40,9,7906484.95,2,1,0,16286762.45,0
9980,8750045936,Paliwal,692,Jaipur Gramin,Female,58,1,7651942.25,1,0,1,254003.8,0
9981,8813673936,Rathore,769,Jaipur City,Male,35,6,6321576.65,1,0,0,8465631.95,0
9982,8446730095,Gupta,478,Jaipur  Urban,Male,42,3,12923374.5,1,1,1,4542839.45,1
9983,8205502805,Gupta,666,Jaipur  Urban,Female,46,7,11657335.2,1,1,0,9787444,1
9984,8591445601,Choudhary,616,Jaipur Gramin,Male,40,4,0,1,0,0,12862645.4,0
9985,8884402237,Choudhary,602,Jaipur  Urban,Male,35,7,7701205.7,2,1,1,4394109.85,0
9986,8971088647,Aggarwal,671,Jaipur Gramin,Male,36,6,10526526.65,2,1,0,8230805,0
9987,8305830512,Jain,688,Jaipur  Urban,Male,47,1,15604260.9,2,0,1,2894040.9,0
9988,8415417772,Saini,607,Jaipur City,Male,30,8,15326157.05,2,1,1,162724.85,0
9989,8209110673,Jat,810,Jaipur Gramin,Male,30,4,0,2,1,0,4193716.4,0
9990,8251541207,Saini,889,Jaipur City,Male,28,4,0,2,1,1,15252111,0
9991,8968137717,Verma,737,Jaipur  Urban,Male,33,3,2976411,1,1,0,4561701.8,0
9992,8165857083,Maheshwari,596,Jaipur Gramin,Female,53,4,7512402.85,1,1,0,5897700.35,1
9993,8293554025,Choudhary,751,Jaipur City,Male,36,2,0,1,1,0,16591354,0
9994,8550944513,Aggarwal,653,Jaipur Gramin,Male,28,7,13180134.85,1,1,0,2480259.2,0
9995,8880891585,Khandelwal,840,Jaipur Gramin,Female,29,2,0,2,0,0,14260751.75,0
9996,8964816218,Meena,805,Jaipur Gramin,Male,39,5,0,2,1,0,8183004.4,0
9997,8828993037,Sharma,499,Jaipur Gramin,Male,35,10,4876416.85,1,1,1,8644480.45,0
9998,8262448431,Sharma,731,Jaipur Gramin,Female,36,7,0,1,0,1,3577274.3,1
9999,8570122854,Khandelwal,806,Jaipur  Urban,Male,42,3,6381401.35,2,1,0,7895524.2,1
10000,8551977204,Meena,830,Jaipur Gramin,Female,28,4,11062137.15,1,1,0,3246216.3,0
